title,0
The Three Stooges,0
The General,1
The Best Years of Our Lives,2
His Girl Friday,3
In a Lonely Place,4
Stagecoach,5
It's a Wonderful Life,6
Detour,7
My Man Godfrey,8
Marihuana,9
Intolerance: Love's Struggle Throughout the Ages,10
The Stranger,11
The Phantom of the Opera,12
Tell Your Children,13
The Most Dangerous Game,14
Wuthering Heights,15
The Woman in the Window,16
"Steamboat Bill, Jr.",17
The Little Foxes,18
Stella Dallas,19
Dodsworth,20
Sands of Iwo Jima,21
The Pride of the Yankees,22
Things to Come,23
Cyrano de Bergerac,24
Scarlet Street,25
Made for Each Other,26
The Thief of Bagdad,27
D.O.A.,28
Jungle Book,29
Love Affair,30
The Bishop's Wife,31
Of Human Bondage,32
Our Town,33
The Little Princess,34
The Jackie Robinson Story,35
The Secret Life of Walter Mitty,36
The Strange Love of Martha Ivers,37
Flying Tigers,38
Lady Windermere's Fan,39
Dead End,40
Meet John Doe,41
The Outlaw,42
The Front Page,43
White Zombie,44
Bird of Paradise,45
The Lost World,46
49th Parallel,47
The Private Life of Henry VIII,48
The Southerner,49
Hangmen Also Die!,50
A Farewell to Arms,51
The Scarlet Letter,52
The Hunchback of Notre Dame,53
Tabu,54
The Big Lift,55
Why We Fight: Prelude to War,56
The Fighting Kentuckian,57
Santa Fe Trail,58
Dick Tracy,59
Woman on the Run,60
Life with Father,61
Nothing Sacred,62
Penny Serenade,63
He Walked by Night,64
Algiers,65
Louisiana Story,66
Jack London,67
Broken Blossoms,68
Dr. Jekyll and Mr. Hyde,69
The Pleasure Garden,70
Too Late for Tears,71
Trapped,72
Mother,73
Orphans of the Storm,74
Let There Be Light,75
The Red House,76
Robin Hood,77
The Hurricane,78
Payoff in the Pacific,79
The Memphis Belle: A Story of a Flying Fortress,80
The Cat and the Canary,81
These Three,82
Smash-Up: The Story of a Woman,83
Submarine Warfare,84
Impact,85
The Amazing Mr. X,86
The Green Hornet,87
College,88
The Devil Bat,89
A Song Is Born,90
What's My Line?,91
The Headless Horseman,92
Sherlock Holmes and the Secret Weapon,93
The Kennel Murder Case,94
The Woman in Green,95
Wonder Man,96
At War with the Army,97
Fear in the Night,98
San Pietro,99
Becky Sharp,100
Gulliver's Travels,101
The Inspector General,102
The Vampire Bat,103
Svengali,104
Pot o' Gold,105
My Favorite Brunette,106
Within Our Gates,107
Way Down East,108
Ghosts on the Loose,109
My Foolish Heart,110
Terror by Night,111
Till the Clouds Roll By,112
King of the Zombies,113
Our Daily Bread,114
Judge Priest,115
Angel and the Badman,116
That Uncertain Feeling,117
The Emperor Jones,118
The Mad Monster,119
The North Star,120
Revolt of the Zombies,121
Tulsa,122
Africa Screams,123
Bluebeard,124
Captain Kidd,125
Nazi Concentration Camps,126
A Fool There Was,127
Come and Get It,128
Tarzan of the Apes,129
Riders of the Whistling Pines,130
The Woman of the Town,131
Bowery at Midnight,132
Dressed to Kill,133
Little Lord Fauntleroy,134
The Last of the Mohicans,135
Sex,136
The Iron Mask,137
The Black Pirate,138
Air Eagles,139
Enchantment,140
Spooks Run Wild,141
"Swing High, Swing Low",142
Scared to Death,143
Alice in Wonderland,144
The Animal Kingdom,145
Glorifying the American Girl,146
Lady of Burlesque,147
Tarzan the Fearless,148
The Gorilla,149
Why We Fight: The Nazis Strike,150
Gung Ho!,151
Hop-a-long Cassidy,152
The Cheat,153
Three Came Home,154
Yellowstone,155
Blue Steel,156
Nancy Drew... Reporter,157
One Body Too Many,158
Sparrows,159
Hollow Triumph,160
Dishonored Lady,161
The Second Woman,162
Topper Returns,163
Quicksand,164
The Death Kiss,165
The Ape Man,166
The Amazing Quest of Ernest Bliss,167
The Great Rupert,168
They Made Me a Criminal,169
Midnight,170
The Great Flamarion,171
The Driftin' Kid,172
The Return Of Chandu,173
Suicide Squad,174
Stage Door Canteen,175
The Corpse Vanishes,176
Black Dragons,177
The Gang's All Here,178
Beyond Tomorrow,179
A Florida Enchantment,180
The Babe Ruth Story,181
Why We Fight: The Battle of Russia,182
Bulldog Drummond,183
The Eagle,184
Whistle Stop,185
Eyes of Texas,186
'Neath the Arizona Skies,187
Millie,188
Target for Tonight,189
The Capture,190
Attack in the Pacific,191
Under California Stars,192
Report from the Aleutians,193
The Marriage Circle,194
Loaded Pistols,195
Scrooge,196
Hoosier Schoolboy,197
Invisible Ghost,198
Li'l Abner,199
The Crystal Ball,200
Hearts of the World,201
Blind Husbands,202
"Salome, Where She Danced",203
Tom Brown's School Days,204
Chandu on the Magic Island,205
Not Wanted,206
Billy The Kid Returns,207
Blonde Ice,208
Robin Hood of the Pecos,209
High Lonesome,210
Angel on My Shoulder,211
The Princess and the Pirate,212
The Stolen Jools,213
City Without Men,214
Up in Arms,215
The Terror of Tiny Town,216
"$50,000 Reward",217
Sagebrush Trail,218
Murder by Television,219
A Shriek in the Night,220
The Milky Way,221
The Monster Walks,222
Raffles,223
Oliver Twist,224
The New Adventures of Tarzan,225
Lumberjack,226
Little Annie Rooney,227
The Patchwork Girl of Oz,228
The Ghost Walks,229
The Strange Woman,230
Jivin' in Bebop,231
Blood on the Sun,232
The Perils of Pauline,233
Happy Go Lucky,234
The Big Cat,235
Squadron of Doom,236
"Parlor, Bedroom and Bath",237
23 1/2 Hours Leave,238
The Pace That Kills,239
Dirty Gertie from Harlem U.S.A.,240
Fog Island,241
The Flying Deuces,242
True Heart Susie,243
Big News,244
Mr. Robinson Crusoe,245
The Painted Desert,246
Secret of the Wastelands,247
Blockade,248
Two Weeks to Live,249
Randy Rides Alone,250
Abilene Town,251
Port of New York,252
God's Step Children,253
Broadway to Cheyenne,254
One Exciting Night,255
Apology for Murder,256
Hi Diddle Diddle,257
Wild Weed,258
Love Laughs at Andy Hardy,259
The Fabulous Dorseys,260
The Hoosier Schoolmaster,261
Man With Two Lives,262
I Cover the Waterfront,263
The Desert Trail,264
Marie Galante,265
The Dawn Rider,266
The Admiral Was a Lady,267
White Pongo,268
The Rage of Paris,269
Why We Fight: The Battle of China,270
Never Fear,271
The Man Who Cheated Himself,272
Lucky Ghost,273
Redhead,274
Rocky Mountain Mystery,275
Rough Riders' Round-up,276
Fighting Mustang,277
Outpost in Morocco,278
The Sundowners,279
Rogue of the Range,280
Bill and Coo,281
Edge of Doom,282
Saleslady,283
The Cowboy and the Lady,284
The Sea Ghost,285
'Neath Canadian Skies,286
The Greeks Had a Word for Them,287
Mr. Wise Guy,288
Rawhide,289
Discarded Lovers,290
Tarzan's Revenge,291
Sabapathy,292
Condemned to Live,293
Calendar Girl,294
The Fabulous Joe,295
Outlaws of the Desert,296
The Wedding Night,297
Why We Fight: War Comes to America,298
Speak Easily,299
Mr. Bug Goes to Town,300
One Rainy Afternoon,301
Wide Open Town,302
Joan the Woman,303
My Pal Trigger,304
Indiscreet,305
The Son of Monte Cristo,306
Winterset,307
Border Patrol,308
'Neath Brooklyn Bridge,309
"Fanchon, the Cricket",310
Ghost Town,311
"Mr. Wong, Detective",312
Something to Sing About,313
Borderline,314
Mickey,315
Nurse Edith Cavell,316
Eternally Yours,317
This Is the Army,318
The Lucky Texan,319
Irish Luck,320
Ghost Patrol,321
Forbidden Jungle,322
Dark Alibi,323
"Sing, Sinner, Sing",324
Tanks a Million,325
Call of the Forest,326
Wagon Wheels,327
High School Girl,328
The Blood of Jesus,329
Vigilantes of Boomtown,330
Arrest Bulldog Drummond,331
Desert Gold,332
Phantom Killer,333
Guest in the House,334
Doll Face,335
Second Chorus,336
Niagara Falls,337
Saga of Death Valley,338
Sundown,339
Riders of Destiny,340
The Miracle Kid,341
The Adventures of Tartu,342
The Medicine Man,343
Let's Sing Again,344
A Study in Scarlet,345
That Gang of Mine,346
Nomads of the North,347
Dark Mountain,348
A Night at the Follies,349
Reaching for the Moon,350
Private Snuffy Smith,351
Hay Foot,352
The Star Packer,353
The Kid from Brooklyn,354
Under Western Stars,355
Fighting Mad,356
Hearts of Humanity,357
The Kansan,358
Bells of San Angelo,359
Dick Tracy Meets Gruesome,360
"Dance, Girl, Dance",361
Springtime in the Rockies,362
Riders of the Deadline,363
The Bold Caballero,364
Rhythm in the Clouds,365
British Intelligence,366
Tarzan and the Green Goddess,367
Western Mail,368
Man from Music Mountain,369
When's Your Birthday?,370
Monte Carlo Nights,371
To the Shores of Iwo Jima,372
Submarine Alert,373
Leather Burners,374
Delightfully Dangerous,375
Renfrew of the Royal Mounted,376
American Empire,377
My Dear Secretary,378
D-Day: The Normandy Invasion,379
Money Madness,380
Flying Blind,381
Sunny,382
Don Q Son of Zorro,383
The Fatal Hour,384
I Met My Love Again,385
The Devil to Pay!,386
Pride of the Bowery,387
Wildfire,388
The Silent Enemy,389
Bulldog Drummond's Bride,390
Meet the Boy Friend,391
Bar 20 Justice,392
Target for Today,393
The Great Gabbo,394
Sunset on the Desert,395
Winds of the Wasteland,396
The Kid Ranger,397
Sex Madness,398
Jungle Bride,399
The Courageous Avenger,400
"Come On, Tarzan",401
The Love Flower,402
Corregidor,403
Riders in the Sky,404
Dr. Kildare's Strange Case,405
A Strange Adventure,406
Bush Pilot,407
Western Gold,408
High Voltage,409
Colorado,410
The Panther's Claw,411
Sarumba,412
Broadway Limited,413
Fiesta,414
Stella Maris,415
The Big Wheel,416
Spirit of Youth,417
Breakfast in Hollywood,418
The Yellow Rose of Texas,419
Beyond the Purple Hills,420
Melody for Three,421
Rubber Tires,422
Hoppy Serves a Writ,423
The Old Barn Dance,424
Campus Knights,425
Lady from Chungking,426
Honeymoon Limited,427
The Woman I Lost,428
Combat America,429
Hillbilly Blitzkrieg,430
Lonely Wives,431
"A Boy, a Girl and a Dog",432
I Accuse My Parents,433
The Hurricane Express,434
Fangs of the Wild,435
The Man From Utah,436
Headin' Home,437
Navy Secrets,438
Bells of Rosarita,439
Born to Fight,440
Tumbleweeds,441
The Stork Club,442
San Fernando Valley,443
Trade Winds,444
Queen of the Amazons,445
Reckless Decision,446
Who Killed Doc Robbin?,447
Bulldog Drummond Escapes,448
State Department: File 649,449
Paradise in Harlem,450
Danger Street,451
The House of Secrets,452
Swamp Fire,453
The House Across the Bay,454
Behind Green Lights,455
Hidden Gold,456
Straight Shooter,457
Sons of New Mexico,458
Little Men,459
The Magnificent Rogue,460
The Extra Girl,461
Her Favorite Patient,462
Sunset Range,463
The Garden of Eden,464
There's Always Tomorrow,465
Dick Tracy vs. Cueball,466
Gambler's Choice,467
The White Gorilla,468
Behind Office Doors,469
365 Nights in Hollywood,470
Murder with Pictures,471
Little Men,472
A Romance of Happy Valley,473
In Old Caliente,474
Dick Tracy's Dilemma,475
Tomorrow at Seven,476
August Week End,477
Boys of the City,478
The Gunman From Bodie,479
Dr. Christian Meets the Women,480
Colonel Effingham's Raid,481
Dangerous Passage,482
The President's Mystery,483
Brothers of the West,484
My Lady of Whims,485
Riddle Ranch,486
In Old Cheyenne,487
West of the Law,488
The Shadow Strikes,489
Lying Lips,490
Three Men From Texas,491
Bowery Blitzkrieg,492
Merry-Go-Round,493
That Brennan Girl,494
The Mystery of Mr. Wong,495
Smart Alecks,496
The Sphinx,497
Gunsmoke Ranch,498
The Girl Who Came Back,499
The Blazing Sun,500
International Crime,501
The Green Promise,502
La Cucaracha,503
The Ranger and the Lady,504
From the Manger to the Cross,505
The Last of the Clintons,506
Let's Get Tough,507
South of Santa Fe,508
In Old Colorado,509
Flirting with Danger,510
Texas Jack,511
The Married Virgin,512
Klondike Fury,513
Lucky Terror,514
Girls in Chains,515
Wolf Call,516
When the Lights Go On Again,517
Dixiana,518
The Love Light,519
Young Dynamite,520
Madame Behave,521
Desperate Cargo,522
Diary of a Sergeant,523
Sunset Serenade,524
Paradise Canyon,525
My Dog Shep,526
Beau Revel,527
In the Money,528
The Underdog,529
Rainbow Valley,530
Paradise Island,531
Danny Boy,532
Crimson Romance,533
Little Tough Guy,534
Kept Husbands,535
Beware Of Ladies,536
Silks and Saddles,537
Headline Crasher,538
Minesweeper,539
Young Romance,540
Range War,541
The World Gone Mad,542
Sepia Cinderella,543
The Hairy Ape,544
Hearts in Bondage,545
The Phantom Broadcast,546
Belle of the Yukon,547
Danger Lights,548
Rolling Home,549
Renegade Trail,550
Tombstone Canyon,551
The Stilwell Road,552
The Love of Sunya,553
East Side Kids,554
Panhandle,555
Clancy Street Boys,556
The Return of Casey Jones,557
The Eye of Envy,558
Barefoot Boy,559
Kermit Maynard Collection (Whistling Bullets,560
Flying Wild,561
Let's Go Collegiate,562
Curley,563
People Are Funny,564
Men of the Plains,565
The Law Rides Again,566
The Pilgrimage Play,567
The Shadow Returns,568
Million Dollar Kid,569
Held For Ransom,570
They Raid by Night,571
By Appointment Only,572
Double Cross,573
The Thundering Herd,574
Lost Canyon,575
The Big Chance,576
Song of Texas,577
The Dawn Express,578
Down Texas Way,579
Nam Iruvar,580
Streamline Express,581
"Come on, Cowboys",582
Yodelin' Kid from Pine Ridge,583
For You I Die,584
Palooka,585
Crashin' Broadway,586
Fighting Fury,587
Cobra,588
Bill Cracks Down,589
The Duke Is Tops,590
Back Door to Heaven,591
Half Shot at Sunrise,592
The Drifter,593
Fighting Caravans,594
Dancing Pirate,595
Omoo-Omoo the Shark God,596
The Flaming Signal,597
The Bashful Bachelor,598
Texas to Bataan,599
M'Liss,600
Riding for Life,601
I'm from Arkansas,602
Southward Ho,603
Idaho,604
Colorado Kid,605
The Real Glory,606
Queen of the Yukon,607
Jaws of Justice,608
Spotlight Scandals,609
Rainbow Ranch,610
Jesse James at Bay,611
The Lady Refuses,612
The Royal Bed,613
Billy the Kid Trapped,614
Big Town After Dark,615
Badge of Honor,616
Manhattan Merry-Go-Round,617
"Parole, Inc.",618
Cattle Stampede,619
Hold That Woman!,620
Diamond Trail,621
Born to the West,622
Trail to San Antone,623
Dreaming Out Loud,624
Law of the North,625
Beware,626
Sinners in Paradise,627
Mason of the Mounted,628
Pirates on Horseback,629
Secret Valley,630
Wrangler's Roost,631
The Racketeer,632
Wildcat,633
Lights of Old Santa Fe,634
Rim of the Canyon,635
Shine On Harvest Moon,636
Devil's Playground,637
Crashing Through Danger,638
Adventure in Iraq,639
The Phantom of 42nd Street,640
Wallaby Jim of the Islands,641
No Man's Law,642
Death Valley Rangers,643
Boots and Saddles,644
Ella Cinders,645
Fast Bullets,646
The Cowboy and the Indians,647
Tracy the Outlaw,648
Racing Blood,649
The Devil's Party,650
Tunisian Victory,651
Prison Break,652
The Light of Western Stars,653
Emergency Landing,654
Heartbeat,655
Miss Polly,656
Buried Alive,657
The Gay Ranchero,658
Party Girl,659
Lady in the Death House,660
They Never Come Back,661
The Law of 45's,662
Molly and Me,663
The Judge,664
The Mystery of the Hooded Horsemen,665
Shore Leave,666
Wives Under Suspicion,667
Cheers For Miss Bishop,668
Nabonga,669
Untamed Fury,670
Sofia,671
Damaged Lives,672
The Lawless Frontier,673
Black Gold,674
West of Nevada,675
The Painted Trail,676
Convention Girl,677
Skull and Crown,678
Unholy Love,679
Six Shootin' Sheriff,680
Lost in the Stratosphere,681
Frontier Justice,682
The Road to Hollywood,683
Sonora Stagecoach,684
Phantom Ranger,685
Devil Riders,686
Ridin' On,687
The Old Corral,688
The Affairs of Anatol,689
Hong Kong Nights,690
Heroes in Blue,691
Career Girl,692
Fugitive of the Plains,693
Public Cowboy No. 1,694
Romance on the Range,695
Sky Racket,696
Daughter of the West,697
Riders of the Rockies,698
The Singing Cowgirl,699
Tough Kid,700
Heroes of the Alamo,701
Flames,702
Code of Honor,703
Man from Cheyenne,704
Boy of the Streets,705
Tornado,706
The Great Dan Patch,707
Postal Inspector,708
The Missing Corpse,709
Ghost-Town Gold,710
Frontier Pony Express,711
All Over Town,712
Guilty of Treason,713
The Silver Horde,714
Clearing the Range,715
Dynamite,716
Broken Dreams,717
Mr. Wong in Chinatown,718
Murder on Lenox Avenue,719
The Mandarin Mystery,720
Stagecoach to Denver,721
Ferocious Pal,722
Caryl of the Mountains,723
Invisible Enemy,724
Port of Hate,725
"Texas, Brooklyn & Heaven",726
Peculiar Pets,727
The Silver Trail,728
Custer's Last Stand,729
The Phantom in the House,730
Paradise Isle,731
Inside the Law,732
I Take This Oath,733
Death Rides the Range,734
"It's a Joke, Son!",735
Saddle Mountain Roundup,736
The Range Busters,737
"Go-Get-'Em, Haines",738
Fighting to Live,739
The Kid's Last Ride,740
The Vicious Circle,741
Adventures of Gallant Bess,742
What Price Crime,743
Slow as Lightning,744
The Fighting Renegade,745
Jaws of the Jungle,746
Green Eyes,747
West of the Divide,748
The Red Rope,749
Between Men,750
Call of the Rockies,751
Those We Love,752
Hit the Saddle,753
Road Show,754
City of Missing Girls,755
Peck's Bad Boy,756
Fisherman's Wharf,757
Hands Across the Border,758
The Reckoning,759
Song of the Gringo,760
Boys' Reformatory,761
Skyway,762
Feud of the West,763
Devil's Cargo,764
Symphony of Living,765
Buckskin Frontier,766
Streets of New York,767
Home in Oklahoma,768
North of the Border,769
Meet Dr. Christian,770
The County Fair,771
Country Gentlemen,772
The Far Frontier,773
Phantom of Chinatown,774
Cowboy and the Senorita,775
Paradise Express,776
A Demon for Trouble,777
Lady Behave!,778
Blazing Barriers,779
Outlaws of Sonora,780
Doomed to Die,781
Boy! What a Girl!,782
Riders of the Whistling Skull,783
Doomed Caravan,784
Ticket to Paradise,785
Souls of Sin,786
The Ramparts We Watch,787
Two Minutes to Play,788
Code of the Fearless,789
Oath of Vengeance,790
Sri Valli,791
Brooklyn Orchid,792
Affairs of Cappy Ricks,793
Border Phantom,794
Round-Up Time in Texas,795
Across the Plains,796
Death Valley,797
Son of the Navy,798
Cheyenne Rides Again,799
Northwest Trail,800
Today I Hang,801
Heart of the Golden West,802
En Manaivi,803
Trocadero,804
Gang Bullets,805
Springtime in the Sierras,806
Wall Street Cowboy,807
The Luck of Roaring Camp,808
"Ride 'em, Cowgirl",809
The Mystery Man,810
Timber War,811
Heart of the Rockies,812
Shadows,813
Indian Territory,814
Loser's End,815
The Irish Gringo,816
Phantom Rancher,817
Junction 88,818
The Last Round-up,819
Range Defenders,820
Highway 13,821
High Powered,822
Slightly Honorable,823
Sing Cowboy Sing,824
Law of the Pampas,825
Fugitive Valley,826
The Courageous Dr. Christian,827
Bank Alarm,828
Partners of the Plains,829
Bad Man of Deadwood,830
Dixie Jamboree,831
"Come On, Rangers",832
Make a Wish,833
Songs and Saddles,834
Down to the Sea,835
The Californian,836
They Meet Again,837
A Fool's Advice,838
Mule Train,839
Cheyenne Wildcat,840
Thunder Trail,841
The Sun Sets at Dawn,842
Nevada City,843
Vazhkai,844
Telephone Operator,845
Murder with Music,846
The Devil Horse,847
Brand of the Devil,848
Raiders of the Border,849
Sundown Saunders,850
Courage of the North,851
Private Buckaroo,852
In Old Santa Fe,853
Heartaches,854
Back Page,855
A Parisian Romance,856
Under Nevada Skies,857
Yukon Flight,858
Mad Youth,859
Simba: The King of the Beasts,860
When a Man's a Man,861
Law of the Timber,862
Northern Frontier,863
Law of the Jungle,864
Enemy of the Law,865
Down the Wyoming Trail,866
The Feud of the Trail,867
Wagon Trail,868
Bulldog Courage,869
All-American Co-Ed,870
Corsair,871
Outlaw Express,872
Appointment in Tokyo,873
Gangster's Boy,874
Daughter of the Tong,875
Captured in Chinatown,876
Beyond Bengal,877
King of the Stallions,878
Hurricane at Pilgrim Hill,879
Big Town Scandal,880
She Had to Choose,881
Up in the Air,882
Frontier Outlaws,883
Flaming Lead,884
Song of Arizona,885
Roarin' Lead,886
Sitting on the Moon,887
Gorilla Ship,888
Heading For Heaven,889
Uptown New York,890
The Great Mike,891
The Last Alarm,892
Pinto Rustlers,893
Swing Hostess,894
Here's Flash Casey,895
Wanderers of the West,896
Prison Shadows,897
Orphan of the Pecos,898
Sing Sing Nights,899
Custer's Last Stand,900
Blonde Comet,901
Clipped Wings,902
Young Fugitives,903
King of the Sierras,904
Shed No Tears,905
Cow Town,906
We're in the Legion Now,907
Shadow of Suspicion,908
Six-Gun Trail,909
Branded a Coward,910
Big Timers,911
Zis Boom Bah,912
The People's Enemy,913
King of the Newsboys,914
Pilot X,915
A Lawman Is Born,916
Man of Courage,917
Riders of the Desert,918
Gangsters of the Frontier,919
Mr. Reckless,920
Criminals Within,921
"Cosmo Jones, Crime Smasher",922
Murder at Midnight,923
The Trail Beyond,924
Arizona Bound,925
Trigger Pals,926
Step on It,927
Cheers of the Crowd,928
Silver Stallion,929
Love Takes Flight,930
Great God Gold,931
Easy Money,932
Timber Queen,933
The Big Sombrero,934
The Red Blood of Courage,935
Jacaré,936
Outlaw Trail,937
Water Rustlers,938
Man from Texas,939
The Dude Ranger,940
Hi-De-Ho,941
The Oklahoma Cyclone,942
I'd Give My Life,943
Arizona Whirlwind,944
Attack: The Battle for New Britain,945
Frontier Days,946
Captain Calamity,947
Aces and Eights,948
Grand Canyon Trail,949
Lawless Land,950
Young Frankenstein,951
I Love Lucy,952
Carrie,953
Raging Bull,954
The Conversation,955
Funny Girl,956
Three Days of the Condor,957
The Apartment,958
Harold and Maude,959
Invasion of the Body Snatchers,960
The Warriors,961
Jesus of Nazareth,962
Marathon Man,963
The Last Waltz,964
Mister Rogers' Neighborhood,965
Paper Moon,966
To Catch a Thief,967
Days of Heaven,968
The Poseidon Adventure,969
"It's a Mad, Mad, Mad, Mad World",970
The Greatest Story Ever Told,971
Escape From Alcatraz,972
Ordinary People,973
Paths of Glory,974
The Quiet Man,975
Lupin the Third,976
Barbarella,977
Charade,978
Dark Shadows,979
Charlotte's Web,980
Funny Face,981
NOVA,982
Sanford and Son,983
California Split,984
The Thomas Crown Affair,985
Maniac,986
Eyes of Laura Mars,987
Space Patrol,988
The Way of the Dragon,989
The Jeffersons,990
Fritz the Cat,991
The Town That Dreaded Sundown,992
The War of the Worlds,993
Blue Hawaii,994
Carnival of Souls,995
Heaven Can Wait,996
The Mechanic,997
Fist of Fury,998
The Eagle Has Landed,999
1900,1000
The Last Man on Earth,1001
When a Stranger Calls,1002
Guys and Dolls,1003
A Fistful of Dynamite,1004
Capricorn One,1005
Great Performances,1006
The Big Country,1007
X: The Man with the X-Ray Eyes,1008
Piranha,1009
Semi-Tough,1010
The Little Shop of Horrors,1011
Gardeners' World,1012
Little Big Man,1013
Exodus,1014
The 36th Chamber of Shaolin,1015
Diff'rent Strokes,1016
Futureworld,1017
The Dogs of War,1018
Belladonna of Sadness,1019
The Train,1020
The Longest Yard,1021
Battle of Britain,1022
Thunderbolt and Lightfoot,1023
Rowan & Martin's Laugh-In,1024
The Gumby Show,1025
10 Rillington Place,1026
Coffy,1027
The Last Tycoon,1028
The Danny Thomas Show,1029
House on Haunted Hill,1030
King Kong,1031
Messiah of Evil,1032
Investigation of a Citizen Above Suspicion,1033
Route 66,1034
Barabbas,1035
The Endless Summer,1036
Trilogy of Terror,1037
Beat the Devil,1038
The Shootist,1039
The Pajama Game,1040
The Lucy Show,1041
Foxy Brown,1042
Jabberwocky,1043
Planet of the Vampires,1044
The Earthling,1045
The King of Marvin Gardens,1046
Downhill Racer,1047
The Donna Reed Show,1048
Prophecy,1049
Damn Yankees,1050
Cockfighter,1051
My Name Is Nobody,1052
Boxcar Bertha,1053
Fat City,1054
The Hospital,1055
To All a Goodnight,1056
Fear and Desire,1057
The Man with the Golden Arm,1058
McLintock!,1059
Where the Red Fern Grows,1060
Deranged,1061
The World of Suzie Wong,1062
The Wild Geese,1063
The Ladies Man,1064
The Haunted Palace,1065
Watermelon Man,1066
The Hitch-Hiker,1067
Letter to Loretta,1068
Across 110th Street,1069
Lost Horizon,1070
The Secret Invasion,1071
The Angel Levine,1072
The Little Girl Who Lives Down the Lane,1073
Hondo,1074
Blacula,1075
Aparajito,1076
The Shooting,1077
"Race for Your Life, Charlie Brown",1078
Harry in Your Pocket,1079
The Owl and the Pussycat,1080
Lifeguard,1081
Black Sunday,1082
Dementia 13,1083
Five Fingers of Death,1084
Cinderella,1085
200 Motels,1086
The Unforgiven,1087
Mr. Majestyk,1088
Gator,1089
The Count of Monte-Cristo,1090
Rituals,1091
The Bat,1092
The Cheap Detective,1093
The Group,1094
Willard,1095
Emmet Otter's Jug-Band Christmas,1096
A Bucket of Blood,1097
Black Fist,1098
The Valachi Papers,1099
The Satanic Rites of Dracula,1100
Indiscretion of an American Wife,1101
How to Murder Your Wife,1102
Avanti!,1103
The Incredible Melting Man,1104
Eegah,1105
The Story of Adele H.,1106
The Shout,1107
Fun in Acapulco,1108
The Terror,1109
Here's Lucy,1110
Invasion of the Bee Girls,1111
New Year's Evil,1112
Nicholas and Alexandra,1113
The Hunter,1114
Night Tide,1115
The Brain That Wouldn't Die,1116
Suddenly,1117
They Call Me Mister Tibbs!,1118
Attack,1119
Born to Win,1120
Royal Wedding,1121
Salt of the Earth,1122
Cromwell,1123
Cul-de-sac,1124
The Comedy of Terrors,1125
The Naked Kiss,1126
Thunder Road,1127
The Front,1128
Never on Sunday,1129
Flower Drum Song,1130
The Killer Shrews,1131
The Duchess of Duke Street,1132
Kansas City Confidential,1133
Road to Bali,1134
The Trip,1135
Small Change,1136
Khartoum,1137
Chariots of the Gods,1138
The Big Brawl,1139
Thank God It's Friday,1140
The Bigamist,1141
Gas-s-s-s !,1142
Inside Moves,1143
QB VII,1144
Bobbie Jo and the Outlaw,1145
Alexander the Great,1146
"Easy Come, Easy Go",1147
Windows,1148
Private Property,1149
Daughters of Satan,1150
A Kiss Before Dying,1151
Queen of Blood,1152
Tales of Terror,1153
Death Ship,1154
Free to Choose,1155
The Snows of Kilimanjaro,1156
The Visitors,1157
Animalympics,1158
Electra Glide in Blue,1159
Cotton Comes to Harlem,1160
Schizoid,1161
For Pete's Sake,1162
The Angry Red Planet,1163
Dr. Goldfoot and the Bikini Machine,1164
Fun with Dick and Jane,1165
Sanford,1166
The Competition,1167
Cry of the Banshee,1168
The Hiding Place,1169
Don't Look in the Basement,1170
The Bed Sitting Room,1171
Beyond the Time Barrier,1172
The Tempest,1173
The Outsider,1174
The Last Time I Saw Paris,1175
Pal Joey,1176
She Gods of Shark Reef,1177
Lord Love a Duck,1178
Go for Broke!,1179
Robinson Crusoe,1180
Trapeze,1181
Madhouse,1182
Crime of Passion,1183
The Premature Burial,1184
C.C. and Company,1185
The Scalphunters,1186
Disraeli,1187
Puzzle,1188
Whoever Slew Auntie Roo?,1189
Savage Weekend,1190
I Don't Want to Be Born,1191
The Fast and the Furious,1192
The Magic Sword,1193
Moon of the Wolf,1194
Sergeant Dead Head,1195
J.D.'s Revenge,1196
"Gamera, the Giant Monster",1197
After the Fox,1198
Santa Claus Conquers the Martians,1199
Yancy Derringer,1200
Crippled Avengers,1201
The Hound of the Baskervilles,1202
The Legend of Lizzie Borden,1203
Strategic Air Command,1204
The Secret of Santa Vittoria,1205
Where the Lilies Bloom,1206
Breakout,1207
Demented,1208
Esther and the King,1209
The Amazing Mr Blunden,1210
Bela Lugosi Meets a Brooklyn Gorilla,1211
Jack Frost,1212
To Tell the Truth,1213
Mrs. Pollifax — Spy,1214
"If It's Tuesday, This Must Be Belgium",1215
Leo and Loree,1216
Warning From Space,1217
Mutiny,1218
Konga,1219
Constantine and the Cross,1220
RiffTrax: Dr. Who and the Daleks,1221
Park Row,1222
Blue Summer,1223
Thunderbird 6,1224
Doc,1225
Wuthering Heights,1226
The Screaming Skull,1227
Act of Vengeance,1228
The Westerner,1229
Black and White in Color,1230
Journey to the Center of Time,1231
Jack and the Beanstalk,1232
Twice-Told Tales,1233
Hollywood Without Make-Up,1234
"What Did You Do in the War, Daddy?",1235
C.H.O.M.P.S.,1236
The Proud Rebel,1237
Pajama Party,1238
Gog,1239
Attack of the Giant Leeches,1240
Concrete Cowboys,1241
I Walk the Line,1242
The Deadly Companions,1243
Joni,1244
Muscle Beach Party,1245
Clan of the White Lotus,1246
Joyride,1247
"Watch Out, We're Mad",1248
Signs of Life,1249
Monstrosity,1250
Messalina,1251
Mitchell,1252
Thomasine & Bushrod,1253
The Klansman,1254
Grave of the Vampire,1255
Harlow,1256
The Blue Gardenia,1257
Are You in the House Alone?,1258
Diary of a Madman,1259
Last Woman on Earth,1260
Three Guys Named Mike,1261
Doctor Blood's Coffin,1262
Message from Space: Galactic Wars,1263
The Bat People,1264
"Sheba, Baby",1265
Embryo,1266
The Werewolf of Washington,1267
Criminally Insane,1268
We Still Kill the Old Way,1269
Creature from the Haunted Sea,1270
Ambush Bay,1271
Savage Sisters,1272
Blood Bath,1273
The Wasp Woman,1274
Hans Christian Andersen,1275
Number One,1276
"Angel, Angel, Down We Go",1277
The Bermuda Triangle,1278
The Bloody Judge,1279
The Giant Gila Monster,1280
The Borrowers,1281
The Liberation of L.B. Jones,1282
Scream Blacula Scream,1283
Six Pack Annie,1284
Casey's Shadow,1285
The Vampire Happening,1286
Summer School,1287
Oklahoma Crude,1288
Snowbeast,1289
Mesa of Lost Women,1290
I Passed for White,1291
Distant Thunder,1292
Tormented,1293
The Torture Chamber of Dr. Sadism,1294
Killers from Space,1295
"Die, Monster, Die!",1296
Dr. Heckyl and Mr. Hype,1297
Riot on Sunset Strip,1298
A Matter of Time,1299
Ski Party,1300
The Basilisks,1301
All the Kind Strangers,1302
Hillbillys in a Haunted House,1303
Seven Alone,1304
Man in the Attic,1305
Blood and Lace,1306
Doomsday Machine,1307
Jump,1308
Beast from Haunted Cave,1309
Indestructible Man,1310
C.P.O. Sharkey,1311
Planet of Dinosaurs,1312
The Lady Vanishes,1313
The Amazing Transparent Man,1314
Card Sharks,1315
Martin Luther,1316
The Boy and the Pirates,1317
The Diamond Arm,1318
Hollywood My Home Town,1319
Voyage Into Space,1320
Dr. Goldfoot and the Girl Bombs,1321
The Beast of Yucca Flats,1322
Jessica,1323
The Happy Ending,1324
Stone Cold Dead,1325
Fitzwilly,1326
One of My Wives Is Missing,1327
The Disappearance of Flight 412,1328
Satan’s Triangle,1329
Voyage to the Planet of Prehistoric Women,1330
Disco Godfather,1331
Mademoiselle,1332
Nothing But the Night,1333
Anna Lucasta,1334
Just a Gigolo,1335
Please Murder Me,1336
Mind Over Murder,1337
Three in the Attic,1338
Night of the Bloody Apes,1339
The Monkey Hustle,1340
"Yongary, Monster from the Deep",1341
Gentlemen of Fortune,1342
The Christine Jorgensen Story,1343
Track of the Moon Beast,1344
Guess What We Learned in School Today?,1345
Here We Go Round the Mulberry Bush,1346
Anatomy of a Psycho,1347
The Spell,1348
I Bury the Living,1349
Bandhan,1350
The Godsend,1351
They Fought for Their Motherland,1352
Tomorrow's Joe 2,1353
Black Gunn,1354
Rosebud,1355
Evel Knievel,1356
James Dean,1357
Gamera vs. Barugon,1358
Hennessy,1359
Riders to the Stars,1360
"Daniel Boone, Trail Blazer",1361
Alabama's Ghost,1362
Iphigenia,1363
Sisters of Death,1364
Get Christie Love!,1365
The Lucifer Complex,1366
Finders Keepers,1367
Call Me Bwana,1368
The Beast of the Yellow Night,1369
The Creeping Flesh,1370
The Over-the-Hill Gang Rides Again,1371
Trishna,1372
Winterhawk,1373
Human Experiments,1374
The Glass House,1375
Hustling,1376
"Guru, the Mad Monk",1377
Carter's Army,1378
Sam's Song,1379
The Pied Piper of Hamelin,1380
Une Infinie Tendresse,1381
A Life at Stake,1382
Sinful Davey,1383
Maybe I'll Come Home in the Spring,1384
...And Your Name Is Jonah,1385
Huckleberry Finn,1386
Father's Little Dividend,1387
How to Stuff a Wild Bikini,1388
Beneath the 12-Mile Reef,1389
Operation Atlantis,1390
"Boy, Did I Get a Wrong Number!",1391
The New 3 Stooges,1392
Hands of a Stranger,1393
Moonfire,1394
"The Phantom from 10,000 Leagues",1395
Curse of the Black Widow,1396
The People,1397
Bikini Beach,1398
Thunder Alley,1399
The Wild Women of Wongo,1400
Never Wave at a WAC,1401
Supersonic Man,1402
"Exit the Dragon, Enter the Tiger",1403
Jail Bait,1404
Return to Paradise,1405
The Mouse on the Moon,1406
Borsalino and Co.,1407
The Fat Spy,1408
The Body Beneath,1409
Disaster on the Coastliner,1410
In the Year 2889,1411
The Intimate Stranger,1412
Outlaw Women,1413
Pray TV,1414
Family Enforcer,1415
Crash of Moons,1416
"High, Wild and Free",1417
The Over-the-Hill Gang,1418
Preacherman,1419
Abbott and Costello Christmas Show,1420
Below the Belt,1421
By Love Possessed,1422
Street People,1423
I'll Take Sweden,1424
The Wonderful Country,1425
The Slime People,1426
Shotgun,1427
Drums in the Deep South,1428
"Pussycat, Pussycat, I Love You",1429
The James Dean Story,1430
I Want You,1431
Gamera vs. Guiron,1432
The First Time,1433
Devil's Partner,1434
Gay USA,1435
Eight on the Lam,1436
Nizhal Nijamagirathu,1437
Mars Needs Women,1438
Carnival Story,1439
Record City,1440
The Pusher,1441
Popi,1442
Foreign Intrigue,1443
Cry Uncle!,1444
Malta Story,1445
Fearless Frank,1446
A Bullet for Sandoval,1447
Kid with the Golden Arm,1448
Beauty and the Beast,1449
The Billion Dollar Hobo,1450
I Eat Your Skin,1451
The Gatling Gun,1452
Stunts,1453
The River Niger,1454
Against a Crooked Sky,1455
Take a Giant Step,1456
The Purple Plain,1457
The Zoo,1458
The Californians,1459
The Astral Factor,1460
Flight from Ashiya,1461
The Ambassador's Daughter,1462
Voyage to the Prehistoric Planet,1463
Games of Desire,1464
Gamera: Super Monster,1465
Gun Fever,1466
The Manster,1467
High-Ballin',1468
I Dream of Jeanie,1469
Gunsight Ridge,1470
Seed of Innocence,1471
The White Bus,1472
Pharaoh's Curse,1473
The Alphabet Conspiracy,1474
No. 1 of the Secret Service,1475
Steel Arena,1476
The Expedition,1477
Battle of Blood Island,1478
The Bloody Vampire,1479
Mitzi & 100 Guys,1480
Goliath and the Dragon,1481
The Wicked Dreams of Paula Schultz,1482
The Tell-Tale Heart,1483
Mohawk,1484
The Revolutionary,1485
Run for the Sun,1486
Tarzan and the Trappers,1487
Scream Baby Scream,1488
The Mansion of Madness,1489
"Those Lips, Those Eyes",1490
Katherine,1491
New Faces,1492
The Black Godfather,1493
The Magnetic Monster,1494
Cause for Alarm!,1495
The Second Coming of Suzanne,1496
Kaala Patthar,1497
Starblack,1498
Leo the Last,1499
Alice of Wonderland in Paris,1500
The Mark of the Hawk,1501
Girl Gang,1502
Shaan,1503
Haseena Maan Jaayegi,1504
The New Daughters of Joshua Cabe,1505
The Painted Hills,1506
Winning of the West,1507
Curse of Bigfoot,1508
Gamera vs. Gyaos,1509
The Day That Shook the World,1510
Winner Take All,1511
Tattletales,1512
Beachhead,1513
Valerie,1514
Some Kind of a Nut,1515
Aaron Loves Angela,1516
Giants of Rome,1517
SST: Death Flight,1518
The Great St. Louis Bank Robbery,1519
War Italian Style,1520
Santa and the Three Bears,1521
Up in the Cellar,1522
The Jesus Trip,1523
"Superbug, Super Agent",1524
Jesse James' Women,1525
Karate Warriors,1526
"Namu, the Killer Whale",1527
Little Cigars,1528
For Those Who Think Young,1529
Paper Man,1530
Dostana,1531
Cafè Express,1532
The Battle of the Eagles,1533
May Morning,1534
Sign of the Gladiator,1535
"Bruce Lee: The Man, The Myth",1536
Murder in Mississippi,1537
40 Carats,1538
Kabhi Kabhie,1539
The Bride & The Beast,1540
The Green Glove,1541
Garden of the Dead,1542
Champion Joe,1543
Galatta Kalyanam,1544
"Congratulations, It's a Boy!",1545
The Big Caper,1546
Revolt of the Slaves,1547
Love Is a Funny Thing,1548
Fort Yuma,1549
Sawan Ko Aane Do,1550
Return to Treasure Island,1551
Chained for Life,1552
Creature of the Walking Dead,1553
Ride Out for Revenge,1554
Monster from Green Hell,1555
Yellowneck,1556
Dangerous Afternoon,1557
Of Cooks and Kung Fu,1558
The Wackiest Wagon Train In The West,1559
Home Town Story,1560
The Fighter,1561
Gasoline Alley,1562
"Bad, Black & Beautiful",1563
No Substitute for Victory,1564
The Ballad of Billie Blue,1565
"Pier 5, Havana",1566
Fun and Games,1567
Wacky Taxi,1568
Gamera vs. Zigra,1569
"Brother, Cry For Me",1570
Calcutta 71,1571
Hell's Belles,1572
Angels Die Hard,1573
Gamera vs. Jiger,1574
Sabaka,1575
Three Husbands,1576
Gli onorevoli,1577
Some of My Best Friends Are...,1578
Divorce His - Divorce Hers,1579
Escape from Angola,1580
Server Sundaram,1581
Eagles Attack At Dawn,1582
Gene Autry and the Mounties,1583
A Tattered Web,1584
It’s a Revolution Mother,1585
Bullets Don't Argue,1586
Adolf Hitler - My Part in His Downfall,1587
Doctor of Doom,1588
Bruce Lee Fights Back from the Grave,1589
Or Iravu,1590
The Legend of Valentino,1591
The Young Land,1592
Toto in Madrid,1593
Cry Blood Apache,1594
Kentucky Rifle,1595
Secrets of Three Hungry Wives,1596
The Joe Louis Story,1597
Gangster Story,1598
Apache Uprising,1599
The Sweet Sound of Death,1600
The Night They Took Miss Beautiful,1601
Vendetta,1602
Silver Dream Racer,1603
The Violent Years,1604
The Groom Wore Spurs,1605
The Big Chase,1606
Uncle Joe Shannon,1607
I motorizzati,1608
Aasai Mugam,1609
Major Chandrakanth,1610
Loan Shark,1611
The Luck of Ginger Coffey,1612
Imperial Venus,1613
Ashite Ashiona,1614
Out of It,1615
Sharks' Treasure,1616
Mixed Company,1617
A Real American Hero,1618
Mitzi,1619
The Savage Wild,1620
Massacre,1621
The McMasters,1622
Frontier Uprising,1623
The Devil's Eight,1624
Riot in Juvenile Prison,1625
Ginger in the Morning,1626
Man Beast,1627
One Way Pendulum,1628
Raiders of the Seven Seas,1629
Son Of The Renegade,1630
The Sharkfighters,1631
Dangerous Charter,1632
Monster from the Ocean Floor,1633
Mambo,1634
Whirlwind,1635
Hellgate,1636
"Ebony, Ivory & Jade",1637
Love Is a Ball,1638
Murder Once Removed,1639
Rajkumar,1640
Gun Duel In Durango,1641
The Tall Texan,1642
Acapulco Gold,1643
The Choppers,1644
Surrender - Hell!,1645
Mr. Superinvisible,1646
Underground,1647
The Stranger Who Looks Like Me,1648
The Black Tent,1649
Captain Scarlett,1650
"A Sensitive, Passionate Man",1651
Last of the Pony Riders,1652
Guerillas in Pink Lace,1653
The Dalton Girls,1654
Stolen Hours,1655
"Totò, Vittorio and the Doctor",1656
Portrait of an Escort,1657
Barbed Wire,1658
John Brown's Body,1659
Sunnyside,1660
The Intruder,1661
Blast-Off Girls,1662
Mitzi... The First Time,1663
Noorie,1664
Behave Yourself!,1665
Pati Patni Aur Woh,1666
Hollywood: The Great Stars,1667
Brothers O'Toole,1668
The Planter's Wife,1669
Zameer,1670
I Wonder Who's Killing Her Now?,1671
I Beheld His Glory,1672
Il padrone e l'operaio,1673
Revolt at Fort Laramie,1674
Coach of the Year,1675
Gallagher: An Uncensored Evening,1676
Gamera vs. Viras,1677
Suicide Commando,1678
Rajarajan,1679
Doosara Aadmi,1680
The Devil and Leroy Bassett,1681
Bandish,1682
En Kadamai,1683
The Missouri Traveler,1684
Goldtown Ghost Riders,1685
One Minute Before Death,1686
The Lady Says No,1687
The Windsplitter,1688
The White Orchid,1689
Napoleon Hill's Master Key,1690
Antony Firingee,1691
Thiruvarul,1692
Captain John Smith and Pocahontas,1693
House of the Black Death,1694
Rock 'n' Roll Revue,1695
Guns Don't Argue,1696
Incident on a Dark Street,1697
Naanum Oru Penn,1698
On Top of Old Smoky,1699
Sahodari,1700
Night of Red Wine,1701
Street of Shadows,1702
The Old West,1703
Face the Music,1704
The Four Deuces,1705
Little Moon And Jud McGraw,1706
La Cambiale,1707
She Waits,1708
Day of the Wolves,1709
The Racing Scene,1710
Fireball 500,1711
The Brass Legend,1712
Valley of Fire,1713
Mr. Imperium,1714
Gun Brothers,1715
Bruce Lee The Invincible,1716
They Call It Murder,1717
Black Angels,1718
Shadows in an Empty Room,1719
The Chinese Caper,1720
Anandha Jodhi,1721
"Mitzi... What's Hot, What's Not",1722
Prem Nagar,1723
The Proud and Damned,1724
Wetbacks,1725
Dangerous Assignment,1726
Kuladeivam,1727
Deya Neya,1728
Crime and Passion,1729
Pinkfong! Halloween Songs,1730
Ek Baar Kaho,1731
Terraces,1732
Anuraag,1733
The Loners,1734
The Lone Gun,1735
St. Benny the Dip,1736
The Walking Target,1737
The Police Dog Story,1738
Kansas Pacific,1739
"Life Is Tough, Eh Providence?",1740
Black Jesus,1741
Huk!,1742
Marshal of Cedar Rock,1743
My Outlaw Brother,1744
Lucy's Really Lost Moments,1745
Apache Country,1746
Captain Scarface,1747
Rebellion of the Hanged,1748
Champ vs. Champ,1749
Blockbusters,1750
Ramu,1751
Mission to Glory: A True Story,1752
Sawan Ki Ghata,1753
Love Island,1754
Pachai Vilakku,1755
Hills of Utah,1756
Karamoja,1757
Secret of Deep Harbor,1758
Outlaw's Son,1759
Oriental Evil,1760
Colorado Sundown,1761
Bad Charleston Charlie,1762
Amar Saheed Bhagat Singh,1763
Harichandra,1764
High School Caesar,1765
Karuppu Panam,1766
Thai Pirandhal Vazhi Pirakkum,1767
Annai,1768
Texans Never Cry,1769
Kaakum Karangal,1770
Journey to Freedom,1771
History of a Scoundrel,1772
Annaiyum Pithavum,1773
Daag,1774
New Mexico,1775
The Naked Hills,1776
Pack Train,1777
A Bomb Was Stolen,1778
Chhoti Bahu,1779
The Manchu Eagle Murder Caper Mystery,1780
Raiders of Old California,1781
Silver Canyon,1782
Bhalu,1783
Deiva Piravi,1784
Empire M,1785
Noose for a Gunman,1786
Nanak Dukhiya Sub Sansar,1787
Penn,1788
Hunters of the Deep,1789
Untamed Mistress,1790
Wagon Team,1791
Arriba las manos Texano,1792
Mitzi... Zings Into Spring,1793
Gunfighters of Abilene,1794
Visit to a Chief's Son,1795
Naalayak,1796
Sam Cade,1797
Saginaw Trail,1798
Kuzhandaiyum Deivamum,1799
Night Stage to Galveston,1800
Mitzi... A Tribute to the American Housewife,1801
Mitzi... Roarin' in the 20's,1802
Bhakta Prahlada,1803
The Kids in the Hall,1804
The Terminator,1805
Field of Dreams,1806
Bull Durham,1807
Dead Poets Society,1808
Steel Magnolias,1809
Thief,1810
Platoon,1811
The Color of Money,1812
Heathers,1813
Valley Girl,1814
Short Circuit,1815
Mr. Bean,1816
Bill & Ted's Excellent Adventure,1817
Blow Out,1818
Children of the Corn,1819
Weekend at Bernie's,1820
Over the Top,1821
"Good Morning, Vietnam",1822
Mr. Mom,1823
He-Man and the Masters of the Universe,1824
Highlander,1825
Wallace and Gromit,1826
Reading Rainbow,1827
Porky's,1828
Thomas & Friends,1829
Hellraiser,1830
Baywatch,1831
Taps,1832
Gleaming the Cube,1833
The Beast of War,1834
Mermaids,1835
Black Rain,1836
The Golden Child,1837
Some Kind of Wonderful,1838
On Golden Pond,1839
River's Edge,1840
House,1841
A Chorus Line,1842
The Beastmaster,1843
Hannah and Her Sisters,1844
Home and Away,1845
House of Cards,1846
The Purple Rose of Cairo,1847
She-Ra: Princess of Power,1848
Creepshow 2,1849
True Confessions,1850
Big Top Pee-wee,1851
Staying Alive,1852
Hellbound: Hellraiser II,1853
Voltron: Defender of the Universe,1854
Dead & Buried,1855
Cutter's Way,1856
Heartburn,1857
Birdy,1858
The Accused,1859
Gorky Park,1860
Broadway Danny Rose,1861
The Storyteller,1862
Hamburger Hill,1863
Bobby's World,1864
Evil Dead Trap,1865
Men at Work,1866
227,1867
Girls Just Want to Have Fun,1868
Miami Blues,1869
C.H.U.D.,1870
'Allo 'Allo!,1871
Hollywood Shuffle,1872
Harry & Son,1873
Graveyard Shift,1874
Young Sherlock Holmes,1875
Blue Thunder,1876
Creature,1877
Lionheart,1878
Thrashin',1879
Cheech & Chong's The Corsican Brothers,1880
Runaway,1881
Ninja III: The Domination,1882
"Elvira, Mistress of the Dark",1883
Tuff Turf,1884
Defence of the Realm,1885
Flowers in the Attic,1886
Johnny Be Good,1887
By Dawn's Early Light,1888
Lone Wolf McQuade,1889
Little Nemo: Adventures in Slumberland,1890
Solarbabies,1891
Skin Deep,1892
Pingu,1893
The Bold and the Beautiful,1894
Transylvania 6-5000,1895
Tall Tales & Legends,1896
The Video Dead,1897
A Chinese Ghost Story,1898
Cadillac Man,1899
Blind Fury,1900
The Bear,1901
Family Feud,1902
The Survivors,1903
Hospital Massacre,1904
Cannibal Women in the Avocado Jungle of Death,1905
Alley Cat,1906
Fireman Sam,1907
The Woman in Red,1908
The Adventures of Mark Twain,1909
Porky's II: The Next Day,1910
Hollywood Harry,1911
The Rift,1912
Alice,1913
Sheena,1914
Porky's 3: Revenge,1915
She,1916
Violets Are Blue,1917
Cousins,1918
Vietnam,1919
Alphabet City,1920
Full Moon High,1921
Cop,1922
Out of Bounds,1923
MadHouse,1924
Betrayed,1925
The Heavenly Kid,1926
Babar,1927
Warriors of the Year 2072,1928
Up the Creek,1929
Snow White,1930
Underworld,1931
Mussolini: The Untold Story,1932
Vicious Lips,1933
Demon City Shinjuku,1934
Alice in Wonderland,1935
The Siege of Firebase Gloria,1936
The Snowman,1937
Desmond's,1938
Island of Fire,1939
Red River,1940
Big Time,1941
Trouble in Mind,1942
Barbarosa,1943
April Morning,1944
Starflight One,1945
The Legend of the Stardust Brothers,1946
Criminal Law,1947
Screamtime,1948
The Aviator,1949
Tim Allen: Men Are Pigs,1950
The Chocolate War,1951
Hold the Dream,1952
The House Where Evil Dwells,1953
Dangerously Close,1954
Songwriter,1955
Nana,1956
Romantic Comedy,1957
The Brain,1958
The Strangeness,1959
Press Your Luck,1960
Dangerous Moves,1961
White Fire,1962
Beauty and the Beast,1963
Only When I Laugh,1964
Too Scared to Scream,1965
Red Headed Stranger,1966
Down Twisted,1967
Stepfather 2,1968
The Hound of the Baskervilles,1969
Lisa,1970
Terror at London Bridge,1971
Shaolin Temple,1972
Copper Mountain,1973
Savage Island,1974
Escape from the Bronx,1975
Until September,1976
Andrew Dice Clay: One Night with Dice,1977
Windrider,1978
Physical Evidence,1979
Timestalkers,1980
Land of Doom,1981
Chattahoochee,1982
The Unnamable,1983
Saint Seiya: Evil Goddess Eris,1984
The Big Town,1985
The Murder of Mary Phagan,1986
Michael Jordan's Playground,1987
The Adventures of Hercules,1988
Saint Seiya: Warriors of the Final Holy Battle,1989
The Inspector Wears Skirts,1990
Beer,1991
Steven Banks: Home Entertainment Center,1992
The Sign of Four,1993
Manhunt: Search for the Night Stalker,1994
Day of the Reaper,1995
After School,1996
A Breed Apart,1997
Terminal Exposure,1998
Edge of the Axe,1999
The Berlin Affair,2000
Gallagher: the Bookkeeper,2001
Night Feeder,2002
Act of Will,2003
Firehouse,2004
A Girl of the Limberlost,2005
Lute: Forge On or Die,2006
Ninja Robots,2007
Wild Geese II,2008
Stone Pillow,2009
In the Line of Duty 3,2010
Made in U.S.A.,2011
Detective School Dropouts,2012
Cameron's Closet,2013
The Ratings Game,2014
Thunder Alley,2015
Sugarbaby,2016
The Long Walk Home,2017
Grave Secrets,2018
Slam Dance,2019
The Canterville Ghost,2020
The Christmas Toy,2021
The Forbidden Dance,2022
Saint Seiya: Legend of Crimson Youth,2023
It Takes Two,2024
Battered,2025
The Undertaker,2026
Mata Hari,2027
A Matter of Sex,2028
Stronghold,2029
Queen of Hearts,2030
Moving Target,2031
The Last Days of Patton,2032
Agneepath,2033
The Key to Rebecca,2034
My Pet Monster,2035
Deep Dark Secrets,2036
Unmasking The Idol,2037
Sticky Fingers,2038
My First Love,2039
Glitch!,2040
Silsila,2041
Hell Squad,2042
Do You Remember Dolly Bell?,2043
Mr. North,2044
Hell Behind the Bars,2045
Céleste,2046
Inherit the Wind,2047
Aashiqui,2048
The Prisoner of Zenda,2049
Rosalie Goes Shopping,2050
"Out of Sight, Out of Mind",2051
Jealousy,2052
Predator: The Quietus,2053
Boy Takes Girl,2054
Old Gringo,2055
War Of The God Monsters,2056
Stoogemania,2057
Lighthouse Island,2058
Ninja Academy,2059
In Dangerous Company,2060
Firesign Theatre Presents 'Hot Shorts',2061
Ator IV: The Hobgoblin,2062
My Young Auntie,2063
Strike Commando,2064
Red Nights,2065
Bail Out,2066
Overkill,2067
Street of No Return,2068
The Right of the People,2069
Ministry of Vengeance,2070
Bridge to Silence,2071
The Assisi Underground,2072
A Chinese Ghost Story II,2073
Bloodbath in Psycho Town,2074
El Lute II: Tomorrow I'll Be Free,2075
How 2,2076
Jim Henson's Mother Goose Stories,2077
The Secret of the Ice Cave,2078
Monster Maker,2079
Crime Inc.,2080
Sounds of Silence,2081
Death of a Prophet,2082
Young Charlie Chaplin,2083
Dog City: The Movie,2084
METAL SKIN PANIC MADOX-01,2085
Creamy Mami: Forever Once More,2086
The Wizard of Loneliness,2087
Women of Valor,2088
The Census Taker,2089
Separate Ways,2090
City of Shadows,2091
Thee,2092
Young Love,2093
Tuareg: Desert Warrior,2094
Strike Commando 2,2095
The Next One,2096
Vetri Vizha,2097
Michael Jordan: Come Fly with Me,2098
Gallagher: Mad As Hell,2099
Den of Wolves,2100
Hotel Colonial,2101
GoShogun: The Time Étranger,2102
Super Password,2103
Twilight Time,2104
The Case of the Hillside Stranglers,2105
Calendar Girl Murders,2106
One More Saturday Night,2107
Baby Cat,2108
In the Custody of Strangers,2109
The Fist of Death,2110
Gallagher: Stuck in the 60's,2111
Razia Sultan,2112
The Swing,2113
Tusks,2114
Elayne Boosler: Party of One,2115
Foxfire Light,2116
Emma's War,2117
Little Sweetheart,2118
Tripwire,2119
Through Naked Eyes,2120
From Hollywood to Deadwood,2121
The Dark Avenger,2122
Jeevan Ek Sanghursh,2123
Carpool,2124
Marvin & Tige,2125
Living with Dinosaurs,2126
The Love She Sought,2127
Sawaal,2128
Mr. Bharath,2129
Brass,2130
Gallagher: Melon Crazy,2131
Rakhwala,2132
Enna Petha Raasa,2133
Muqaddar Ka Faisla,2134
Tohfa,2135
Herschel And The Music Of The Stars,2136
Lady in the Corner,2137
Slaying the Dragon,2138
"Slate, Wyn & Me",2139
Murder in Paradise,2140
Hitler's SS : Portrait In Evil,2141
Under Crystal Lake,2142
L.A. Crackdown,2143
Chandni,2144
Naane Raja Naane Manthiri,2145
Three Kinds of Heat,2146
Nagina,2147
Wild Zone,2148
Raja Chinna Roja,2149
Callie & Son,2150
Gallagher: Over Your Head,2151
Drop-Out Mother,2152
Revolt,2153
Insaaf Ki Awaaz,2154
Vijay,2155
Faasle,2156
Beverly Hills Madam,2157
Quilombo,2158
Shubha Bol Narya,2159
Bill Hicks: Sane Man,2160
Nadigan,2161
Azaad Desh Ke Gulam,2162
Bandivan Mi Ya Sansaari,2163
Duniya,2164
Maqsad,2165
Mashaal,2166
Foreign Body,2167
Nakhuda,2168
Babu,2169
The Perfect Match,2170
Flying Devils,2171
First Winter,2172
Mahapurusha,2173
Joe Dancer III: The Big Trade,2174
Premasathi Vattel Te,2175
Joe Dancer: The Big Black Pill,2176
COINTELPRO: The FBI's War on Black America,2177
Nalla Thambi,2178
Barsaat Ki Ek Raat,2179
Sivappu Malli,2180
Soorakottai Singakutti,2181
Amhi Doghe Raja Rani,2182
Joe Dancer II: The Monkey Mission,2183
Thartharat,2184
Pen Puthi Mun Puthi,2185
Sonthakkaran,2186
Ek Gadi Baaki Anadi,2187
Kadalora Kavithaigal,2188
You Talkin' To Me?,2189
What Comes Around,2190
Choices,2191
Shankar Guru,2192
Amma,2193
Project A-Ko 2: Plot of the Daitokuji Financial Group,2194
Nigahen: Nagina Part II,2195
Chhoto Bou,2196
Aakrant,2197
Thaimel Aanai,2198
The Haunting of Barney Palmer,2199
Pudhumai Penn,2200
The Wild Swans,2201
Vasanthi,2202
Fight for Life,2203
Gallagher: That's Stupid,2204
Samaritan: The Mitch Snyder Story,2205
A League of Their Own,2206
Office Space,2207
Survivor,2208
The Fifth Element,2209
SpongeBob SquarePants,2210
Titanic,2211
Con Air,2212
Buffy the Vampire Slayer,2213
Tombstone,2214
Pokémon,2215
The Gift,2216
"O Brother, Where Art Thou?",2217
Grosse Pointe Blank,2218
Fargo,2219
The Sixth Sense,2220
The Usual Suspects,2221
Armageddon,2222
Independence Day,2223
Farscape,2224
Sleepy Hollow,2225
Cast Away,2226
Unbreakable,2227
Braveheart,2228
The Real World,2229
Rushmore,2230
Enemy of the State,2231
Sonic Underground,2232
The Boondock Saints,2233
"Dude, Where's My Car?",2234
Mad About You,2235
The Virgin Suicides,2236
The Man from Snowy River,2237
Bound,2238
The Thomas Crown Affair,2239
Shakespeare in Love,2240
Blue's Clues,2241
Adventures of Sonic the Hedgehog,2242
Dead Again,2243
Rick Steves' Europe,2244
The Joy Luck Club,2245
Sliding Doors,2246
Fire in the Sky,2247
Bio-Dome,2248
Election,2249
GoldenEye,2250
Tank Girl,2251
Bill & Ted's Bogus Journey,2252
Arthur,2253
Ghost Stories,2254
Orlando,2255
Dora the Explorer,2256
Don't Be a Menace to South Central While Drinking Your Juice in the Hood,2257
Angel,2258
Pusher,2259
Shanghai Noon,2260
You Can Count on Me,2261
Species,2262
Courage Under Fire,2263
The City of Lost Children,2264
The Doors,2265
Small Soldiers,2266
Freeway,2267
Heavy Metal 2000,2268
Body of Evidence,2269
Soapdish,2270
Kiss the Girls,2271
Barney & Friends,2272
The Saint,2273
The Madness of King George,2274
Blown Away,2275
Nick of Time,2276
Kalifornia,2277
The Haunting,2278
George Carlin: You Are All Diseased,2279
Once Upon a Time in China,2280
Tales from the Cryptkeeper,2281
Secrets of the Dead,2282
American Buffalo,2283
Queer as Folk,2284
Hamish Macbeth,2285
Shaft,2286
The Indian in the Cupboard,2287
The Adventures of Tintin,2288
2 Days in the Valley,2289
Thinner,2290
Pokémon 3: The Movie - Spell of the Unown,2291
Forces of Nature,2292
Romper Stomper,2293
Living in Oblivion,2294
Spiral,2295
Bottom,2296
Zoboomafoo,2297
Croupier,2298
Eddie Izzard: Dress to Kill,2299
Eye for an Eye,2300
Fortress 2,2301
Rock-A-Doodle,2302
Blue Chips,2303
Mikey,2304
Barking Dogs Never Bite,2305
The Trench,2306
Regarding Henry,2307
Passion Fish,2308
Time Team,2309
Caillou,2310
Vampire in Brooklyn,2311
Street Fighter II: The Animated Movie,2312
Clifford the Big Red Dog,2313
Moesha,2314
The Royle Family,2315
"Sister, Sister",2316
Diggstown,2317
Double Impact,2318
Drowning Mona,2319
The Winslow Boy,2320
Fever Pitch,2321
Split Second,2322
Into Thin Air: Death on Everest,2323
Albino Alligator,2324
Not Without My Daughter,2325
Species II,2326
The Miracle Maker,2327
Call of the Wild,2328
It Had to Be You,2329
Dilwale Dulhania Le Jayenge,2330
Double Dragon,2331
Great Teacher Onizuka,2332
Intersection,2333
Left Behind: The Movie,2334
Rolie Polie Olie,2335
The Rage: Carrie 2,2336
Impromptu,2337
White Sands,2338
Sonic: Christmas Blast,2339
Kansas City,2340
Once Upon a Crime,2341
Wish Upon a Star,2342
Trois,2343
Jeremiah,2344
Wind,2345
Ground Force,2346
Wild Bill,2347
S.F.W.,2348
Kirikou and the Sorceress,2349
8 Heads in a Duffel Bag,2350
Jack Frost,2351
Murder Call,2352
Fist of the Red Dragon,2353
The Opposite of Sex,2354
Ivanhoe,2355
Monster Rancher,2356
Digging to China,2357
Autumn in New York,2358
The Big Comfy Couch,2359
Double Happiness,2360
Bananas in Pyjamas,2361
Space Truckers,2362
Face of Evil,2363
Gamera: Guardian of the Universe,2364
Snow Day,2365
Diabolique,2366
Turbulence,2367
Fluke,2368
Escape Clause,2369
Bill Hicks: One Night Stand,2370
The FBI Files,2371
Big Sky,2372
L.A. Without a Map,2373
Cruel Intentions 2,2374
The History of Tom Jones,2375
Big Eden,2376
Love Stinks,2377
The Extreme Adventures of Super Dave,2378
When Night Is Falling,2379
The Assignment,2380
Big Bully,2381
Two If by Sea,2382
Magic Knight Rayearth,2383
Black Robe,2384
The Love Letter,2385
Apollo 13: To the Edge and Back,2386
Lucy and Desi: A Home Movie,2387
The New Adventures of Peter Rabbit,2388
Mindwarp,2389
Silent Trigger,2390
Molly,2391
Incognito,2392
Little Men,2393
Bill Hicks: Revelations,2394
The King and I,2395
People Like Us,2396
The Three Stooges,2397
Sioux City,2398
Rupert,2399
Legend of the Red Dragon,2400
Bill Hicks: Relentless,2401
Breathing Fire,2402
Where the Day Takes You,2403
Bad Seed,2404
Sólo con tu pareja,2405
Grizzly Mountain,2406
Alice Through the Looking Glass,2407
Wilder Napalm,2408
"Dancer, Texas Pop. 81",2409
Kratts' Creatures,2410
The Ambassador,2411
The In Crowd,2412
Germinal,2413
Motorama,2414
Twenty Bucks,2415
Toxic Crusaders,2416
Daydream Believers: The Monkees Story,2417
Future Shock,2418
Rage and Honor,2419
The Million Dollar Hotel,2420
Jeffrey,2421
City of Joy,2422
Black and White,2423
Dogs with Extraordinary Jobs,2424
Ladybird Ladybird,2425
Kuch Kuch Hota Hai,2426
Beautiful,2427
Eddie Izzard: Definite Article,2428
Bedrooms and Hallways,2429
Once Upon a Time in China III,2430
For My Daughter's Honor,2431
The Great Indian Wars 1540-1890,2432
Molokai: The Story of Father Damien,2433
Tick Tock,2434
Slappy and the Stinkers,2435
Liz: The Elizabeth Taylor Story,2436
Intern,2437
Forever Mine,2438
Sahara,2439
Storm Chasers: Revenge of the Twister,2440
Unforgivable,2441
Desert Blue,2442
Fast Getaway,2443
"The Prize: The Epic Quest for Oil, Money & Power",2444
Mad at the Moon,2445
Grateful Dawg,2446
Gamera 3: Revenge of Iris,2447
The Myth of Fingerprints,2448
Hurricane Streets,2449
Stormswept,2450
A Woman Scorned: The Betty Broderick Story,2451
Mandela,2452
Badlanders,2453
Cover-Up,2454
The Omega Code,2455
Monarch,2456
Howling: New Moon Rising,2457
The Calling,2458
Eddie Izzard: Glorious,2459
Sins of Desire,2460
Contract Killer,2461
Iron Monkey 2,2462
Wilderness Love,2463
Priest,2464
Eddie Izzard: Unrepeatable,2465
The Changeling,2466
Last Resort,2467
Vegas in Space,2468
Serving in Silence: The Margarethe Cammermeyer Story,2469
Masterminds,2470
Tim Allen: Rewires America,2471
Swing Vote,2472
The Perez Family,2473
Without Consent,2474
Gen-Y Cops,2475
Children of the Night,2476
Camelot,2477
Annie: A Royal Adventure,2478
A Difficult Woman,2479
Evidence of Blood,2480
Killing Me Softly,2481
Joe the King,2482
Mohabbatein,2483
The Magic Voyage,2484
Sworn to Justice,2485
Nervous Ticks,2486
Black Easter,2487
The Wubbulous World of Dr. Seuss,2488
Jim Henson's The Storyteller: Greek Myths,2489
Past Midnight,2490
Harlem Aria,2491
Morning Glory,2492
The Process,2493
The Killer Eye,2494
"Love, Honour and Obey",2495
Race Against Time: The Search for Sarah,2496
High Risk,2497
Ice,2498
Omega Doom,2499
Falling For You,2500
Into His Arms,2501
The Fatal Game,2502
The Island on Bird Street,2503
Across the Moon,2504
Raja Hindustani,2505
Richard Jeni: Platypus Man,2506
Younger and Younger,2507
Stonewall,2508
The Tribe,2509
The Naked Truth,2510
The Bermuda Triangle,2511
Late Bloomers,2512
A Tale of Two Bunnies,2513
Gamera 2: Attack of Legion,2514
Once Upon A Christmas,2515
In the Blink of an Eye,2516
Against The Law,2517
The Peacock Spring,2518
The Marriage Fool,2519
The Boys of St. Vincent,2520
King Lear,2521
The Port of Last Resort,2522
Witchcraft 666: The Devil's Mistress,2523
Rain Without Thunder,2524
The Hunters,2525
Coimbatore Mappillai,2526
Angel Flight Down,2527
I Went Down,2528
Alien Intruder,2529
The Joyriders,2530
"Come On, Get Happy: The Partridge Family Story",2531
Grey Owl,2532
Love Letters,2533
Sharing the Secret,2534
"Me, Myself and I",2535
Solomon and Gaenor,2536
The Summer House,2537
Stormy Weathers,2538
Journey to the Center of the Earth,2539
Harlan County War,2540
The Luzhin Defence,2541
A Marriage of Convenience,2542
Veera,2543
The Return of Eliot Ness,2544
A Bucket of Blood,2545
Three Stooges: Family Album,2546
Severed Ties,2547
Marvin the Tap-Dancing Horse,2548
Salto al vacío,2549
Broken English,2550
Convict Cowboy,2551
Legion of Fire: Killer Ants,2552
McLeod's Daughters,2553
Once Upon a Time in China V,2554
Carolina Skeletons,2555
The Gardener,2556
Small Faces,2557
Dil To Pagal Hai,2558
Eat Your Heart Out,2559
Vows of Deception,2560
The Escape,2561
Nightjohn,2562
Volcano: Fire on the Mountain,2563
Till the End of the Night,2564
Outlaw Justice,2565
Gunaa,2566
White Lies,2567
The Shooter,2568
The Mystery of Chaco Canyon,2569
The Ride,2570
Deadly Vows,2571
Uzhaippali,2572
The Criminal Mind,2573
Have You Seen My Son,2574
Periya Kudumbam,2575
Fraternity Demon,2576
Outlaws: The Legend of O.B. Taggart,2577
Dilwale,2578
Darr,2579
Pat and Margaret,2580
World War II: When Lions Roared,2581
Red Ribbon Blues,2582
Angel in Training,2583
Cries from the Heart,2584
The Inspectors,2585
Murder in Mind,2586
Nostradamus,2587
The Adventurers,2588
Fatal Memories,2589
A Fatal Inversion,2590
Us,2591
Possessed,2592
The American,2593
Daar,2594
Doorways,2595
Steel Sharks,2596
Unishe April,2597
Silver Wolf,2598
Duplicate,2599
The Black Velvet Gown,2600
Absence of the Good,2601
Deadly Game,2602
Hellblock 13,2603
The Real Macaw,2604
Beta,2605
Rex the Runt,2606
Abandoned and Deceived,2607
Hammer Down,2608
Taqdeerwala,2609
Dark Prince: The True Story of Dracula,2610
The Hawk,2611
I've Got a Secret,2612
For Hope,2613
Do You Wanna Dance?,2614
Final Descent,2615
Stickin' Around,2616
Split Images,2617
The Patron Saint of Liars,2618
Vaanavil,2619
Pep Squad,2620
Meat,2621
Mind Games,2622
Another Pair of Aces: Three of a Kind,2623
The Nuttiest Nutcracker,2624
Lured Innocence,2625
Murder at My Door,2626
Horses of Suffield,2627
Her Married Lover,2628
Hum Aapke Dil Mein Rehte Hain,2629
The Long Island Incident,2630
First Target,2631
Too Close To Home,2632
Across the Line,2633
A Loss of Innocence,2634
Home Invasion,2635
Hard Promises,2636
Beautiful Joe,2637
Doli Saja Ke Rakhna,2638
A Chinese Ghost Story III,2639
Once Upon a Time in China IV,2640
Don't Leave Me This Way,2641
Terror in the Family,2642
Azhagan,2643
The Princess Castle,2644
After Miss Julie,2645
Absolute Strangers,2646
Sweet Deception,2647
Living in Fear,2648
Gumrah,2649
Deadly Family Secrets,2650
Lamhe,2651
The King's Guard,2652
The Dark Room,2653
Ring of Fire II: Blood and Steel,2654
A Holiday for Love,2655
Yeh Dillagi,2656
Every Breath,2657
Bright Hair,2658
King girl,2659
Go Now,2660
The Color of Love: Jacey's Story,2661
Richard Lewis: The Magical Misery Tour,2662
The Tales of Para Handy,2663
Dead On: Relentless II,2664
The Negotiator,2665
Where Sleeping Dogs Lie,2666
"Michael Landon, the Father I Knew",2667
The Michelle Apartments,2668
Next Door,2669
Timothy Goes to School,2670
Voices,2671
Sudden Terror: The Hijacking of School Bus #17,2672
The Fixer,2673
Joe & Joe,2674
The Black Candle,2675
Diljale,2676
The Mystery of the Sphinx,2677
Beauty Queen Butcher,2678
Blue moon,2679
Diana: Her True Story,2680
Hangfire,2681
The Night Before Christmas,2682
Timelock,2683
No Secrets,2684
Paper Dragons,2685
The Disappearance of Vonnie,2686
ATF,2687
The Christmas Elves,2688
Double Edge,2689
Broken Glass,2690
The Hands of a Madman,2691
The Widowing of Mrs. Holroyd,2692
Loving,2693
A Memory in My Heart,2694
A Monkey's Tale,2695
Ragin Cajun,2696
Aaina,2697
Salmonberries,2698
Cruel Train,2699
The Whereabouts of Jenny,2700
Liz: The Elizabeth Taylor Story,2701
The Heart Surgeon,2702
Je Suis A Stand-up – Eddie Izzard Abroad,2703
Da Hip Hop Witch,2704
Friends at Last,2705
Shutterspeed,2706
The Lost World,2707
We Wish You a Merry Christmas,2708
Rhythm,2709
Anari,2710
One Special Night,2711
La Cucaracha,2712
Little White Lies,2713
Address Unknown,2714
Brazen Hussies,2715
Tommy Davidson: Illin' in Philly,2716
Bambino Mio,2717
Selva,2718
"Mother, May I Sleep with Danger?",2719
Love The One You're With,2720
Genghis Cohn,2721
Yakov Smirnoff: From Moscow... Idaho,2722
Savage Land,2723
Where Truth Lies,2724
Kasak,2725
Assignment Berlin,2726
American Daughter,2727
Enakkoru Magan Pirappan,2728
Deathfight,2729
Kaadhalukku Mariyaadai,2730
Paradise Park,2731
Raasi,2732
Baby Brokers,2733
Vallal,2734
Yakov Smirnoff: Just Off the Boat,2735
Starforce,2736
The Precious Blood,2737
Putravati,2738
Late Flowering Lust,2739
Flowers of the Forest,2740
Silent Cries,2741
Nervous Energy,2742
Kottai Vaasal,2743
Baba Keno Chakar,2744
Biyer Phul,2745
Yakov Smirnoff: I Bet You Never Looked At It That Way!,2746
Acts of Defiance,2747
Rupaye Dus Karod,2748
Bidhilipi,2749
In Your Dreams,2750
Message for Posterity,2751
Labour of Love,2752
Dragon Half,2753
Never Say Never: The Deidre Hall Story,2754
Convergence,2755
Mugguru Monagallu,2756
Final Run,2757
Age of Treason,2758
Miracle in the Woods,2759
The Perfect Husband,2760
Fugitive Nights: Danger in the Desert,2761
One of Her Own,2762
Tributaries,2763
Oruvan,2764
Miracle on Interstate 880,2765
Mission of the Shark: The Saga of the U.S.S. Indianapolis,2766
Those Secrets,2767
Boy Meets Girl,2768
The Last House on the Street,2769
Write to Kill,2770
From the Files of Joseph Wambaugh: A Jury of One,2771
The Dark Angel: Psycho Kickboxer,2772
Kick of Death,2773
Prem Qaidi,2774
The Good Policeman,2775
Sin Bin,2776
Cold Enough for Snow,2777
Loyal Opposition,2778
Tempest Eye,2779
Utsab,2780
Sensitive New-Age Killer,2781
Bad Boy Blues,2782
Christmas on Division Street,2783
Tenderness,2784
Lovest,2785
Budget Padmanabhan,2786
Poor Liza,2787
Rag and Bone,2788
Summer in the Suburbs,2789
Staying Afloat,2790
Spirit Rider,2791
Gallagher: We Need a Hero,2792
Devil's Gold,2793
Gallagher's Sledge-O-Matic,2794
The Passion of the Christ,2795
Downton Abbey,2796
How I Met Your Mother,2797
House,2798
Scrubs,2799
Dexter,2800
Shrek,2801
Community,2802
Mamma Mia!,2803
Party Down,2804
Pineapple Express,2805
Psych,2806
The Proposal,2807
Apocalypto,2808
Monk,2809
DodgeBall: A True Underdog Story,2810
Taken,2811
(500) Days of Summer,2812
The Hitchhiker's Guide to the Galaxy,2813
District 9,2814
Peppa Pig,2815
Shrek 2,2816
Sonic X,2817
I Saw the Devil,2818
The Kids in the Hall: Death Comes to Town,2819
Sideways,2820
Pearl Harbor,2821
Knowing,2822
Open Range,2823
Road to Perdition,2824
Eureka,2825
The Inbetweeners,2826
Sweet Home Alabama,2827
The Curious Case of Benjamin Button,2828
America's Next Top Model,2829
Crank,2830
The Machinist,2831
Garth Marenghi's Darkplace,2832
Brothers,2833
Bubba Ho-tep,2834
Tell No One,2835
The Lovely Bones,2836
Cashback,2837
She's Out of My League,2838
The Fighter,2839
The Guardian,2840
Dear Zachary: A Letter to a Son About His Father,2841
Merlin,2842
The Girl with the Dragon Tattoo,2843
Crash,2844
Revolutionary Road,2845
Jeepers Creepers,2846
Shrek Forever After,2847
Garden State,2848
Between Two Ferns with Zach Galifianakis,2849
Under the Tuscan Sun,2850
Ghost World,2851
Black Dynamite,2852
Hitman,2853
Valkyrie,2854
Secret Diary of a Call Girl,2855
Bottle Shock,2856
We Were Soldiers,2857
Out of Time,2858
Prisoners of War,2859
The Poughkeepsie Tapes,2860
Date Night,2861
Elfen Lied,2862
Planet of the Apes,2863
"Legally Blonde 2: Red, White & Blonde",2864
Eagle vs Shark,2865
Chocolate,2866
JCVD,2867
Hardball,2868
Whitechapel,2869
Rake,2870
Paranormal Activity,2871
The Bank Job,2872
13 Assassins,2873
All Good Things,2874
Four Lions,2875
Hustle,2876
George Carlin: It's Bad for Ya!,2877
Eden Log,2878
Bad Girls Club,2879
Fearless,2880
Ugly Betty,2881
The Hot Chick,2882
London,2883
The World's Fastest Indian,2884
Jeepers Creepers 2,2885
The Collector,2886
Flightplan,2887
24 Hour Party People,2888
Windtalkers,2889
The Ugly Truth,2890
Ong Bak: Muay Thai Warrior,2891
Pootie Tang,2892
Saved!,2893
The Recruit,2894
Gold Rush,2895
The Girl Who Played with Fire,2896
Defendor,2897
Todd and the Book of Pure Evil,2898
The Way Back,2899
The Indian Doctor,2900
Biutiful,2901
Dinosaur Train,2902
The Ring Two,2903
Saving Face,2904
8 out of 10 Cats,2905
I Shouldn't Be Alive,2906
Tooth Fairy,2907
Republic of Doyle,2908
H2O: Just Add Water,2909
Paycheck,2910
The Namesake,2911
The Foot Fist Way,2912
Carriers,2913
Wallace & Gromit's Cracking Contraptions,2914
Totally Spies!,2915
"Yours, Mine & Ours",2916
Murphy's Law,2917
Game 6,2918
Soul Plane,2919
A League of Ordinary Gentlemen,2920
The Only Way Is Essex,2921
Great British Menu,2922
Spun,2923
Super Size Me,2924
180° South,2925
The Groomsmen,2926
Boys Over Flowers,2927
Meerkat Manor,2928
The Perfect Host,2929
I Love You Phillip Morris,2930
Be Cool,2931
Winx Club,2932
The Spy Next Door,2933
Dorian Gray,2934
Bloody Sunday,2935
Packed to the Rafters,2936
Win a Date with Tad Hamilton!,2937
Look: The Series,2938
Toradora!,2939
Dance Academy,2940
Who Is Harry Nilsson (And Why Is Everybody Talkin' About Him?),2941
The Joneses,2942
Tiptoes,2943
The Babysitters,2944
Lions for Lambs,2945
Pusher II,2946
Case 39,2947
The Warlords,2948
Deal or No Deal,2949
Bringing Down the House,2950
Charlie Bartlett,2951
Shaun the Sheep,2952
Serious Moonlight,2953
S&Man,2954
The Bernie Mac Show,2955
Victorian Farm,2956
Jesse Stone: Stone Cold,2957
Evangelion: 1.0 You Are (Not) Alone,2958
Jeremiah,2959
Ninja Scroll: The Series,2960
I Capture the Castle,2961
The Band's Visit,2962
The Triangle,2963
Holby Blue,2964
The Perfect Game,2965
Everest: Beyond the Limit,2966
Getting On,2967
Who Killed the Electric Car?,2968
The Ultimate Gift,2969
Cyberchase,2970
Underbelly,2971
The Diary of Anne Frank,2972
George Carlin: Life Is Worth Losing,2973
Evangelion: 2.0 You Can (Not) Advance,2974
Team Umizoomi,2975
Sleepover,2976
Sidewalks of New York,2977
The Reef,2978
The Game,2979
Breakfast on Pluto,2980
Dard Divorce,2981
Static,2982
Beauty and the Geek Australia,2983
The Vanquisher,2984
Zombie Strippers!,2985
Raging Phoenix,2986
Mesrine: Killer Instinct,2987
Fat Albert,2988
Nobody,2989
Pusher 3,2990
Harry Brown,2991
Slackers,2992
All or Nothing,2993
The Secret Life of Us,2994
Elvira's Haunted Hills,2995
Beyblade: Metal Fusion,2996
No Man's Land,2997
22 Bullets,2998
Lone Star State of Mind,2999
King Naresuan 1,3000
Brown Sugar,3001
Exiled,3002
Mr. Bean: The Animated Series,3003
Sid the Science Kid,3004
Freakonomics,3005
Rollerball,3006
Kenichi: The Mightiest Disciple,3007
Spirit,3008
Rose and Maloney,3009
Shine a Light,3010
The Legend of Bruce Lee,3011
Hatchet II,3012
I Could Never Be Your Woman,3013
Wheeler Dealers,3014
Jonestown: Paradise Lost,3015
I Do (but I Don't),3016
When You're Strange,3017
Always Greener,3018
WordWorld,3019
Joanna Lumley's Nile,3020
"Scotland, PA",3021
Donkey Punch,3022
Peep and the Big Wide World,3023
Ruby Gloom,3024
The Note II: Taking a Chance on Love,3025
Grizzly Rage,3026
YellowBrickRoad,3027
Pathology,3028
Merantau,3029
Beautiful Kate,3030
The Whistleblower,3031
Dynamite Warrior,3032
Dickie Roberts: Former Child Star,3033
Princess Tutu,3034
Hank and Mike,3035
Fame,3036
CQ,3037
The Quiet,3038
Middle Men,3039
Ladies in Lavender,3040
Clover Bend,3041
The Song of Lunch,3042
Intelligence,3043
In the Electric Mist,3044
Medabots,3045
Lake Placid 3,3046
Hyperdrive,3047
Twelve,3048
Cromartie High School,3049
Total Wipeout,3050
London Hospital,3051
Dying on the Edge,3052
Out of the Blue,3053
Do You Know Me,3054
Main Street,3055
King Naresuan 2,3056
Crime and Punishment,3057
The Garfield Show,3058
The Block,3059
Big Man Japan,3060
Strange Days at Blake Holsey High,3061
Powder Blue,3062
Class of the Titans,3063
Tortilla Soup,3064
Welcome Home Roscoe Jenkins,3065
MegaStructures,3066
Happily Ever After,3067
Serial Killers,3068
My Kid Could Paint That,3069
Faith of My Fathers,3070
Deuces Wild,3071
Love Liza,3072
Eloise at the Plaza,3073
Priceless,3074
House Of 9,3075
My Kitchen Rules,3076
Requiem from the Darkness,3077
Teachers,3078
Goya's Ghosts,3079
Young Lions,3080
Chaotic,3081
The Pearl,3082
Survival of the Dead,3083
Welcome to the Sticks,3084
The Turn of the Screw,3085
WordGirl,3086
Pucca,3087
Busytown Mysteries,3088
Angelina Ballerina,3089
Led Zeppelin: Dazed & Confused,3090
Mischievous Kiss,3091
Rampage,3092
Left Behind: World at War,3093
Peter & the Wolf,3094
Yu-Gi-Oh! 5D's,3095
Night of the Demons,3096
Ed Gein: The Butcher of Plainfield,3097
The Greatest,3098
Soviet Storm: WW2 in the East,3099
Casino Jack and the United States of Money,3100
The Surgeon,3101
The Saddle Club,3102
Surfwise,3103
Tenjho Tenge,3104
Osama,3105
Red Hill,3106
The Private Lives of Pippa Lee,3107
When Did You Last See Your Father?,3108
Chi's Sweet Home,3109
The Hottie & The Nottie,3110
Holy Rollers,3111
Sound of Noise,3112
Fetch! with Ruff Ruffman,3113
Is It Just Me?,3114
Mortuary,3115
Ultraseven X,3116
The Lost Battalion,3117
Meet Bill,3118
Girl 27,3119
The Roman Spring of Mrs. Stone,3120
Henry's Crime,3121
Kabhi Khushi Kabhie Gham,3122
The Mysteries of Pittsburgh,3123
A Turtle's Tale: Sammy's Adventures,3124
Lovecraft: Fear of the Unknown,3125
Carman: The Champion,3126
Millennium,3127
Croc,3128
Srugim,3129
Eloise at Christmastime,3130
Crazy on the Outside,3131
Reel Injun,3132
Supersize vs Superskinny,3133
Why We Fight,3134
Braceface,3135
Undertow,3136
Colour Me Kubrick,3137
Angel of Evil,3138
Every Little Step,3139
ItaKiss,3140
Modigliani,3141
M.I. High,3142
Japanese Story,3143
"Give 'em Hell, Malone",3144
Firefly,3145
The Crime of Padre Amaro,3146
Crooked House,3147
Lucy,3148
Jeff Dunham: Arguing with Myself,3149
Mail Call,3150
Land of the Blind,3151
The Cross: The Arthur Blessitt Story,3152
Soldier's Girl,3153
Martha Speaks,3154
Down Terrace,3155
Jane and the Dragon,3156
Stander,3157
He Loves Me… He Loves Me Not,3158
Mr. Warmth: The Don Rickles Project,3159
Dino Dan,3160
200 Pounds Beauty,3161
The Deep,3162
Outside the Law,3163
Me Without You,3164
99 francs,3165
Beowulf & Grendel,3166
Fear Factor,3167
Clifford's Really Big Movie,3168
Dhoom 2,3169
Jeff Dunham: Spark of Insanity,3170
Suck,3171
In the Time of the Butterflies,3172
Brick Lane,3173
One on One,3174
King Lear,3175
Wipeout,3176
Charlie & Boots,3177
The Howlin' Wolf Story: The Secret History of Rock & Roll,3178
High Kick Girl!,3179
Fugitive Pieces,3180
LOL (Laughing Out Loud),3181
Sea Beast,3182
Rain Shadow,3183
Brotherhood,3184
BloodRayne: The Third Reich,3185
A Dog's Breakfast,3186
Valkyrie: The Plot to Kill Hitler,3187
Let the Bullets Fly,3188
Strange Love,3189
The Good Night,3190
Ross Kemp: Middle East,3191
Astérix at the Olympic Games,3192
Mambo Italiano,3193
Eddie Izzard: Circle,3194
Inspector De Luca,3195
The Last Time,3196
Snobs,3197
Interview,3198
Jacob Two-Two,3199
Odette Toulemonde,3200
Wedding Daze,3201
Two Weeks,3202
Unfinished Sky,3203
Bed of Roses,3204
Tractor Ted,3205
Mao's Last Dancer,3206
Eddie Izzard: Stripped,3207
Scenes of a Sexual Nature,3208
The White Countess,3209
Horrid Henry,3210
Killer Movie,3211
Sunshine State,3212
Celebrity Paranormal Project,3213
Mr Harvey Lights a Candle,3214
The Somme,3215
Sunshine Hotel,3216
Greenfingers,3217
Girl/Girl Scene,3218
These Old Broads,3219
Hitler's bodyguard,3220
StreetDance 3D,3221
All at Sea,3222
The Life and Times of Juniper Lee,3223
Supa Strikas,3224
Crime Investigation Australia,3225
Assassination Tango,3226
Dhoom,3227
Rab Ne Bana Di Jodi,3228
Mega Disasters,3229
The War Bride,3230
An American Carol,3231
Believe: The Eddie Izzard Story,3232
Welcome to Paradise,3233
The Home Show (UK),3234
Loving Annabelle,3235
Man with the Screaming Brain,3236
Chak De! India,3237
The Inhabited Island,3238
Shottas,3239
Spider's Web,3240
Bitten,3241
Gleason,3242
Eddie Izzard: Live from Wembley,3243
Dark Matter,3244
Dr. Jekyll and Mr. Hyde,3245
Kart Racer,3246
Chicago Massacre: Richard Speck,3247
Veer-Zaara,3248
Honey and Clover,3249
Night Skies,3250
The Tiger's Tail,3251
Eddie Izzard: Sexie,3252
Alien Apocalypse,3253
Deal,3254
Gamera the Brave,3255
Vets In Action,3256
Wyvern,3257
Doug Stanhope: No Refunds,3258
Meadowlands,3259
Center Stage: Turn It Up,3260
Virginia,3261
Four Seasons Lodge,3262
Kid vs. Kat,3263
Special A,3264
The Last Days of Lehman Brothers,3265
Edwardian Farm,3266
Glass House: The Good Mother,3267
Tony n' Tina's Wedding,3268
Time Team America,3269
Beneath Hill 60,3270
Good Boy!,3271
Bleed,3272
Her Best Move,3273
The Final Season,3274
Fire from Below,3275
Filthy McNastiest: Apocalypse Fuck!,3276
The Note,3277
Chevolution,3278
Perfect Weapon,3279
The Cry of the Owl,3280
New York,3281
Kickin' It Old Skool,3282
Cruel Intentions 3,3283
The Job,3284
Half & Half,3285
I Know What I Saw,3286
The Wild Blue Yonder,3287
Horseland,3288
Zebraman,3289
The Best Things in the World,3290
Calvin Marshall,3291
Night of the Living Dead 3D,3292
The Perfect Stranger,3293
The Adventures of Greyfriars Bobby,3294
Byron,3295
Bhutto,3296
Everything's Rosie,3297
Nothing to Declare,3298
Timmy Time,3299
Brigham City,3300
Sex and the Teenage Mind,3301
Deceit,3302
Blue Gold: World Water Wars,3303
Silver City,3304
The Wisher,3305
Dil Chahta Hai,3306
P.S.,3307
DeVour,3308
Dark Legacy,3309
Army of the Dead,3310
"Glenn Martin, DDS",3311
Mister Maker,3312
Mulligans,3313
Technotise: Edit and I,3314
Countdown to Zero,3315
Grimm,3316
Raising Victor Vargas,3317
Amal,3318
The Bodyguard,3319
Devil's Diary,3320
The Merchant of Venice,3321
"Sandra, The Fairytale Detective",3322
Fireflies,3323
Second Chances,3324
An American Rhapsody,3325
The Cut,3326
"Surrender, Dorothy",3327
Amnesia,3328
Simon’s Cat,3329
Backwoods,3330
Britain's Best Drives,3331
Great World of Sound,3332
Mumbai Pune Mumbai,3333
Trouble at Timpetill,3334
Saint Ralph,3335
Dostana,3336
Chandramukhi,3337
The Trumpet Of The Swan,3338
The Tracker,3339
Whitney Cummings: Money Shot,3340
Don,3341
Lies in Plain Sight,3342
Rock On!!,3343
Eddie Izzard: Dress to Circle,3344
Rammstein: In Amerika - Live from Madison Square Garden,3345
Frankenfish,3346
Rocket Singh: Salesman of the Year,3347
Something Beneath,3348
The Hive,3349
Blood Into Wine,3350
Pajanimals,3351
The Moustache,3352
My Normal,3353
Hum Tum,3354
I'm with Lucy,3355
In the Spider's Web,3356
Pokémon Ranger and the Temple of the Sea,3357
Big B,3358
Mike Birbiglia: What I Should Have Said Was Nothing,3359
Recipe for Disaster,3360
Deserter,3361
Sebastian Live,3362
The Mangler Reborn,3363
Weather Girl,3364
Airline Disaster,3365
Chaw,3366
The Plague,3367
The Anna Nicole Smith Story,3368
My Wife Is A Gangster 3,3369
SciGirls,3370
Pot Zombies,3371
Gracie's Choice,3372
Chicago Overcoat,3373
Mahler on the Couch,3374
Bunty Aur Babli,3375
Walk on Water,3376
Straight Into Darkness,3377
Sweet Karma,3378
Clifford's Puppy Days,3379
Shake It All About,3380
The Elizabeth Smart Story,3381
Crazy,3382
Terror's Advocate,3383
Sinking of the Lusitania,3384
Mujhse Dosti Karoge!,3385
Graduation,3386
Kaal,3387
The Lost World,3388
Wedding Wars,3389
Crush,3390
Boa vs. Python,3391
Forbidden Secrets,3392
The Firm,3393
Design Squad,3394
Jack,3395
Dominick Dunne: After the Party,3396
Daphne,3397
Kal Ho Naa Ho,3398
The Border,3399
Trucker,3400
The Butcher,3401
Ice Spiders,3402
Amish Grace,3403
Spinning Boris,3404
Perfect Plan,3405
The War Within,3406
The Good Shepherd,3407
Last Call,3408
Seaside,3409
Faster,3410
Thiruda Thirudi,3411
Tashan,3412
LolliLove,3413
"Maradona, the Hand of God",3414
Snowbound,3415
Sweet Revenge,3416
Female Agents,3417
Megiddo: The Omega Code 2,3418
Vipers,3419
Breaking the Maya Code,3420
New York Goes to Hollywood,3421
Il commissario Manara,3422
Monster Island,3423
Alabama Moon,3424
The Elephant in the Living Room,3425
Sabretooth,3426
Rick Stein's Mediterranean Escapes,3427
Ihaka: Blunt Instrument,3428
Shadow Man,3429
Hansel & Gretel,3430
Kabhi Alvida Naa Kehna,3431
Gary Gulman: Boyish Man,3432
Chisholm '72: Unbought & Unbossed,3433
Piccadilly Jim,3434
Band Baaja Baaraat,3435
White Wedding,3436
Fanaa,3437
Incognito,3438
Forgiving Dr. Mengele,3439
Eye of the Beast,3440
Confession,3441
Border Blues,3442
Secrets of the Summer House,3443
Holy Land,3444
The Rage,3445
Black Widow,3446
Suicide,3447
Point of Entry,3448
Living with the Enemy,3449
Through the Looking Glass,3450
Noelle,3451
The Dark Lurking,3452
Savage Island,3453
Flight of Fury,3454
From Other Worlds,3455
Conspiracy,3456
Mike Epps: Under Rated & Never Faded,3457
Mazinkaizer SKL,3458
Mix Master,3459
Tayo the Little Bus,3460
Boss Engira Baskaran,3461
Black Dawn,3462
Loco Love,3463
Punch,3464
Terror at Blood Fart Lake,3465
The Breed,3466
Space Dogs,3467
Solo Mia,3468
The Girl from Monaco,3469
Inside Out,3470
Mega Shark vs. Crocosaurus,3471
Hawaiian Gardens,3472
Rubbadubbers,3473
A Perfect Day,3474
Classic Albums: Black Sabbath - Paranoid,3475
Runt,3476
All's Faire in Love,3477
Fireman Sam: The Great Fire of Pontypandy,3478
Under The Greenwood Tree,3479
Bodysnatchers of New York,3480
Smoke Screen,3481
Good Fences,3482
Jeff Dunham's Very Special Christmas Special,3483
Cass,3484
Bachna Ae Haseeno,3485
Honeymoon Travels Pvt. Ltd.,3486
The Rape of Nanking,3487
RiffTrax Live: House on Haunted Hill,3488
Shadow Puppets,3489
Touch of Pink,3490
Pablo Francisco: Ouch!,3491
Playing House,3492
Boynton Beach Club,3493
Primal Grill with Steven Raichlen,3494
Love Thy Neighbor,3495
A Beginner's Guide to Endings,3496
Rick Stein's Far Eastern Odyssey,3497
Ta Ra Rum Pum,3498
Mountain Patrol,3499
Betsy's Kindergarten Adventures,3500
homeMADE,3501
Partners,3502
Counter Investigation,3503
How to Eat Your Watermelon in White Company (and Enjoy It),3504
Crips and Bloods: Made in America,3505
Mutants,3506
New York Goes to Work,3507
The Hound of the Baskervilles,3508
Jhoom Barabar Jhoom,3509
Edge of America,3510
Hunting and Gathering,3511
Griefwalker,3512
"Jasper, Texas",3513
Aaja Nachle,3514
Mirageman,3515
Luck by Chance,3516
Postcards from Buster,3517
The Work and the Glory,3518
Tim Minchin: So F**king Rock Live,3519
Karthik Calling Karthik,3520
He Who Can't Marry,3521
Saathiya,3522
Haz conmigo lo que quieras,3523
American Soldiers,3524
Held Up,3525
Snog Marry Avoid?,3526
The Derby Stallion,3527
Christmas Child,3528
In Search of Mozart,3529
Crossing Hennessy,3530
Come Away Home,3531
Revenge of the Middle-Aged Woman,3532
Dirty Pictures,3533
The Last Lullaby,3534
Sam Cooke: Legend,3535
Get Thrashed,3536
The Yes Men,3537
Road Dogz,3538
Deep Freeze,3539
The Invisibles,3540
Save Me,3541
Christmas Do-Over,3542
Eternal,3543
Stella Street,3544
"Alonzo Bodden: Tall, Dark and Funny",3545
Little Secrets,3546
Dummy,3547
When a Man Falls,3548
Dead Man Running,3549
All Roads Lead Home,3550
Midnight Chronicles,3551
Passer By,3552
Lakshya,3553
The Sleeper,3554
All That Glitters,3555
The Engagement Ring,3556
ToddWorld,3557
Frankenstein,3558
You Belong to Me,3559
Love Lies Bleeding,3560
The Case for Christ's Resurrection,3561
The Private Life of Samuel Pepys,3562
Power Kids,3563
Hybrid,3564
Face Value,3565
Global Heresy,3566
Single White Female 2: The Psycho,3567
The Beckoning Silence,3568
Stranger with My Face,3569
The Coverup,3570
An Accidental Christmas,3571
Facing the Enemy,3572
Pale Blue Moon,3573
The Double Life of Eleanor Kendall,3574
Salaam Namaste,3575
A Class Apart: A Mexican American Civil Rights Story,3576
Amazing Detective Di Renjie,3577
The Wild Horse Redemption,3578
Wah-Wah,3579
Nightmare in Suburbia,3580
Brothel,3581
D.C. Sniper,3582
Stealing Sinatra,3583
Steve Byrne: The Byrne Identity,3584
Danny Bhoy: Subject to Change,3585
The Future Is Wild,3586
The Thing Below,3587
Pet Alien,3588
Carrie's War,3589
Last Chance Cafe,3590
Taking 5,3591
Life with Murder,3592
Eden Is West,3593
Arasu,3594
Va,3595
Street Warrior,3596
New Alcatraz,3597
Confessions of an Action Star,3598
Mystery of the Nile,3599
Three Roses,3600
Forgotten Ellis Island,3601
Skin,3602
Centipede,3603
Midwives,3604
First Shot,3605
Vacuuming Completely Nude in Paradise,3606
Juncture,3607
Mirror Image,3608
The Nativity,3609
Jaco Pastorius - Live and Outrageous,3610
Twice Upon a Christmas,3611
Superships,3612
Sunshine Barry & the Disco Worms,3613
Road to Ladakh,3614
Dive Olly Dive!,3615
My Friend Rabbit,3616
Fatal Contact: Bird Flu in America,3617
Deacons for Defense,3618
Skills Like This,3619
Wrangler: Anatomy of an Icon,3620
Ring of Darkness,3621
Mister Rogers & Me,3622
Long Lost Son,3623
I Saw Mommy Kissing Santa Claus,3624
Snakes and Earrings,3625
Irish Jam,3626
The Defender,3627
Venomous,3628
Crime Insiders,3629
Depth Charge,3630
Road,3631
Sinbad: Where U Been?,3632
King,3633
Chutney Popcorn,3634
The Evidence For Heaven,3635
Kabul Express,3636
Chief,3637
The Zookeeper,3638
Marilyn Hotchkiss' Ballroom Dancing & Charm School,3639
Blood Crime,3640
9/11 Phone Calls from the Towers,3641
My Name Is Nobody,3642
Flesh and Blood,3643
A Century of Black Cinema,3644
New World Order,3645
Laaga Chunari Mein Daag - Journey of A Woman,3646
Steep,3647
Ties That Bind,3648
The Da Vinci Code Deception,3649
Perfect Romance,3650
The Little Traitor,3651
Miss Nobody,3652
Come Dance at My Wedding,3653
Badmaash Company,3654
Friends & Crocodiles,3655
The Day Before Disclosure,3656
Abducted: Fugitive for Love,3657
Dil Bole Hadippa!,3658
Being Ian,3659
The Governor's Wife,3660
Something Like A Business,3661
The Absent,3662
Shadow Government,3663
Jack and Jill vs. The World,3664
Perilous,3665
Blackwater Valley Exorcism,3666
Ghost Town: The Movie,3667
The Missing Lynx,3668
Virginia's Run,3669
Basement Jack,3670
John Heffron: Middle Class Funny,3671
Paranormal,3672
3 Magic Words,3673
Nightstalker,3674
Sister Mary Explains It All,3675
Boston Strangler: The Untold Story,3676
The Yankles,3677
Mere Jeevan Saathi,3678
All Hat,3679
Kuch Tum Kaho Kuch Hum Kahein,3680
Off and Running,3681
Life on Fire,3682
All Babes Want To Kill Me,3683
Jigsaw,3684
Dancing at the Harvest Moon,3685
Writing the Dead Sea Scrolls,3686
The Capture of the Green River Killer,3687
Honeymoon with Mom,3688
A Crack in the Floor,3689
Fear Of Clowns,3690
The Dog Who Saved Christmas,3691
He Sees You When You're Sleeping,3692
Gospel of Deceit,3693
Closing Escrow,3694
The Fall of '55,3695
All Around The Town,3696
The Bodyguard 2,3697
Alag,3698
Born Equal,3699
Craig Shoemaker: The Lovemaster... Unzipped,3700
Manadhai Thirudivittai,3701
Thoda Pyaar Thoda Magic,3702
Yamada: The Samurai of Ayothaya,3703
Doc West,3704
Adventures of Power,3705
Thomas & Friends: The Great Discovery: The Movie,3706
John Denver - Rocky Mountain High,3707
You Belong to Me,3708
The Learning Curve,3709
Physical Graffiti: A Classic Album Under Review,3710
Crazy for Christmas,3711
Happy Hour,3712
The Shaolin Warriors,3713
Zaki Chan,3714
Scorpio Men on Prozac,3715
Truck Tunes,3716
Plan,3717
TV in Black: The First Fifty Years,3718
Michael McDonald: Model. Citizen.,3719
My Dad the Rock Star,3720
Ice Blues,3721
Mick Jagger: The Ultimate Performer,3722
Night Things,3723
Gang Warz,3724
Air Rage,3725
Living & Dying,3726
Insanitarium,3727
Baabul,3728
Too Late to Say Goodbye,3729
Jim Breuer: Let's Clear the Air,3730
Adam Ferrara: Funny As Hell,3731
Yakov Live on Broadway,3732
Lucky Day,3733
Walk By Faith,3734
Pyaar Impossible!,3735
The Companion,3736
The Invisible Chronicles,3737
Hollywood North,3738
UFO Ultramaiden Valkyrie,3739
Shadow Company,3740
Guardians of the Power Masks,3741
Pete Correale: The Things We Do For Love,3742
Mere Yaar Ki Shaadi Hai,3743
Problem Child: Leslie Jones,3744
True Blue,3745
Da Kink in My Hair,3746
Secret Lives,3747
Kaakha Kaakha,3748
Agathe Cléry,3749
Nat Turner: A Troublesome Property,3750
Ghosts of Goldfield,3751
Ring of Death,3752
Bloodthirst: Legend of the Chupacabras,3753
Gina Yashere: Skinny B*tch,3754
Don't Touch If You Ain't Prayed,3755
Paula's Home Cooking,3756
Mo'Nique: Behind Bars,3757
When I Was 12,3758
What's Up In Space: The Solar System For Kids,3759
Thamizh,3760
100 Kilos,3761
Attack of the Giant Leeches,3762
Greener Mountains,3763
Finding Dawn,3764
The Legend of Butch & Sundance,3765
A Haunting on Hamilton Street,3766
Shackles,3767
Caught Inside,3768
Guardians of the Lost Code,3769
Ablaze,3770
Zomblies,3771
Lafangey Parindey,3772
Dracula's Guest,3773
Before I Say Goodbye,3774
Suburban Nightmare,3775
Soundproof,3776
Bacterium,3777
Priyasakhi,3778
Coup!,3779
Spring 1941,3780
Salvage Code Red,3781
Phas Gaye Re Obama,3782
Breaking the Press,3783
Ru-Ba-Ru: For Now & Forever,3784
"Not Afraid, Not Afraid",3785
Brothers in Arms,3786
Love Simple,3787
Soul Assassin,3788
The First Monsoon Day,3789
Slaughterhouse of the Rising Sun,3790
Million Dollar Money Drop,3791
Wildfire 7: The Inferno,3792
Assassin's Vow,3793
My Dream Farm,3794
Torn,3795
Mitzi Gaynor: Razzle Dazzle! The Special Years,3796
The Star,3797
Prince Among Slaves,3798
Lockjaw: Rise of the Kulev Serpent,3799
Heavy Mental: A Rock-n-Roll Blood Bath,3800
Dil Hai Tumhaara,3801
Emerald Falls,3802
Janosik: A True Story,3803
Biblical Collector's Series,3804
Coast to Coast,3805
Netherbeast Incorporated,3806
Pattiyal,3807
Frame 313: The JFK Assassination Theories,3808
Missionary Man,3809
Blanc de Blanc,3810
UFOs: The Secret History,3811
Gasp!,3812
Trust Me,3813
Relative Chaos,3814
Hip Hop Immortals We Got Your Kids,3815
The Extraordinary Tale Of William Buckley,3816
Andy Kindler: I Wish I Was Bitter,3817
Aacharya,3818
Like Father Unlike Son,3819
Bobby Slayton: Born to Be Bobby,3820
American Drug War: The Last White Hope,3821
Fuchsia the Mini-Witch,3822
Cosmic Quantum Ray,3823
The Things We Carry,3824
KatieBird* Certifiable Crazy Person,3825
Stinger,3826
Bob Marley - Freedom Road,3827
Dheena,3828
Nic & Tristan Go Mega Dega,3829
Pak Pak Pakaak,3830
Murder.com,3831
Octopus Volcano,3832
More Sex & the Single Mom,3833
Devoured: The Legend Of Alferd Packer,3834
2001 NBA Champions: Los Angeles Lakers,3835
The Burial Society,3836
Razor Sharpe,3837
Som Tum,3838
Nick Baker's Weird Creatures,3839
Hoop Soldiers,3840
Dhruva,3841
Sitting Bull: A Stone in My Heart,3842
Gary Owen: Breakin' Out the Park,3843
On Strike for Christmas,3844
Little John,3845
The Silent Wrecks of Kwajalein Atoll,3846
Jamie Kennedy: Uncomfortable,3847
Somberi,3848
Razorteeth,3849
The Princess & the Marine,3850
Neal 'n' Nikki,3851
Hold,3852
Evil on Queen Street,3853
Pretend You Don't See Her,3854
"Inuuvunga: I Am Inuk, I Am Alive",3855
The Secret Diary of the Holocaust,3856
Raju Bhai,3857
Hanna's Gold,3858
"The Doctor, The Tornado & The Kentucky Kid",3859
Redeemer,3860
Case 219,3861
Corrado,3862
Crown Heights,3863
The Silent Army,3864
The House of Suh,3865
Striking Range,3866
Bahiru Pehlwan Ki Jai Ho,3867
UnAuthorized,3868
Bala,3869
My Ancestors Were Rogues and Murderers,3870
Spooky House,3871
Simha,3872
David Crowe: Crooked Finger,3873
What Makes a Family,3874
Cool Money,3875
A Taste Of Jupiter,3876
Hal Sparks: Charmageddon,3877
Trap,3878
The Little Nyonya,3879
Kiss My Act,3880
Ballistica,3881
Walter's War,3882
Money,3883
Top Secret Rosies: The Female 'Computers' of WWII,3884
Lesa Lesa,3885
Phoo Action,3886
Gaiir,3887
The Paradise Virus,3888
Death and Texas,3889
Nursery Rhymes,3890
The Busy Little Engine,3891
Tobruk,3892
The Search for the Real Mt. Sinai,3893
A Mother's Testimony,3894
A Mind Of Her Own,3895
The Prankster,3896
Thiru Thiru Thuru Thuru,3897
Banshiwala,3898
Evilution,3899
Rick Stein and the Japanese Ambassador,3900
My Captain Mr. Underground,3901
Madhoshi,3902
Sidekick,3903
Varnajalam,3904
Two Worlds Colliding,3905
Indian Comedy Tour,3906
Evan Straw,3907
Abomination: The Evilmaker II,3908
The Art of War III: Retribution,3909
The Substance of Things Hoped For,3910
Staten Island,3911
Raising Flagg,3912
Health,3913
Jeff Garcia: The Ten Dollar Ticket,3914
Miracle on the Mountain: The Kincaid Family Story,3915
Be Dune Saade Char,3916
Kana Kanden,3917
The King Maker,3918
Green-Eyed Monster,3919
Tartarus,3920
Khuda Kasam,3921
Beaten,3922
A Dot and a Line,3923
Music and Sounds with Bonnie Bear,3924
Luke and Lucy: The Texas Rangers,3925
Not Like Everyone Else,3926
Clay,3927
High: The True Tale of American Marijuana,3928
Men of the Deeps,3929
Reach for Me,3930
Woman City,3931
Confessions of an American Bride,3932
Insomnia Manica,3933
Pudhukottaiyilirundhu Saravanan,3934
Skate Or Die,3935
Open Five,3936
Determination of Death,3937
King B.'s Roost 1-2,3938
I Love Toy Trains - Baby Loves Trains,3939
Megaconda,3940
JFK's Women: The Scandals Revealed,3941
Blind Obsession,3942
World War II: Saving the Reality,3943
Man and Boy,3944
F-Stops,3945
Fun2shh... Dudes in the 10th Century,3946
Chashme Bahaddar,3947
D-Day: The Price Of Freedom,3948
The Stonecutter,3949
Lake City,3950
Me and the Mosque,3951
Dead Man's Cards,3952
Maayajaalam,3953
American Visa,3954
Blue/Orange,3955
Ripper 2: Letter from Within,3956
Air Power,3957
Crossing Arizona,3958
Ghost Month,3959
Don't Quit Your Gay Job,3960
Mythical Detective Loki Ragnarok,3961
Aga Bai Arecha,3962
Killer Tumbleweeds,3963
La omicidi,3964
Hee Porgi Kunachi,3965
The Minis,3966
Paula's Best Dishes,3967
Exit Speed,3968
Cutthroat Alley,3969
Kizhakku Kadarkarai Salai,3970
Seetharamudu,3971
A Christmas Snow,3972
Bali,3973
Di-Gata Defenders,3974
The World Inferno Friendship Society Documentary,3975
Chakwa,3976
Windcroft,3977
Llamando a un ángel,3978
Loyalty & Respect,3979
The Next Hit,3980
The Hold Steady: Castle Clinton,3981
Thavam,3982
Bhalobasar Anek Naam,3983
Lola & Virginia (volume 3),3984
Loni Love: America's Sister,3985
Maai Baap,3986
The Waiting List,3987
Team Picture,3988
Rain,3989
No Answer,3990
The Winter Warrior,3991
Thotti Jaya,3992
For One Night,3993
Refuge of Last Resort,3994
Klown Kamp Massacre,3995
Queen Victoria: Secrets of a Queen,3996
Vaanam Vasappadum,3997
Drive By,3998
Musafir,3999
Kutti Pisasu,4000
Bokya Satbande,4001
The Kims of Comedy,4002
My Girlfriend's Back,4003
Uladhaal,4004
Antardwand,4005
Jesus The Evidence,4006
Traci Townsend,4007
Get Ready for the UFC,4008
School Play,4009
Off the Lip,4010
Punnagai Poove,4011
The Big Black Comedy Show: Vol. 1,4012
Full 3 Dhamaal,4013
Ghetto Dawg,4014
Bombay Summer,4015
Annaya Attayachar,4016
Solar Flare,4017
My Father's Guests,4018
Virus Undead,4019
Feeding the Masses,4020
Totally Trucks Metal Monsters,4021
The Amazing World of War Machines,4022
Meaner Than Hell,4023
Brahmanandam Drama Company,4024
Waters Rising,4025
The Nutcrackers,4026
Martha of the North,4027
Mitti,4028
Higher Ed,4029
Loaded Dice,4030
Hotath Neerar Jonnyo,4031
Parentesi tonde,4032
The Man Who Knew Bush,4033
The $cheme,4034
Miracles in Our Midst,4035
Holy Cross,4036
A Distant Place,4037
Ivanov,4038
Explore the Wildlife Kingdom: Amazon: Secrets of the Golden River,4039
Bogyó és Babóca,4040
Nau Mahine Nau Divas,4041
Jury of Our Peers,4042
Pieces of a Dream: A Story of Gambling,4043
Grapes on a Vine,4044
Pledge of Allegiance,4045
The Gospel Live Concert,4046
Arc,4047
Flying Through Time,4048
Crusty Demons 14: A Bloodthirsty Saga,4049
Diwan,4050
Madurey,4051
The Awkward Comedy Show,4052
Jack Squad,4053
Restoration,4054
The Lie,4055
Ki: The Science of Internal Energy,4056
Rules of Love,4057
Ernest Cole,4058
Sarah's Room,4059
"Au Revoir, UFO",4060
The Owls,4061
Dive!,4062
A History of Black Achievement in America,4063
Tula Shikwin Changlach Dhada,4064
COMBO,4065
Those People,4066
Thathi Thavadhu Manasu,4067
Munnabhai S.S.C.,4068
Rock & Roll Won't Wait,4069
Madurai Sambavam,4070
Body Blow,4071
Nala Damayanthi,4072
Hope Ranch,4073
Michael Loftus: You've Changed,4074
The Real Lost World,4075
Thiruttu Payale,4076
Technological Marvels of the Ancient World,4077
"Peek-A-Boo, I See You!",4078
Line of Duty,4079
Suits,4080
American Horror Story,4081
Zero Dark Thirty,4082
Skyfall,4083
Prometheus,4084
Jack Reacher,4085
Workaholics,4086
Killer Joe,4087
We Need to Talk About Kevin,4088
Teen Wolf,4089
Key & Peele,4090
Grimm,4091
Lincoln,4092
Chronicle,4093
Daniel Tiger's Neighborhood,4094
Friday Night Dinner,4095
Flight,4096
Cosmopolis,4097
Battleship,4098
Jiro Dreams of Sushi,4099
The Deep Blue Sea,4100
The Brass Teapot,4101
Red Dawn,4102
Psycho-Pass,4103
Catfish: The TV Show,4104
Wild Kratts,4105
The Watch,4106
Magic City,4107
Primeval: New World,4108
The Paradise,4109
Bubble Guppies,4110
Ninjago: Masters of Spinjitzu,4111
The Devil's Rock,4112
Disconnect,4113
Age of Heroes,4114
Cedar Rapids,4115
The Dictator,4116
The Artist,4117
Moone Boy,4118
God Bless America,4119
Robot & Frank,4120
This Means War,4121
The Guilt Trip,4122
Beasts of the Southern Wild,4123
Red Tails,4124
Inbred,4125
Mayor Cupcake,4126
The Woman,4127
The Collection,4128
Mr. D,4129
Iron Sky,4130
The Secret of Crickley Hall,4131
Fresh Meat,4132
Injustice,4133
The Crusades,4134
A Thousand Words,4135
Get the Gringo,4136
Paranormal Activity 3,4137
I Wish,4138
Paranormal Activity 4,4139
Public Enemies,4140
Tim and Eric's Billion Dollar Movie,4141
Gadget Man,4142
Sushi Girl,4143
An American Ghost Story,4144
Comic Book Men,4145
24 Hours in A&E,4146
Fake or Fortune?,4147
White Tiger,4148
Blackthorn,4149
A Year in the Wild,4150
360,4151
Red Dog,4152
Retreat,4153
Love & Hip Hop Atlanta,4154
Superbook,4155
Evangelion: 3.0 You Can (Not) Redo,4156
Lore,4157
Arctic Air,4158
Tooth Fairy 2,4159
Not Fade Away,4160
Angels Crest,4161
Seven Days in Utopia,4162
The Tall Man,4163
The Double,4164
Pointless Celebrities,4165
Why They Sank Titanic,4166
Sinbad,4167
Shakespeare Uncovered,4168
Drug War,4169
Thin Ice,4170
Wild Boys,4171
Secret State,4172
The Fades,4173
Act Naturally,4174
Stitches,4175
Apartment 143,4176
Casting By,4177
23:59,4178
Keep the Lights On,4179
The Woman Who Wasn't There,4180
Threesome,4181
Bad Ass,4182
Bel Ami,4183
Hunderby,4184
The Baytown Outlaws,4185
Division III: Football's Finest,4186
Storage 24,4187
Truth or Dare,4188
Gordon Behind Bars,4189
On Death Row,4190
Cloudburst,4191
Transit,4192
Cyberbully,4193
Inside Men,4194
41,4195
Azorian: The Raising of the K-129,4196
Bear's Wild Weekend with...,4197
Eames: The Architect and the Painter,4198
Fugget About It,4199
Yu-Gi-Oh! Zexal,4200
Ron White: A Little Unprofessional,4201
Empresses in the Palace,4202
Bob and the Monster,4203
Interview with a Hitman,4204
Shaolin,4205
The Ultimate Civil War Series,4206
Diana Vreeland: The Eye Has to Travel,4207
The Sleeper,4208
Small Apartments,4209
Love's Kitchen,4210
Out in the Dark,4211
Khloé & Lamar,4212
Shaun the Sheep Championsheeps,4213
Love & Hip Hop New York,4214
The Resident,4215
Ritual,4216
The Lion of Judah,4217
The Night Watch,4218
Imaginary Friend,4219
Hummingbirds: Jewelled Messengers,4220
Any Day Now,4221
The Selling,4222
Tim Minchin and the Heritage Orchestra: Live at the Royal Albert Hall,4223
FDR: American Badass!,4224
Munger Road,4225
Panic Button,4226
The Bleak Old Shop of Stuff,4227
"Tad, the Lost Explorer",4228
A Mile in His Shoes,4229
Legend of the Millennium Dragon,4230
Guess How Much I Love You,4231
Ferocious Planet,4232
Gary Gulman: In This Economy?,4233
A Turtle's Tale 2: Sammy's Escape from Paradise,4234
Now Is Good,4235
Eddie Izzard: Live at Madison Square Garden,4236
Girl Model,4237
Eden,4238
Monsieur Lazhar,4239
Iceberg Slim: Portrait of a Pimp,4240
Surviving Progress,4241
Hick,4242
Pramface,4243
Roadie,4244
National Lampoon's The Legend of Awesomest Maximus,4245
The Bang Bang Club,4246
Kaijudo: Clash of the Duel Masters,4247
Something from Nothing: The Art of Rap,4248
Christmas Lodge,4249
Extracted,4250
Under the Boardwalk: The Monopoly Story,4251
Cross,4252
Ek Tha Tiger,4253
Rites of Passage,4254
Everything and Nothing,4255
Maria Bamford: The Special Special Special!,4256
Bloody Bloody Bible Camp,4257
Little Baby Bum,4258
Shock and Awe: The Story of Electricity,4259
Revenge for Jolly!,4260
Tom Green: Live,4261
"The Man Nobody Knew: In Search of My Father, CIA Spymaster William Colby",4262
Inventions That Shook the World,4263
Wipeout Canada,4264
Elfie Hopkins,4265
Of Two Minds,4266
We Were Children,4267
Stealing Paradise,4268
Black Gold,4269
Nazi Underworld,4270
Jab Tak Hai Jaan,4271
The Oyler House: Richard Neutra's Desert Retreat,4272
Exit Humanity,4273
Still Mine,4274
The Story of the Bee Gees,4275
Zombie Warz: Falls the Shadow,4276
Don 2,4277
The Philly Kid,4278
Brave 10,4279
Naughty or Nice,4280
Vito,4281
Jeff Dunham: Minding the Monsters,4282
Jeff Dunham: Controlled Chaos,4283
Crawl,4284
Paris by Night,4285
Idaho: The Movie,4286
17 Miracles,4287
Color Crew,4288
HOUBA! On the Trail of the Marsupilami,4289
Talaash,4290
Justice for Natalee Holloway,4291
U.F.O.,4292
Chad Daniels: As Is,4293
Vampire Dog,4294
Escape,4295
Hattie,4296
El Gringo,4297
Scaredy Squirrel,4298
National Lampoon's Snatched,4299
Lucky Fred,4300
The Falls,4301
Mike the Knight,4302
Wandering Eye,4303
Jelly Jamm,4304
Requiem For The Damned,4305
Knockout,4306
Memorial Day,4307
The Flaw,4308
The Cat in the Hat Knows a Lot About Christmas!,4309
Scientology: The Science of Truth or the Art of Deception?,4310
Make Believe,4311
A Christmas Wedding Date,4312
Saints and Soldiers: Airborne Creed,4313
Doors Open,4314
Mankatha,4315
The Dog Who Saved Halloween,4316
Titeuf,4317
Bananas in Pyjamas,4318
World's Most Dangerous Roads,4319
The Perfect Wedding,4320
My Name Was Bette: The Life and Death of an Alcoholic,4321
Dawn Rider,4322
Clockwork Orange County,4323
Tom Wilson: Bigger Than You,4324
Picture Day,4325
Detentionaire,4326
Orchestra of Exiles,4327
Punky,4328
No Surrender,4329
Hide Away,4330
16 Acres,4331
Gloriavale,4332
Can't Stand Losing You: Surviving The Police,4333
Recoil,4334
Crash Canyon,4335
Muni 2: Kanchana,4336
Alonzo Bodden: Who's Paying Attention,4337
Gila!,4338
The Dragon Pearl,4339
Game,4340
Stolen,4341
American Guns,4342
99 Days with the Superstar,4343
Payback,4344
Dead Boss,4345
Welcome to Kutsher's: The Last Catskills Resort,4346
This Girl Is Bad Ass,4347
Speckles: The Tarbosaurus,4348
Cannibal Island,4349
Ladies vs Ricky Bahl,4350
Beaconsfield,4351
Omerta,4352
Return to Blood Fart Lake,4353
Mere Brother Ki Dulhan,4354
Story Of Queen: Mercury Rising,4355
"Park Avenue: Money, Power & The American Dream",4356
Ishaqzaade,4357
Forget Me Not,4358
Hunky Dory,4359
A Bride for Christmas,4360
The Speed of Thought,4361
National Parks Exploration Series: Yellowstone,4362
Koch Brothers Exposed,4363
I Eat Your Skin,4364
Queen Elizabeth II: The Diamond Celebration,4365
Sensation,4366
Come Morning,4367
We'll Take Manhattan,4368
Desert Seas,4369
Made in Mexico,4370
Is This a Joke?,4371
The Woodsman,4372
The Black Tulip,4373
Tom Papa: Live in New York City,4374
Alyce Kills,4375
Musical Chairs,4376
The Norse: An Arctic Mystery,4377
Intersexion,4378
Dripping in Chocolate,4379
D.L. Hughley: Reset,4380
The Wise Kids,4381
The Intimidation Game,4382
"El payaso Plim Plim, un héroe del corazón",4383
Jim Norton: Please Be Offended,4384
Little Red Wagon,4385
Black November,4386
Waiting for Lightning,4387
The Yummy Gummy Search for Santa,4388
Psychophony,4389
Family Band: The Cowsills Story,4390
180,4391
Because I Love You,4392
Thomas & Friends: Blue Mountain Mystery - The Movie,4393
American Virgins,4394
Look Again,4395
The Unbookables,4396
Tita Rahiba,4397
Redakai Conquer the Kairu,4398
Open Five 2,4399
Jamie: Drag Queen at 16,4400
"Kevin Nealon: Whelmed, But Not Overly",4401
Dragon Eyes,4402
Floating City,4403
Yellow Rock,4404
Little Murder,4405
Not That Funny,4406
부릉! 부릉! 브루미즈,4407
The Last Movie,4408
Snoop Dogg Presents The Bad Girls of Comedy,4409
Stash House,4410
The Hike,4411
Fleabag Monkeyface,4412
"Rifftrax Live: ""Manos"" The Hands of Fate",4413
Wars Against Saddam,4414
What Happens Next,4415
The End of Time,4416
The Liquidator,4417
Alcatraz Prison Escape: Deathbed Confession,4418
Treasure Chest Of Horrors,4419
Lost in Thailand,4420
Rejoice and Shout,4421
UnCabaret,4422
Loving Miss Hatto,4423
A Kind of Wonderful Thing,4424
Engineering Giants,4425
Waiting for the Sea,4426
Mujhse Fraaandship Karoge,4427
Doggie Boogie - Get Your Grrr On!,4428
Josh Blue: Sticky Change,4429
Streets,4430
Billy Gardell: Halftime,4431
Mala Aai Vhhaychy!,4432
Switchin' The Script,4433
Oru Nadigaiyin Vakkumoolam,4434
Deiva Thirumagal,4435
Luv Ka The End,4436
Beneath the Darkness,4437
Exposed,4438
Bubble Guppies,4439
Treasure Inn,4440
Monsieur Papa,4441
Ambush at Dark Canyon,4442
The Marquis,4443
Slaying the Dragon: Reloaded,4444
American Animal,4445
Overheard 2,4446
OH NO! It's An Alien Invasion,4447
Kimchi Chronicles,4448
Collapse,4449
Heathens and Thieves,4450
Last Hours in Suburbia,4451
A Haunting on Potter Street: The Potter Street Station,4452
Kadhalil Sodhappuvadhu Yeppadi,4453
Dream Defenders,4454
The Lithium Conspiracy,4455
Gold Fools,4456
Ghost Finders,4457
Girls Like Us,4458
Galapagos Realm Of Giant Sharks,4459
My Country,4460
The Lies We Tell But the Secrets We Keep Part 2,4461
Lake Effects,4462
Last Call,4463
The Perfect Victim,4464
At the Gate of the Ghost,4465
Osthe,4466
A Mother's Nightmare,4467
Corrode,4468
The Crew,4469
Saattai,4470
A Mother's Love,4471
Facebook Follies,4472
Heavenly,4473
Treasure Trader,4474
Recognize,4475
Ajinkya,4476
A Secret World,4477
Dear Santa,4478
Nick Di Paolo: Raw Nerve,4479
Finding Me: Truth,4480
Teenage Bank Heist,4481
Ishtam,4482
Poola Rangadu,4483
"Debra Digiovanni: Single, Awkward, Female",4484
The Hole Story,4485
Marina,4486
Rifftrax: Frankenstein Island,4487
Transgenders: Pakistan's Open Secret,4488
Maggie's War (James Megellas: All The Way To Berlin),4489
The Custodian,4490
Hell's Fury: Wanted Dead or Alive,4491
Nora's Hair Salon 3: Shear Disaster,4492
Jake Shimabukuro: Life on Four Strings,4493
Shatru,4494
Eddie Griffin: You Can Tell 'Em I Said It,4495
Sri Rama Rajyam,4496
Aarohanam,4497
The License,4498
Living Landscapes: World's Most Beautiful Sunrises and Sunsets,4499
Sundarapandian,4500
Baby u,4501
One Hit From Home,4502
Prince William and Prince Harry: Into the Future,4503
Craig Shoemaker: Daditude,4504
Hello Memsaheb,4505
Birds of the Gods,4506
Rang Milanti,4507
A Company Of Heroes,4508
Love Games,4509
They Come to America,4510
The Black Kung Fu Experience,4511
"Bravo! Common Men, Uncommon Valor",4512
Pathirama Pathukkunga,4513
Richard Hammond's Crash Course,4514
Vazhakku Enn 18/9,4515
"Tom Rhodes: Light, Sweet, Crude",4516
Rallying: The Killer Years,4517
Hell at My Heels,4518
The Perfect Sacrifice: When Heaven Comes To Earth,4519
Vitality,4520
The Connecticut Kid,4521
Simhasanam,4522
18 Vayasu,4523
Kanji Ishiwara: The Man Who Triggered the War,4524
The Davincibles,4525
Fist 2 Fist,4526
Kiss the Bride,4527
Bryan Callen: Man Class,4528
Grinders,4529
Khokababu,4530
Moon Point,4531
The Key Man,4532
Tambyacha Vishnubala,4533
Win by Fall,4534
Jacob's Hammer,4535
Nick Cannon Mr. Showbiz,4536
The People of the Kattawapiskak River,4537
Parts of the Same Circle,4538
Sharyat,4539
On the Outside,4540
Dick Winters: Hang Tough,4541
Little Bite in the Big City,4542
"Fighter, Marbo Noy Morbo",4543
This Is Who I Am,4544
Gajaar: Journey of the Soul,4545
Legend of a Warrior,4546
Aayna Ka Bayna,4547
The Terror Routes,4548
Vikings,4549
Black Sails,4550
The Americans,4551
The Fall,4552
Nathan For You,4553
Coherence,4554
Endeavour,4555
Ray Donovan,4556
World War Z,4557
Inside Llewyn Davis,4558
Pain & Gain,4559
The White Queen,4560
Detectorists,4561
The Missing,4562
Grantchester,4563
Star Trek Into Darkness,4564
Oculus,4565
Nebraska,4566
Carrie,4567
Utopia,4568
The Affair,4569
The Tunnel,4570
The Bridge,4571
Europa Report,4572
Blaze and the Monster Machines,4573
Blackfish,4574
Da Vinci's Demons,4575
Rogue,4576
G.I. Joe: Retaliation,4577
The Hundred-Foot Journey,4578
The Village,4579
A Very British Murder with Lucy Worsley,4580
What If,4581
Hansel & Gretel: Witch Hunters,4582
The Musketeers,4583
Fading Gigolo,4584
Ida,4585
Hand of God,4586
Ukraine Is Not a Brothel,4587
Faults,4588
Honeymoon,4589
Jackass Presents: Bad Grandpa,4590
The Taking of Deborah Logan,4591
Portrait Artist of the Year,4592
Odd Thomas,4593
Our Girl,4594
Sharknado,4595
Anna,4596
The Silent Mountain,4597
Phantom,4598
Generation War,4599
Allies,4600
Atlantis,4601
Pride,4602
Jo,4603
Gracepoint,4604
The Fosters,4605
The Great Train Robbery,4606
Red Oaks,4607
Romeo & Juliet,4608
Mozart in the Jungle,4609
Battle of Westerplatte,4610
Mayday,4611
Spies of Warsaw,4612
Afflicted,4613
The Island with Bear Grylls,4614
Big Dreams Small Spaces,4615
Prey,4616
Hector and the Search for Happiness,4617
Dead Snow 2: Red vs. Dead,4618
Transparent,4619
Odd Squad,4620
Penelope Keith's Hidden Villages,4621
Earth to Echo,4622
The Angriest Man in Brooklyn,4623
The Next Step,4624
Boys,4625
Valley Uprising,4626
CBGB,4627
Scavengers,4628
Before I Go to Sleep,4629
After the Dark,4630
Knights of Badassdom,4631
Blood of Redemption,4632
The Lifeguard,4633
The Killer Speaks,4634
Cuban Fury,4635
Afternoon Delight,4636
INXS : Never Tear Us Apart,4637
The Mill,4638
The Grand Seduction,4639
Alpha House,4640
The Dark Valley,4641
The Cat in the Hat Knows a Lot About That!,4642
Ragnarok,4643
Broadway Musicals: A Jewish Legacy,4644
The Starving Games,4645
A Brilliant Young Mind,4646
Two Night Stand,4647
Xiaolin Chronicles,4648
My Love From Another Star,4649
The Smoke,4650
WPC 56,4651
Outcast,4652
Super Wings!,4653
No No: A Dockumentary,4654
Low Winter Sun,4655
The History of Time Travel,4656
Sebastian Maniscalco: Aren't You Embarrassed?,4657
100 Days,4658
Paranoia,4659
The Hunted,4660
The Flu,4661
Sharknado 2: The Second One,4662
13 Nights of Elvira,4663
Le Week-End,4664
ANZAC Girls,4665
Rise of the Legend,4666
Space Pirate Captain Harlock,4667
Wendy,4668
The Great Interior Design Challenge,4669
That Sugar Film,4670
Miss Meadows,4671
Wolves,4672
Hatchet III,4673
Night of the Living Dead,4674
Survivor's Remorse,4675
The Road Within,4676
Great Canal Journeys,4677
Fat Tony & Co,4678
Anna May Wong: In Her Own Words,4679
Heaven Adores You,4680
The Love Punch,4681
The Hungover Games,4682
Mystery Road,4683
Goodbye World,4684
Gemma Bovery,4685
Peg + Cat,4686
Tumble Leaf,4687
Mike Birbiglia: My Girlfriend's Boyfriend,4688
Mind Games,4689
Gett: The Trial of Viviane Amsalem,4690
Ass Backwards,4691
Minuscule: Valley of the Lost Ants,4692
Antarctica: A Year on Ice,4693
No Clue,4694
Cocaine Cowboys: Reloaded,4695
Walking on Sunshine,4696
Very Good Girls,4697
From There to Here,4698
Killing Eva Braun,4699
Forbidden Empire,4700
Dark Was the Night,4701
Witch’s Romance,4702
No Tears for the Dead,4703
Undeniable,4704
The Longest Week,4705
Magic Magic,4706
After the Fall,4707
Geography Club,4708
Storage Wars: Northern Treasures,4709
Secrets of the Castle,4710
Assault on Wall Street,4711
The Lady Vanishes,4712
And So It Goes,4713
Falcon Rising,4714
Sex Ed,4715
Eddie Izzard: Force Majeure Live,4716
Ekaterina,4717
Home Sweet Home,4718
About Alex,4719
Love & Hip Hop Hollywood,4720
The Face,4721
RiffTrax: Kingdom of the Spiders,4722
A Night in Old Mexico,4723
Love and Marriage,4724
Tudor Monastery Farm,4725
Vehicle 19,4726
Where the Road Runs Out,4727
Kathleen Madigan: Madigan Again,4728
Felony,4729
10.0 Earthquake,4730
Bluestone 42,4731
London Live,4732
Yu-Gi-Oh! Arc-V,4733
We Still Kill the Old Way,4734
Maidentrip,4735
Anjelah Johnson: The Homecoming Show,4736
The Woman in Black 2: Angel of Death,4737
Secrets of the Universe,4738
Debug,4739
Dragon Day,4740
Teen Lust,4741
5 Souls,4742
Bad Johnson,4743
LoliRock,4744
Tom Segura: Completely Normal,4745
Betas,4746
Half of a Yellow Sun,4747
Delivery: The Beast Within,4748
Chris Porter: Ugly and Angry,4749
The Ultimate Life,4750
You're Not You,4751
Filmed in Supermarionation,4752
A Wife's Nightmare,4753
Maya the Bee Movie,4754
Stop at Nothing: The Lance Armstrong Story,4755
Little White Lie,4756
I'll Follow You Down,4757
Saving Christmas,4758
One Small Hitch,4759
The Ganzfeld Haunting,4760
Valentine Road,4761
White Lies,4762
Jamesy Boy,4763
Saul: The Journey to Damascus,4764
The Protector 2,4765
Ip Man,4766
Nanny Cam,4767
Hunt vs Lauda: F1's Greatest Racing Rivals,4768
Iliza Shlesinger: War Paint,4769
Dhoom 3,4770
Animal,4771
The Secrets of Quantum Physics,4772
Almost in Love,4773
Song One,4774
Mischievous Kiss: Love in Tokyo,4775
Apple Mortgage Cake,4776
The Mule,4777
All-Stars,4778
The Bridgewater Triangle,4779
Marriage Boot Camp: Bridezillas,4780
My Name Is Salt,4781
Legends of Oz: Dorothy's Return,4782
Killing Jimmy Hoffa,4783
Fishing Without Nets,4784
Belle and Sebastian,4785
"The Mystery of Agatha Christie, With David Suchet",4786
Yukon Gold,4787
Zapped,4788
Elephant Song,4789
James May's Cars of the People,4790
C.O.G.,4791
The Price of Honor,4792
Wedding Palace,4793
Nowitzki: The Perfect Shot,4794
Treasure Chest of Horrors 2,4795
The Miracle of Life,4796
Someone Marry Barry,4797
Spirit of Love: The Mike Glenn Story,4798
The Happy House,4799
Starring Adam West,4800
Anita,4801
Almost Royal,4802
Nancy Wake: The White Mouse,4803
Duke,4804
Elimination Game,4805
The Adventurer: The Curse of the Midas Box,4806
There's Always Woodstock,4807
The Legend of Sarila,4808
Jackie & Ryan,4809
Paper Planes,4810
Burton and Taylor,4811
Animanimals,4812
Linsanity,4813
The Hero of Color City,4814
Todd Barry: The Crowd Work Tour,4815
Caligula with Mary Beard,4816
Craig Ferguson: I'm Here to Help,4817
Rick Stein's India,4818
Rampage: Capital Punishment,4819
That Day We Sang,4820
Tammy Pescatelli: Finding the Funny,4821
Higher,4822
Ride,4823
The Sheik,4824
Bob Saget: That's What I'm Talking About,4825
Miniforce,4826
30 Nights of Paranormal Activity With the Devil Inside the Girl With the Dragon Tattoo,4827
The Culture High,4828
Superheroes: A Never-Ending Battle,4829
The Monkey's Paw,4830
Lost: MH 370,4831
L.A. Frock Stars,4832
The Hornet's Nest,4833
A Birder's Guide to Everything,4834
Tom Papa: Freaked Out,4835
New Initial D the Movie - Legend 1: Awakening,4836
Tyfelstei: An Alpine Horror Tale,4837
The Surface,4838
The Truth About Emanuel,4839
Anatomy of a Love Seen,4840
Time of Death,4841
Leo the Truck,4842
8 Days,4843
Some Assembly Required,4844
Knuckle Jack,4845
Guardians Of The Crown,4846
Wodehouse In Exile,4847
If I Had Wings,4848
Constitution USA with Peter Sagal,4849
Bad Ass 2: Bad Asses,4850
Fireman Sam: Heroes of the Storm,4851
Dr. Cabbie,4852
Breakout,4853
Home Run,4854
Top Spin,4855
#Stuck,4856
Getting Go: The Go Doc Project,4857
City of Dead Men,4858
Medieval Dead,4859
Believe Me,4860
Preggoland,4861
Brain Candy TV,4862
Awful Nice,4863
Brotherhood of Blades,4864
Pants on Fire,4865
The Haunting of Helena,4866
Authors Anonymous,4867
Shuddh Desi Romance,4868
The Wrong Woman,4869
Reaching for the Moon,4870
Sx_Tape,4871
Dear Viola,4872
I'm in Love with a Church Girl,4873
Levitated Mass,4874
Sunlight Jr.,4875
"Rio, I Love You",4876
Bold Eagles,4877
Mr. Dynamite - The Rise of James Brown,4878
Catch Hell,4879
Fukrey,4880
Ephraim's Rescue,4881
The Identical,4882
Smaylik,4883
Wish You Well,4884
Jappeloup,4885
Willed to Kill,4886
Fasten Your Seatbelts,4887
FrackNation,4888
Lovesick,4889
The German Doctor,4890
Euro Trapped,4891
"Mud, Sweat and Gears",4892
Hasee Toh Phasee,4893
Take Care,4894
Raja Rani,4895
Achmed Saves America,4896
Pro Wrestlers vs Zombies,4897
Hawking,4898
Kill for Me,4899
Henry & Me,4900
The Who Sensation: The Story of Tommy,4901
The Chef's Wife,4902
Decoding Annie Parker,4903
Copperhead,4904
The Midnight After,4905
Axeman at Cutter's Creek,4906
The Last Witch,4907
Some Girl(s),4908
Sahasam,4909
The Blackout,4910
Petunia,4911
The Christmas Candle,4912
Annedroids,4913
Jayhawkers,4914
Pit Stop,4915
Tom Sawyer & Huckleberry Finn,4916
When Love Happens,4917
Heatstroke,4918
Predatory Lender,4919
The Saturn V Story,4920
Jungle Shuffle,4921
McCanick,4922
Gunday,4923
Christmas on the Bayou,4924
Ink & Steel,4925
The Taking of Tiger Mountain,4926
Electric Slide,4927
Desert Dancer,4928
Tasting Menu,4929
Apartment Troubles,4930
Coming Home for Christmas,4931
Tru Love,4932
Dabbe 5: Zehr-i Cin,4933
Knock Knock Ghost,4934
Avalanche Sharks,4935
Building Dream Homes,4936
Love Is Not What It Used to Be,4937
A Year in Burgundy,4938
Mardaani,4939
Sitting On The Edge Of Marlene,4940
Pink: Staying True,4941
Garden of Hedon,4942
Keiko The Untold Story of the Star of Free Willy,4943
Eat With Me,4944
A New Leaf,4945
Enter the Dangerous Mind,4946
Deep Dark Canyon,4947
Next Time I'll Aim for the Heart,4948
Underdogs,4949
Leading Lady,4950
Savannah,4951
One Child,4952
Humpty Sharma Ki Dulhania,4953
Tattoo Nation,4954
Rise,4955
Test,4956
A Fighting Man,4957
Love of My Life,4958
A Fine Step,4959
Alone for Christmas,4960
Jeff Dunham: All Over the Map,4961
Crazy Kind of Love,4962
The Forgotten,4963
Wormwood's End,4964
The Surrogacy Trap,4965
Autumn Wanderer,4966
William The Conqueror,4967
Daawat-e-Ishq,4968
The Rev,4969
Tenkai Knights,4970
Big Freedia: Queen of Bounce,4971
Ivan the Terrible,4972
Swing Lowe Sweet Chariote,4973
The March Sisters at Christmas,4974
Mere Dad Ki Maruti,4975
Ice Soldiers,4976
God Loves Uganda,4977
The Zombie King,4978
Dark Sea,4979
Brian Posehn: The Fartist,4980
The Christmas Dragon,4981
Hot Guys with Guns,4982
Marc Maron: Thinky Pain,4983
The Carpenter's Miracle,4984
"Lady, You Shot Me: The Life and Death of Sam Cooke",4985
Future Card Buddyfight,4986
Old Goats,4987
Ingloda: The Possession Within,4988
The Snow Queen 2: Refreeze,4989
Rob Schneider: Soy Sauce and the Holocaust,4990
The Nightmare Nanny,4991
Lincoln@Gettysburg,4992
Nasha,4993
Gold,4994
Gajakessari,4995
Redwood Highway,4996
Four,4997
Captain Sabertooth and the Treasure of Lama Rama,4998
1000 to 1,4999
Atharintiki Daaredi,5000
Doug Stanhope: Beer Hall Putsch,5001
West by Orphan Train,5002
Jim Breuer: And Laughter for All,5003
Escape From a Nazi Death Camp,5004
Lost in the White City,5005
1480: Radio Pirates,5006
Rodgers and Hammerstein's Carousel: Live from Lincoln Center,5007
Thomas & Friends: Tale of the Brave: The Movie,5008
Tiger Orange,5009
Xploration Earth 2050,5010
Kill Dil,5011
Hard to Get,5012
Asylum: the Lost Footage,5013
House of the Witchdoctor,5014
How to Steal a Dog,5015
Calamity Jane: Legend of The West,5016
All the Wilderness,5017
The Grief Tourist,5018
Coyote,5019
Sugar Daddies,5020
Elon Gold: Chosen and Taken,5021
David,5022
Vaayai Moodi Pesavum,5023
Grand Auto Theft: L.A.,5024
Lalaloopsy Girls: Welcome to L.A.L.A. Prep School,5025
James Martin: Home Comforts,5026
The Immortalists,5027
A Christmas Kiss II,5028
Before Dawn,5029
Fair Play,5030
I Am Road Comic,5031
All I Want for Christmas,5032
The Sklar Brothers: What Are We Talking About?,5033
It's a Beautiful World,5034
Betrayal,5035
Brightest Star,5036
Bewakoofiyaan,5037
The Great Hypnotist,5038
Ungli,5039
K-9 Adventures: Legend of the Lost Gold,5040
Toddler Fun Learning,5041
Gina Yashere: Laughing To America,5042
Garnet’s Gold,5043
Phantom of the Grindhouse,5044
"Tommy Cooper: Not Like That, Like This",5045
Morgan Murphy: Irish Goodbye,5046
Kanna Laddu Thinna Aasaiya,5047
Hustling America,5048
Christian Finnegan: The Fun Part,5049
A Snow Globe Christmas,5050
"Out of Mind, Out of Sight",5051
For the Emperor,5052
Amazon Jack,5053
My Kitchen Rules New Zealand,5054
ICE Agent,5055
Guardian Angel,5056
Doug Benson: Doug Dynasty,5057
Name Me,5058
The Moment,5059
Night Has Settled,5060
Arnez J: Racially Motivated,5061
The Ten: Take,5062
Meltdown,5063
Cuckoo,5064
Heterosexual Jill,5065
Midnight Stallion,5066
Istrebiteli,5067
A Year in Champagne,5068
Shhhh,5069
Moodar Koodam,5070
Blowfly Park,5071
"Abner, the Invisible Dog",5072
New England Legends,5073
Thomas & Friends: King of the Railway,5074
Farmland,5075
Creating Freedom: The Lottery of Birth,5076
Eddie Pepitone: In Ruins,5077
Sinbad: Make Me Wanna Holla,5078
Torture Chamber,5079
Corrie ten Boom: A Faith Undefeated,5080
"Myq Kaplan: Small, Dork and Handsome",5081
The Amazing World of Aviation,5082
Duniyadari,5083
Operation Rogue,5084
Aaha Kalyanam,5085
Varuthapadatha Valibar Sangam,5086
The Breaking Point,5087
The Privileged,5088
Subaru Launch Control,5089
Angel of the Skies,5090
Jasper Redd: Jazz Talk,5091
Spirits,5092
Rummy,5093
Trapp Life,5094
My Little Sweet Pea,5095
The Next Steps,5096
Land Without Evil: Ivy Maraey,5097
Flower Boy Next Door,5098
2013 NBA Champions: Miami Heat,5099
Space Racers,5100
Overheard 3,5101
Egypt's Lost Queens,5102
Dolls of Voodoo,5103
I Love You to Death,5104
Pitruroon,5105
F#Ck Nick Cannon,5106
Impact After the Crash,5107
Motivational Growth,5108
The Last Outlaw,5109
Richard Pryor: Icon,5110
Sanctuary,5111
Aurangzeb,5112
The Z,5113
Love Land,5114
The Box,5115
Thallana,5116
Pune 52,5117
Lake Los Angeles,5118
Rock the Casbah,5119
Henry VII: Winter King,5120
The Shop,5121
Remnants of a Disaster,5122
One Night in Vegas,5123
A Sierra Nevada Gunfight,5124
Vatthikuchi,5125
The Road to Fame,5126
Tenkai Knights - Rise of the Knights,5127
Ishq Brandy,5128
The Lies We Tell But the Secrets We Keep: Part 3,5129
Paddle to the Ocean,5130
Inga Enna Solluthu,5131
Nick Thune: Folk Hero,5132
Templar Nation,5133
Italy's Mystery Mountains,5134
Plato's Reality Machine,5135
Jump In,5136
Horse Tribe,5137
A Haunting on Washington Avenue: The Temple Theatre,5138
D.L. Hughley: Clear,5139
The Identity Theft of Mitch Mustain,5140
Heroin King of Baltimore: The Rise and Fall of Melvin Williams,5141
Udhayam NH4,5142
Brutal,5143
Red Gold,5144
Khancha,5145
Jenny McCarthy's Dirty Sexy Funny,5146
Dana Gould: I Know It's Wrong,5147
Tennessee Queer,5148
Dangerous Obsession,5149
Superfish,5150
Mosakutty,5151
How We Got Gay,5152
Asha Black,5153
Gone Missing,5154
Patrick's Day,5155
The Story of Rod Stewart,5156
Gori Tere Pyaar Mein,5157
Romeo Ranjha,5158
Trapper Jake,5159
Greg Fitzsimmons: Life on Stage,5160
The Tree That Saved Christmas,5161
Shane Mauss: Mating Season,5162
Available: A Modern Day Fairy Tale,5163
Locomotive,5164
Mike Case in: The Big Kiss Off,5165
Bonku Babu,5166
Who Needs Enemies,5167
Seiza,5168
Half Serious,5169
Omaha Beach: Honor and Sacrifice,5170
Favourite Nursery Rhymes,5171
The Gossip Game,5172
Jarab,5173
Soledad,5174
A Love That Hurts,5175
Sunstroke,5176
Vanmam,5177
Insanity,5178
Behind Closed Doors,5179
Cows Wearing Glasses,5180
Abbayi Class Ammayi Mass,5181
Punascha,5182
Joey: The Man Who Conquered the TT,5183
Nocturnal Agony,5184
Mouse and Mole at Christmas Time,5185
Great Plains - America's Lingering Wild,5186
Arya Surya,5187
Spoken,5188
The Nazi Quest for the Holy Grail,5189
The Essentials,5190
The Heart,5191
Favorite Nursery Rhymes,5192
Enna Satham Indha Neram,5193
A Promise to My Father,5194
Beauty Factory,5195
Backroads USA,5196
Licks,5197
The Adventures of RoboRex,5198
Vadacurry,5199
Crazy Enough,5200
Gogoler Kirti,5201
How to Love,5202
9 Hours,5203
Speed Dreams: The Fastest Place on Earth,5204
Vaanavarayan Vallavarayan,5205
A Box for Rob,5206
"Rebel: Loreta Velazquez, Secret Soldier of the American Civil War",5207
À corde tendue,5208
Searching for Augusta,5209
A Country Christmas,5210
Aadu Magaadra Bujji,5211
Tuhya Dharma Koncha?,5212
Kungfood,5213
John Wesley: The Faith That Sparked the Methodist Movement,5214
"Lock Me Up, Tie Him Down",5215
Dark Disciple,5216
The Fidel Castro Tapes,5217
Burma,5218
Truck Tunes 2,5219
Rama Madhav,5220
Sonna Puriyathu,5221
Samar,5222
8 Hours,5223
Bol Baby Bol,5224
Poovarasam Peepee,5225
Netru Indru,5226
Thagaraaru,5227
Legendary Cities,5228
Shutter,5229
Underwater Palau,5230
Transmigrate: The Troubled One,5231
Ticket to Ride,5232
Aalo Chhaya,5233
Todd Glass Talks About Stuff,5234
Focus Forward,5235
Symmetry,5236
DocoBANKSY,5237
The Preacher and the Gun,5238
Incall,5239
I Was a Greenhouse,5240
Urban Turban,5241
Kevvu Keka,5242
It Never Sleeps,5243
Nerungi Vaa Muthamidathe,5244
Catching Hell in the City of Angels,5245
Hrid Majharey,5246
Thom & Dusty Go to Mexico: The Lost Treasure,5247
The Poisoning,5248
The Bone Garden,5249
Narbachi Wadi,5250
Lady Valor: The Kristin Beck Story,5251
Four Senses,5252
Boing the Play Ranger,5253
Walter Williams: Suffer No Fools,5254
Edge of Dawn,5255
Kaaviya Thalaivan,5256
Killing Oswald,5257
Thunder Run on Baghdad,5258
Better Call Saul,5259
Billions,5260
Bosch,5261
Animal Kingdom,5262
The Expanse,5263
Mr. Robot,5264
Arrival,5265
Ash vs Evil Dead,5266
Silence,5267
Fleabag,5268
Train to Busan,5269
The Night Manager,5270
Unforgotten,5271
The Handmaiden,5272
Preacher,5273
Poldark,5274
The Man in the High Castle,5275
Travel Man: 48 Hours in...,5276
River,5277
The Neon Demon,5278
Patriot,5279
Goliath,5280
The Durrells,5281
Humans,5282
Teenage Mutant Ninja Turtles: Out of the Shadows,5283
Manchester by the Sea,5284
Victoria,5285
Tangerine,5286
Life in Pieces,5287
The Exorcist,5288
A Quiet Passion,5289
Catastrophe,5290
Flesh and Bone,5291
Kabaneri of the Iron Fortress,5292
A Man Called Ove,5293
Denial,5294
Love & Friendship,5295
Sneaky Pete,5296
Anthropoid,5297
Hell House LLC,5298
Paterson,5299
Mary Beard's Ultimate Rome: Empire Without Limit,5300
The DUFF,5301
The Royals,5302
The Grand Tour,5303
Deep Water,5304
Cuffs,5305
Meru,5306
Allied,5307
The Tick,5308
Delicious,5309
Trumbo,5310
Florence Foster Jenkins,5311
Monster Trucks,5312
Pawn Sacrifice,5313
Dater's Handbook,5314
The Dressmaker,5315
We Are Still Here,5316
The Salesman,5317
One Mississippi,5318
Chicken People,5319
The Beautiful Lie,5320
A Royal Night Out,5321
Absolutely Anything,5322
Pet,5323
The Last King,5324
Infinity Chamber,5325
Steve Jobs: The Man in the Machine,5326
Good Girls Revolt,5327
Z: The Beginning of Everything,5328
The Disappointments Room,5329
I Love Dick,5330
The Making of The Mob,5331
Dancin' - It's On!,5332
Roadkill Garage,5333
Landscape Artist of the Year,5334
The Lazarus Effect,5335
Crayon Shin-chan Spin-off,5336
Above and Beyond,5337
Ratter,5338
The Innocents,5339
Frantz,5340
Hyena Road,5341
Kept Woman,5342
Restoration,5343
The American West,5344
Wiener-Dog,5345
Mad Dogs,5346
Buzzfeed Unsolved: True Crime,5347
Llamageddon,5348
Jean-Claude Van Johnson,5349
Texas Rising,5350
Chi-Raq,5351
Rupture,5352
Pay the Ghost,5353
Yu-Gi-Oh!: The Dark Side of Dimensions,5354
The Curse of Sleeping Beauty,5355
Bill Hicks: Reflections,5356
I Am Dragon,5357
Stealing Cars,5358
Fathers and Daughters,5359
The Collection,5360
Café Society,5361
The Commune,5362
Buzzfeed Unsolved: Supernatural,5363
The King's Choice,5364
Can We Take a Joke?,5365
Thunderbirds Are Go!,5366
Elvis & Nixon,5367
Supermansion,5368
The Last Descent,5369
Gimme Danger,5370
Baar Baar Dekho,5371
Boy Meets Girl,5372
Lupin the Third: The Italian Adventure,5373
The Cokeville Miracle,5374
Just Add Magic,5375
No Men Beyond This Point,5376
The Girl King,5377
Addicted to Fresno,5378
Always Watching: A Marble Hornets Story,5379
Monolith,5380
Robert,5381
Stick Man,5382
The Great British Benefits Handout,5383
Yakuza Apocalypse,5384
Rock On 2,5385
Burn Your Maps,5386
The Late Bloomer,5387
Satanic,5388
The Real Inglorious Bastards,5389
The Resurrection of Jake The Snake,5390
Already Tomorrow in Hong Kong,5391
All Roads Lead to Rome,5392
HITOSHI MATSUMOTO Presents Documental,5393
The Evolution of Evil,5394
The Horde,5395
Sharknado 3: Oh Hell No!,5396
Brad Williams: Fun Size,5397
Sharknado 4: The 4th Awakens,5398
Heartland,5399
Heidi,5400
Fluffy's Food Adventures,5401
The Private Lives of the Tudors,5402
The Aliens,5403
The Watcher,5404
Alison,5405
Mothers and Daughters,5406
Arcadia,5407
Dark,5408
Secret Life of the Hospital Bed,5409
Peter Allen: Not the Boy Next Door,5410
Forsaken,5411
Stonewall,5412
Drunk Wedding,5413
Falling Water,5414
The Odyssey,5415
Despite the Falling Snow,5416
The Middle Distance,5417
The Guv'nor,5418
Catching Milat,5419
ISRA 88,5420
Kamen Rider Amazons,5421
Microbe and Gasoline,5422
Diverge,5423
Superfast!,5424
Dare to Be Wild,5425
Three,5426
Oddball,5427
It Had to Be You,5428
Crisis in Six Scenes,5429
Darling,5430
Terrordactyl,5431
George Fest: A Night to Celebrate the Music of George Harrison,5432
Ava's Possessions,5433
The Final Master,5434
A Girl Like Her,5435
Pound of Flesh,5436
SPL II: A Time for Consequences,5437
Creative Control,5438
Tab Hunter Confidential,5439
Himouto! Umaru-chan,5440
Chloe and Theo,5441
7 Chinese Brothers,5442
Waffle Street,5443
Nature Cat,5444
The Benefactor,5445
The Oddbods Show,5446
Scare Campaign,5447
WellieWishers,5448
Gleason,5449
Baked in Brooklyn,5450
A Date with Miss Fortune,5451
Virtual Revolution,5452
Accidentally Engaged,5453
Ice Guardians,5454
Barbie Vlogger,5455
Transpecos,5456
American Hero,5457
Moonwalkers,5458
Serena,5459
Path,5460
Plague,5461
Rammstein in Amerika,5462
The White Knights,5463
2149: The Aftermath,5464
The Ultimate Legacy,5465
Mully,5466
Tokyo Girl,5467
Diani and Devine Meet the Apocalypse,5468
Zoombies,5469
Johnny Frank Garrett's Last Word,5470
Camino,5471
The Perfect Weapon,5472
Bleeding Heart,5473
All We Had,5474
Naples '44,5475
Close Range,5476
Dior and I,5477
Seven,5478
An American Girl Story,5479
Wives on Strike,5480
High Strung,5481
All at Once,5482
Band of Robbers,5483
Sophie and the Rising Sun,5484
Sigmund and the Sea Monsters,5485
The Legend of Barney Thomson,5486
Louise by the Shore,5487
Kapoor & Sons,5488
96 Souls,5489
Dudes & Dragons,5490
Shangri-La Suite,5491
StarTalk with Neil deGrasse Tyson,5492
Akron,5493
Who Gets the Dog?,5494
A Frosty Affair,5495
The Great Passage,5496
Her Last Will,5497
Prescription Thugs,5498
The Kennedys,5499
The Visit,5500
Love Everlasting,5501
Swallows and Amazons,5502
Big Sky,5503
Steve-O: Guilty as Charged,5504
Brothers,5505
Nerdland,5506
Arbor Demon,5507
Teacher of the Year,5508
The Kicks,5509
My Favorite Five,5510
Barista,5511
Wildlike,5512
American Experience: Tesla,5513
Author: The JT LeRoy Story,5514
All or Nothing,5515
In the Name of Ben-Hur,5516
Abandoned,5517
Stalked by My Doctor,5518
A Haunting on Dice Road: The Hell House,5519
Silverhide,5520
Alienate,5521
Hotel Coolgardie,5522
A Mother's Revenge,5523
Babysitter,5524
Taylor Swift America's Sweetheart,5525
You Cast A Spell On Me,5526
Battery,5527
Field of Lost Shoes,5528
The Book of Fire,5529
Wild Horses,5530
Pororo the Little Penguin,5531
The New Yorker Presents,5532
Last Cab to Darwin,5533
To Whom It May Concern,5534
A Box of Faith,5535
Jackrabbit,5536
Jack Goes Home,5537
Christmas Cartoons: 14 Christmas Cartoon Classics - 2 Hours of Holiday Favorites,5538
Owlegories,5539
Max Steel Team Turbo: Fusion Tek,5540
Jean of the Joneses,5541
Cowboys vs. Dinosaurs,5542
Couple Of Days,5543
The Division: Agent Origins,5544
The Force,5545
Gary Numan: Android In La La Land,5546
War in the Pacific - Eagle Against the Sun,5547
"The Long, Long Holiday",5548
The Worst Year of My Life,5549
The Unfolding,5550
The Clearstream Affair,5551
Lost Creek,5552
Prisoner X,5553
Aida's Secrets,5554
Complete Unknown,5555
Altered Hours,5556
Lost in Oz,5557
Dum Laga Ke Haisha,5558
Chalk It Up,5559
Car Crash TV,5560
Lady Bloodfight,5561
Operation Mekong,5562
The Bronx Bull,5563
Sensitivity Training,5564
We Are X,5565
APEX: The Story of the Hypercar,5566
I Am Not Madame Bovary,5567
Dominion Creek,5568
Caught,5569
Tom Papa: Human Mule,5570
Joey Coco Diaz: Sociably UnAcceptable,5571
Sheep & Wolves,5572
Kuntergrau,5573
Never Let Go,5574
The First American,5575
Amateur Night,5576
The Wrong Car,5577
They Call Us Monsters,5578
Road to Berlin,5579
Jeff Dunham: Unhinged in Hollywood,5580
Fresh Dressed,5581
Critical,5582
All I Need,5583
The Stanley Dynamic,5584
Beyond the Mask,5585
Colin Quinn: Unconstitutional,5586
Sold,5587
In-Lawfully Yours,5588
Bad Asses on the Bayou,5589
Black Road,5590
God's Compass,5591
Larry Gaye: Renegade Male Flight Attendant,5592
Vietnam: 50 Years Remembered,5593
Shivaay,5594
The Curse of Robert the Doll,5595
Lovesick,5596
Milton's Secret,5597
Bakery in Brooklyn,5598
Irudhi Suttru,5599
The Wasted Times,5600
Mourning Son,5601
Finding Altamira,5602
Forgiven,5603
Life in Color,5604
Face of Evil,5605
Shark Killer,5606
Dead Bullet,5607
Two Friends,5608
Downhill,5609
Hidden Truth,5610
Billions in Change,5611
Margaret Cho: PsyCHO,5612
Boston2Philly,5613
Once I Was a Beehive,5614
Lift,5615
Regal Academy,5616
Secrets of the Mona Lisa,5617
The Gigolo,5618
Everyday Miracles,5619
The Future of Work and Death,5620
NWA & Eazy-E: The Kings of Compton,5621
The Last Case of August T. Harrison,5622
Numb,5623
Devi(L),5624
Wildflower,5625
Consumed,5626
Little Charmers,5627
Doug Stanhope: No Place Like Home,5628
Rudhramadevi,5629
Monochrome,5630
Bravetown,5631
Somnus,5632
New Life,5633
Lisa Lampanelli: Back to the Drawing Board,5634
Sheborg Massacre,5635
Alternate Universe: A Rescue Mission,5636
What Was Ours,5637
No Way Jose,5638
Best and Most Beautiful Things,5639
Gecko's Garage,5640
Ear Buds: The Podcasting Documentary,5641
A Sort of Homecoming,5642
PRIME JAPAN: Nihon no kokoro ni deau,5643
Tall Men,5644
Railroad Tigers,5645
Food Safari,5646
The Rolling Stones - From The Vault: Live In Leeds 1982,5647
Hoovey,5648
ETs Among Us: UFO Witnesses and Whistleblowers,5649
911 Nightmare,5650
The Night Crew,5651
Stalked by My Doctor: The Return,5652
Hope Lost,5653
Rifftrax Live: Time Chasers,5654
The Stinky & Dirty Show,5655
Some Freaks,5656
Cruel Summer,5657
Baby Shark & More Kids Songs: Super Simple Songs,5658
The Romeo Section,5659
Total Frat Movie,5660
Northern Borders,5661
Brad Williams: Daddy Issues,5662
Cezanne and I,5663
Naz & Maalik,5664
Guys Reading Poems,5665
Love Me If You Dare,5666
A Prince for Christmas,5667
Eugene Mirman: Vegan on His Way to the Complain Store,5668
The Last Princess,5669
The Evil That Men Do,5670
Starfish,5671
Annabelle Hooper and the Ghosts of Nantucket,5672
All Hallow's Eve,5673
Lurking Woods,5674
Lethal Seduction,5675
Janeane Garofalo: If I May,5676
Monsoon Tide,5677
Shared Rooms,5678
Matthew Bourne's the Car Man 2015,5679
Desiree,5680
Oh My Ghost,5681
I Had A Bloody Good Time At House Harker,5682
The King of New Orleans,5683
Ryan Bingham Live,5684
Asteroid: Final Impact,5685
Aimy in a Cage,5686
Shake Off the World,5687
Missing Mom,5688
The Kids from 62-F,5689
Ready Jet Go!,5690
Sorority Nightmare,5691
Fungus the Bogeyman,5692
At Granny's House,5693
Marriage of Lies,5694
Burden,5695
Eat the World with Emeril Lagasse,5696
Novice,5697
Saved by Grace,5698
Soldiers of the Damned,5699
Americana,5700
Cassanova Was a Woman,5701
Lift Me Up,5702
The Passing Season,5703
Prayer Never Fails,5704
There Is Many Like Us,5705
Fuzzy Puppet,5706
Timber the Treasure Dog,5707
Dil Dhadakne Do,5708
Martin Lawrence Doin’ Time,5709
The C-Word,5710
The Giant,5711
Beyond Paradise,5712
Sacred Heart,5713
Black Widows,5714
Ethan el Camión Volquete,5715
Bachelor Games,5716
Troy the Train of Car City,5717
Oru Naal Koothu,5718
A Year and Change,5719
Zeta,5720
Lost in the Sun,5721
Wajah Tum Ho,5722
Germans & Jews - Eine neue Perspektive,5723
The Crimes of All Hallows' Day,5724
Bear with Us,5725
Terror Birds,5726
Christmas With the Karountzoses,5727
Gone Tomorrow,5728
48 Hours to Live,5729
Wrong Swipe,5730
Equal Means Equal,5731
Deep Water: The Real Story,5732
Papanasam,5733
Seeking Dolly Parton,5734
Fitoor,5735
Sardaarji,5736
The Pickle Recipe,5737
Through The Shadow,5738
Tear the Roof Off-the Untold Story of Parliament Funkadelic,5739
Der Lack ist ab,5740
Fatal Flip,5741
Antarctica: Ice & Sky,5742
Hobo Heyseus,5743
Cider with Rosie,5744
Demonte Colony,5745
Dan Levy: Lion,5746
Barbie Dreamtopia,5747
To Keep the Light,5748
The Battle Of Chosin,5749
Call of Heroes,5750
Seduced,5751
A Girl & Three Sweethearts,5752
Double Daddy,5753
Horse Camp,5754
On Meditation,5755
Almost Adults,5756
Dark Intentions,5757
Velainu Vandhutta Vellaikaaran,5758
Deadly Pursuit,5759
The Snowy Day,5760
Spirit of the Game,5761
Line Walker,5762
Red Sea,5763
Brother Jekwu,5764
The Legend of Ben Hall,5765
Tom der Abschleppwagen,5766
The Snow Queen 3: Fire and Ice,5767
Coming Through the Rye,5768
This Is Me,5769
The Summer of All My Parents,5770
"You Belong to Me: Sex, Race and Murder in the South",5771
No Place to Hide: The Rehtaeh Parsons Story,5772
Dark Seed,5773
Manifest Destiny: The Lewis & Clark Musical Adventure,5774
Before All Others,5775
Junooniyat,5776
Izzie's Way Home,5777
Detective Byomkesh Bakshy!,5778
Alien Monkeys,5779
Two Step,5780
Wild Kratts: Creatures of the Deep Sea,5781
Michael Ian Black: Noted Expert,5782
Walter,5783
Shaandaar,5784
Manhattan Undying,5785
She Was So Pretty,5786
The Masked Saint,5787
Good Funk,5788
Christmas with the Andersons,5789
Team Hot Wheels: The Skills to Thrill,5790
Alternate Realities,5791
Alonzo Bodden: Historically Incorrect,5792
#Lucky Number,5793
Deadly Voltage,5794
Transylvania,5795
Wonder Balls,5796
Operation: Neighborhood Watch!,5797
Forest Fairies,5798
Sarbjit,5799
The Girl Is in Trouble,5800
Chennai 600028 II: Second Innings,5801
Dark Diamond,5802
Catching Faith,5803
The Perfect Daughter,5804
Alabama Dirt,5805
Thomas & Friends: The Great Race,5806
Her Dark Past,5807
Deadly Inferno,5808
Josh Blue: Delete,5809
10 Year Reunion,5810
Bangistan,5811
Desecrated,5812
Hillary,5813
Road to the Well,5814
Thomas & Friends: Sodor's Legend of the Lost Treasure: The Movie,5815
Inside Hitler's Killing Machine,5816
The Neon Dead,5817
Car Patrol of Car City,5818
Baby Steps,5819
Vietnam: Secret Negotiations that Ended the War,5820
The Witching Season,5821
Meet My Valentine,5822
Irrefutable Proof,5823
Karma,5824
Bad Blood,5825
Grandma's House,5826
Stranger in the House,5827
Inji Iduppazhagi,5828
A Quiet Heart,5829
Lonely Boys,5830
Glitch,5831
I Dream Too Much,5832
Where Love Found Me,5833
Two Wrongs,5834
Learn with Ted the Train,5835
Remember Pearl Harbor,5836
Nightmare Nurse,5837
Double Mommy,5838
Riverhead,5839
Edison,5840
South Bureau Homicide,5841
Ruben Guthrie,5842
Matt Braunger: Big Dumb Animal,5843
Man's World,5844
Team Hot Wheels: Build the Epic Race,5845
Wintergast,5846
Manchild: The Schea Cotton Story,5847
Just Let Go,5848
Insectibles,5849
Manamantha,5850
Willie Barcena: The Truth Hurts,5851
Heart of the World: Colorado's National Parks,5852
Tiny Trucks,5853
Hood,5854
Tum Bin 2,5855
Bazodee,5856
The Ave,5857
Love & Hostages,5858
Rough Book,5859
Always Worthy,5860
June Falling Down,5861
Sinbad - The Flying Princess and the Secret Island,5862
21 Day Transformation,5863
Teraa Surroor,5864
The Evolution of Us,5865
I Am Joe,5866
Chasing Pavement,5867
Rodeo and Juliet,5868
The Looking Glass,5869
The Dying of the Light,5870
Bookaboo,5871
Ties That Bind,5872
Stalked by My Neighbor,5873
Waiting on Mary,5874
Manithan,5875
Saahasam,5876
Holiday Breakup,5877
10 Endrathukulla,5878
Mothers of the Bride,5879
An Eye for an Eye,5880
Classmates,5881
Alex James: Slowing Down Fast Fashion,5882
Jimmy Dore: Sentenced To Live,5883
Coming Out,5884
Dholki,5885
The Cat In The Hat Knows A Lot About Halloween!,5886
Jawani Phir Nahi Ani,5887
Before the Sun Explodes,5888
Eggy,5889
Sand Castles,5890
Marshall's Miracle,5891
Mitwa,5892
Blossoms of Faith,5893
A Year in Port,5894
West of Her,5895
Home,5896
A Midsummer's Hawaiian Dream,5897
Wild North,5898
Pass the Light,5899
"Amazon Presents Paul Weller LIVE, at The Great Escape",5900
BoBoiBoy: The Movie,5901
Construction Squad of Car City,5902
As Good As You,5903
Perfume Anniversary 10days 2015 PPPPPPPPPP LIVE 3:5:6:9,5904
The Legend of Alice Flagg,5905
Delinquent,5906
Gridiron UK,5907
Bang Baaja Baaraat,5908
Love Shots,5909
Prisoner Number A26188: Henia Bryer,5910
Nambiyaar,5911
2 Years of Love,5912
Lil Rel Howery: RELevent,5913
Darling,5914
The Babymooners,5915
Pride: Ruler's at Risk,5916
The Second Time Around,5917
5 Doctors,5918
A Husband for Christmas,5919
Dinner,5920
The Submarine Kid,5921
2eleven,5922
Go Fish,5923
The Cat in the Hat Knows a Lot About Camping!,5924
Chonda Pierce: Laughing in the Dark,5925
Reclusion,5926
Lost in Hong Kong,5927
Gina Brillon: Pacifically Speaking,5928
Kadavul Irukaan Kumaru,5929
Ekaj,5930
Paranormal Matrix,5931
Ekkadiki Pothavu Chinnavada,5932
730,5933
Andy Peters: Exclamation Mark Question Point,5934
Gigglebug,5935
Saving Mr. Wu,5936
Come Out Fighting,5937
Behind Some Dark Cloud,5938
Green Is Gold,5939
Paradise by the Dashboard Light,5940
Shivalinga,5941
Absurd Accident,5942
Rimba Racer,5943
Bible Land Passages,5944
Cameron Esposito: Marriage Material,5945
American Romance,5946
Ameluk,5947
Hostile Border,5948
Buddy Solitaire,5949
Reunited,5950
Savitri,5951
The Night Guard,5952
Pinkfong! Animal Songs,5953
Ammani,5954
Mark & Russell's Wild Ride,5955
Seattle Road,5956
Suicide Note,5957
Ian Harvie: May the Best Cock Win,5958
RZ-9,5959
The End of the Road,5960
Stolen Tango,5961
Pugazh,5962
Battlezone WWII: Nazi Blitzkrieg - The Battle For France,5963
Monchuri,5964
Bangalore Naatkal,5965
Bickerman's Grove,5966
Manal Kayiru 2,5967
Romeo Vs Juliet,5968
Winners Tape All: The Henderson Brothers Story,5969
Damlelya Babachi Kahani,5970
Kevin Hart Presents: Plastic Cup Boyz,5971
My Greek Table with Diane Kochilas,5972
Vetrivel,5973
"Jermaine Fowler: Give 'Em Hell, Kid",5974
Sasq-Watch!,5975
Killer Assistant,5976
Dwayne Perkins: Take Note,5977
HooplaKidz,5978
Gays in Prison,5979
Five-O,5980
Brian Gaar: Jokes I Wrote At Work,5981
Paquete 3,5982
Cannabis to Save My Life,5983
A Million Hits,5984
Someone to Carry Me,5985
Todo incluido,5986
Wonder Boy for President,5987
C.R.Usher,5988
Kacche Dhaagey,5989
The Porter Brothers,5990
Binhi: The Seed,5991
54321,5992
Abducted: The Jocelyn Shaker Story,5993
Dov Davidoff: Lower Your Expectations,5994
Full Strike,5995
Dynamite,5996
Nice Package,5997
The Adventures of Petey and Friends,5998
At the Fork,5999
Creepy Clowns,6000
Keith Robinson: Back of the Bus Funny,6001
Mo Mandel: Negative Reinforcement,6002
Love & Coffee,6003
Sakalakala Vallavan,6004
How Not To Die,6005
Darra,6006
Two Wrongs,6007
In Search of Doc Holliday,6008
Sinbad - Night at High Noon and the Wonder Gate,6009
Bryan Callen: Never Grow Up,6010
I Am Gangster,6011
Intrusion,6012
John Hron,6013
Sister Code,6014
The Turkish Way,6015
Forward. Side. Close!,6016
Woodfalls,6017
Achamindri,6018
Kirk Whalum: The Gospel According to Jazz (IV),6019
Hard Tide,6020
Jugni,6021
Creditors,6022
The Power Of Volcanos,6023
The Night Is Young,6024
Eh Janam Tumhare Lekhe,6025
Thiruttu VCD,6026
Stag Hunt,6027
Hillary,6028
Adithya (Creative Genius),6029
Erik Rivera: I'm No Expert,6030
Zara Si Bhool A Small Mistake,6031
Lodukku Pandi,6032
Iruvar Ullam,6033
Brina,6034
Land of the Gods,6035
Sapan Verma: Obsessive Comedic Disorder,6036
As Far As The Eye Can See,6037
Inji Murappa,6038
Ilakku,6039
The Paper Boat,6040
Finding Fortune,6041
Dodos,6042
Simple Gifts: The Chamber Music Society at Shaker Village,6043
Ennul Aayiram,6044
Nick Thune: Good Guy,6045
Wild Window: Bejeweled Fishes,6046
Mazurkas,6047
Bubble Bip,6048
Contradiction,6049
Unity: The Latin Tribute to Michael Jackson,6050
Breaker Breaker,6051
SuperTornado: Anatomy of a MegaDisaster,6052
Sarah Colonna: I Can't Feel My Legs,6053
Death by a Thousand Cuts,6054
Aries Spears: Comedy Blueprint,6055
Tiny Dancers,6056
Boonie Bears: The Big Top Secret,6057
Incarnation,6058
Old MacDonald Had a Farm and Many More Nursery Rhymes for Children,6059
Clandestine,6060
Rotters,6061
Urban Envy,6062
Bad Caller,6063
Sardaarji 2,6064
Bawal,6065
The Refractor,6066
Sankarabharanam,6067
Videola,6068
Make Time 4 Love,6069
The Charnel House,6070
Maha Maha,6071
Great Art,6072
Tom's Paint Shop in Car City,6073
Who Wrote the New Testament?,6074
Lewis Black: Black to the Future,6075
Cura Brochero,6076
Steve Hofstetter: Ginger Kid,6077
Kaul Manacha,6078
After You're Gone,6079
Life in a Tide Pool,6080
Backstabbed,6081
Pete Correale: Let Me Tell Ya,6082
49-O,6083
The Legend of Swee' Pea,6084
Invisible Tokyo,6085
Jamillah And Aladdin,6086
All She Wishes,6087
Kadavul Paathi Mirugam Paathi,6088
The Cookie Project,6089
American High School,6090
Ombre della Sera,6091
Baby Pirates: The Golden Statue,6092
Do You Like Broccoli Ice Cream? & More Kids Songs: Super Simple Songs,6093
Standing Eight,6094
Jay Pharoah: Can I Be Me?,6095
The Bath Song & More Kids Songs: Super Simple Songs,6096
The American Dream Project,6097
Kandam,6098
Just Call Me Martina,6099
Moone Moonu Varthai,6100
Gelo,6101
Yakov Smirnoff's Happily Ever Laughter : The Neuroscience of Romantic Relationships,6102
Mexico's Bravest Man,6103
One Church,6104
I Am Watching You,6105
Happy 40th,6106
A Man Possessed,6107
Chris Harris on Cars,6108
Restricted Area: Baron Palace,6109
The Pop Ups: Great Pretenders Club,6110
Awakened,6111
Thoongaavanam,6112
In the Box,6113
Great Plains,6114
Vaanavil Vaazhkai,6115
Thiraipada Nagaram,6116
Love and Love Only,6117
Unwanted Guest,6118
Music & Murder,6119
Kopy Kings,6120
ABC Galaxy: New Space Adventures,6121
Killing Eve,6122
American Gods,6123
The Marvelous Mrs. Maisel,6124
A Very English Scandal,6125
Counterpart,6126
Tom Clancy's Jack Ryan,6127
You Were Never Really Here,6128
The White Princess,6129
Britannia,6130
Suspiria,6131
The Lost City of Z,6132
Made In Abyss,6133
K.G.F: Chapter 1,6134
Homecoming,6135
Submergence,6136
The VelociPastor,6137
Beautiful Boy,6138
The Big Sick,6139
Howards End,6140
Vanity Fair,6141
Get Shorty,6142
Absentia,6143
Marrowbone,6144
Vida,6145
Stargate Origins: Catherine,6146
Wotakoi: Love Is Hard for Otaku,6147
Ordeal by Innocence,6148
Tin Star,6149
Gonjiam: Haunted Asylum,6150
Little Women,6151
The ABC Murders,6152
Philip K. Dick's Electric Dreams,6153
LOL: Last One Laughing,6154
Banana Fish,6155
Loudermilk,6156
American Animals,6157
Cold War,6158
"Summer Days, Summer Nights",6159
Interlude In Prague,6160
The Little Hours,6161
Parallel,6162
Jungle,6163
Salvation,6164
A Taxi Driver,6165
The Cleaning Lady,6166
Butterfly Kisses,6167
Transit,6168
Wake in Fright,6169
Lore,6170
The Night Eats the World,6171
Hostile,6172
Life Itself,6173
"Don't Worry, He Won't Get Far on Foot",6174
Tumbbad,6175
Top Gear America,6176
Commandments,6177
Dead Lucky,6178
Forever,6179
Murdertown,6180
The Hero,6181
Boom for Real: The Late Teenage Years of Jean-Michel Basquiat,6182
The Beyond,6183
Ash Is Purest White,6184
Grimoire of Zero,6185
Long Strange Trip,6186
Informer,6187
The Dark,6188
Picnic at Hanging Rock,6189
Accident Man,6190
The Delivery Boy,6191
2036 Origin Unknown,6192
Handy Bean,6193
The Adventures of Rocky and Bullwinkle,6194
Last Flag Flying,6195
Macbeth,6196
The Lie,6197
King Lear,6198
The Beach House,6199
Status Update,6200
America to Me,6201
Journey's End,6202
Scum's Wish,6203
Unacknowledged,6204
The Heist,6205
SAS: Rogue Warriors,6206
Look Away,6207
Citizen K,6208
T-34,6209
Bully,6210
The Romanoffs,6211
American Playboy: The Hugh Hefner Story,6212
The Blackwell Ghost,6213
Numberblocks,6214
Jonathan,6215
Mad to Be Normal,6216
Barbie Dreamtopia,6217
Mirzapur,6218
Grand Blue,6219
Wrong Man,6220
Domain,6221
The China Hustle,6222
Magical Girl Site,6223
Oh My God!,6224
I Love You Both,6225
Heal,6226
After the Rain,6227
In the Aisles,6228
Happy Sugar Life,6229
Blue Murder: Killer Cop,6230
The Fare,6231
The Wall,6232
The Ride,6233
Boarding School Juliet,6234
Big Brother,6235
Killing Bites,6236
The Gardener,6237
He's Out There,6238
Social Animals,6239
"New Dogs, Old Tricks",6240
6 Days,6241
Demon House,6242
Bomb City,6243
Tokyo Vampire Hotel,6244
Wonder Wheel,6245
M.F.A.,6246
Gringo,6247
Girls' Last Tour,6248
All Together Now,6249
Karakuri Circus,6250
City of Ghosts,6251
Zoe,6252
Elon Musk: The Real Life Iron Man,6253
Kung Fu Yoga,6254
Delirium,6255
Alien Addiction,6256
Hired Gun,6257
Atom: The Beginning,6258
Love and Lies,6259
Underbelly Files: Chopper,6260
Just Friends,6261
The Cleaning Lady,6262
Wonderstruck,6263
Blood Fest,6264
Landline,6265
Broken Star,6266
Hitorijime My Hero,6267
Dark River,6268
Beach House,6269
Maze,6270
All or Nothing: New Zealand All Blacks,6271
In Search of Greatness,6272
Eye of the Beholder: The Art of Dungeons & Dragons,6273
The Only Living Boy in New York,6274
Generation Wealth,6275
Rumble: The Indians Who Rocked the World,6276
Le Mans: Racing is Everything,6277
Ambulance Australia,6278
Operation Red Sea,6279
White Dragon,6280
Primal Rage,6281
4 Blocks,6282
The Year of Spectacular Men,6283
The Secret Life of the Cruise,6284
The Hollow Child,6285
Land of the Lustrous,6286
Starhunter ReduX,6287
Peterloo,6288
Esohe,6289
Snapshots,6290
The Last Tycoon,6291
Sobibor,6292
Rainbow Rangers,6293
First Nations Comedy Experience,6294
UQ Holder!,6295
Higher Power,6296
The Changeover,6297
Harem,6298
In a Relationship,6299
The Mothman of Point Pleasant,6300
The Healer,6301
Pequeñas Coincidencias,6302
Santa Jaws,6303
Summer '03,6304
Sharknado 5: Global Swarming,6305
Ismael's Ghosts,6306
Up North,6307
Candy,6308
Slumber,6309
Legend of the Naga Pearls,6310
Chef,6311
The Ghost and the Tout,6312
4/20 Massacre,6313
My Best Friend,6314
Brad's Status,6315
GRAND PRIX Driver,6316
The Last Sharknado: It's About Time,6317
Is It Wrong to Try to Pick Up Girls in a Dungeon? On the Side: Sword Oratoria,6318
Revenge Body With Khloe Kardashian,6319
Road to the Lemon Grove,6320
The House of Tomorrow,6321
The Invisibles,6322
Thus Spoke Kishibe Rohan,6323
The Gateway,6324
Surgeons: At the Edge of Life,6325
Almost Friends,6326
Edie,6327
Dino Dana,6328
Stalked by My Doctor: Patient's Revenge,6329
Retaliation,6330
The Doll,6331
2.0,6332
Dead Ant,6333
Re:Creators,6334
Prodigy,6335
Madame,6336
Voice from the Stone,6337
The Nurse,6338
Becks,6339
Hot Wheels City,6340
Nancy,6341
The Carmilla Movie,6342
Beyond The Sky,6343
Bunnyman Vengeance,6344
In Dubious Battle,6345
In My Mind,6346
Malicious,6347
Night Comes On,6348
Temple,6349
Permission,6350
Rangasthalam,6351
CTRL,6352
Beat,6353
Harriet Tubman: They Called Her Moses,6354
Relentless,6355
Beyond White Space,6356
Vikram Vedha,6357
Redcon-1,6358
I'm Not Here,6359
Lake Michigan Monster,6360
IRODUKU: The World in Colors,6361
Chavela,6362
Yu-Gi-Oh! VRAINS,6363
Alien Invasion: S.U.M.1,6364
Lust,6365
Dismissed,6366
Zoo,6367
Human Flow,6368
Warriors of Liberty City,6369
Scales: Mermaids Are Real,6370
Party Bus To Hell,6371
Monster High: Adventures of the Ghoul Squad,6372
Diablo Guardián,6373
Grace,6374
Friendly Beast,6375
Padmaavat,6376
Banana Island Ghost,6377
The Barn,6378
Hot Dog,6379
Ratsasan,6380
Project Gutenberg,6381
Onyx Family,6382
Anna Karenina. Vronsky's Story,6383
Gook,6384
Sweet Combat,6385
Beatless,6386
The Night Watchmen,6387
Disguise,6388
Jim Gaffigan: Noble Ape,6389
Go Buster!,6390
The Ringmaster,6391
2 pigeons,6392
Bharat Ane Nenu,6393
Dead Trigger,6394
SuperGrid,6395
Attack of the Southern Fried Zombies,6396
Mario,6397
Austin Found,6398
Welcome to the Ballroom,6399
All Summers End,6400
Pistorius,6401
The Music of Silence,6402
The Bachelors,6403
Inside Edge,6404
Alien Code,6405
306 Hollywood,6406
Corbin Nash,6407
Who's Watching Oliver,6408
Dying Laughing,6409
Breathe,6410
Sniper: Ultimate Kill,6411
Tennessee Whiskey: The Dean Dillon Story,6412
Runaway Romance,6413
Another Mother's Son,6414
Betting On The Bride,6415
Andrew Santino: Home Field Advantage,6416
Crown Heights,6417
Dirtbag: The Legend of Fred Beckey,6418
Thugs of Hindostan,6419
Lost Child,6420
Apostasy,6421
Desolation,6422
Breaking & Exiting,6423
The Women,6424
Class Rank,6425
Asylum of Fear,6426
Bad Kids of Crestview Academy,6427
Armed Girl's Machiavellism,6428
Apocalypse Rising,6429
Driver,6430
Pinkfong! Baby Shark,6431
Winter Ridge,6432
All About the Money,6433
Con Man,6434
Dance Academy: The Movie,6435
Fright Fest,6436
Wraith,6437
Big Legend,6438
Wait for Your Laugh,6439
Gintama,6440
Global Meltdown,6441
Taken Heart,6442
All or Nothing: Manchester City,6443
Blame,6444
October,6445
Psychic Princess,6446
The Trump Prophecy,6447
Little Horror Movie,6448
Tough Guy: The Bob Probert Story,6449
Haunting on Fraternity Row,6450
The Dunning Man,6451
Coldplay: A Head Full of Dreams,6452
Fixed,6453
Little Pink House,6454
Face 2 Face,6455
Sleepwalker,6456
Allure,6457
Psychopaths,6458
Grand Tours of Scotland's Lochs,6459
Pass Over,6460
Taking Earth,6461
Bob Saget: Zero to Sixty,6462
Stratton,6463
Camp Cool Kids,6464
The Moose Head Over the Mantel,6465
The Bikes of Wrath,6466
"You, Me and Him",6467
Christmas in the Heartland,6468
What Still Remains,6469
You Are Wanted,6470
The Trial: A Murder in the Family,6471
Saturday Church,6472
Lonestar: Stevie Ray Vaughan - 1984-1989,6473
The Competition,6474
My Girlfriend Is Shobitch,6475
Waiting for You,6476
Beyond the Edge,6477
Kashmir The Story,6478
Miami,6479
Gnaw,6480
My Wife & I,6481
Through Black Spruce,6482
A Very Country Christmas,6483
Crazy People,6484
Message Man,6485
The Gymkhana Files,6486
Andover,6487
Kevin Smith: Silent but Deadly,6488
Merry Men: The Real Yoruba Demons,6489
Kadaikutty Singam,6490
Sagrada Reset,6491
Alex & the List,6492
Age Out,6493
El secreto de Selena,6494
Sasheer Zamata: Pizza Mind,6495
A Death in the Gunj,6496
One Must Fall,6497
Supercon,6498
Amazed By You,6499
Super Simple Songs,6500
Girls of the Sun,6501
6 Below: Miracle on the Mountain,6502
Action Team,6503
10 Days In Sun City,6504
Shockwave: Countdown to Disaster,6505
Flight 666,6506
Daphne,6507
Laakhon Mein Ek,6508
Tel Aviv on Fire,6509
Brave New Jersey,6510
Hope Springs Eternal,6511
School Spirits,6512
Last Rampage,6513
The Curse of Buckout Road,6514
Headgame,6515
Fair Haven,6516
Tracktown,6517
Sharkwater Extinction,6518
Hindi Medium,6519
Ruyi's Royal Love in the Palace,6520
Road Less Traveled,6521
Get Big,6522
It Takes from Within,6523
The Stolen Princess,6524
Acute Misfortune,6525
With Open Arms,6526
Betty: They Say I’m Different,6527
Bridal Boot Camp,6528
Kaatru Veliyidai,6529
"Love, Kennedy",6530
Plug Love,6531
Isolani,6532
7 Splinters in Time,6533
From Lagos with Love,6534
Mind and Machine,6535
3 Years in Pakistan: The Erik Aude Story,6536
Tik Tik Tik,6537
Billy Boy,6538
Arjun Reddy,6539
33 & Beyond: The Royal Art of Freemasonry,6540
Cabin 28,6541
Age of Summer,6542
Cold Zone,6543
Smartass,6544
The White Orchid,6545
Barbie Dreamtopia: Festival of Fun,6546
Dracula in Love,6547
Survivor's Guide to Prison,6548
Awakening the Zodiac,6549
Alcatraz,6550
Mercy Christmas,6551
Leaning Into the Wind: Andy Goldsworthy,6552
The Creepy Line,6553
Shangri-La: Near Extinction,6554
The Broken Rose,6555
The Accidental Spy,6556
Astral,6557
Thirst Street,6558
Bad Ben - The Mandela Effect,6559
Brown Girl Begins,6560
Secondhand Hearts,6561
Just Charlie,6562
The Incantation,6563
DIVE!!,6564
Sonu Ke Titu Ki Sweety,6565
The Cat In The Hat Knows A Lot About Space!,6566
Gold,6567
Trafficked,6568
Life After Life,6569
Out of the Wild,6570
"Blood, Sand & Gold",6571
Solace,6572
Rammstein: Paris,6573
Remember the Sultana,6574
Satyameva Jayate,6575
Eaten by Lions,6576
Raabta,6577
Six Dreams,6578
Welcome the Stranger,6579
Shot! The Psycho-Spiritual Mantra of Rock,6580
It Happened One Valentine's,6581
Lavell Crawford: Home for the Holidays,6582
Fanney Khan,6583
Inheritance,6584
50 Summers,6585
Missing,6586
Dhogs,6587
Change in the Air,6588
Western World,6589
The iDOLM@STER.KR,6590
3 Hours till Dead,6591
The Edge of the Bush,6592
Eleven Eleven,6593
Division 19,6594
Another Soul,6595
Commando 2 -  The Black Money Trail,6596
Ice Princess Lily,6597
Retina,6598
City Of Joel,6599
"Henry Rollins: Keep Talking, Pal.",6600
Brotherhood of Blades II: The Infernal Battlefield,6601
Titipo Titipo,6602
Cartoon Classics - Vol. 1: 25 Favorite Cartoons - 3 Hours,6603
Pushpavalli,6604
Alpha Wolf,6605
An Actor Prepares,6606
Over There,6607
Karwaan,6608
Ripped,6609
"Dennis Miller: Fake News, Real Jokes",6610
Native America,6611
The Extraordinary Journey of the Fakir,6612
Fukrey Returns,6613
Faith's Song,6614
Spare Room,6615
Seven Senses of the Re'Union,6616
The Midnighters,6617
Bruce Lee,6618
Looking For Love,6619
Everything Is Free,6620
American Exorcist,6621
A Boy. A Girl. A Dream,6622
Mercy's Girl,6623
Princess Principal,6624
Limerence,6625
The Guardian Angel,6626
Theeran Adhigaaram Ondru,6627
All or Nothing: The Michigan Wolverines,6628
An Unknown Enemy,6629
Anyone Home?,6630
Make Us Dream,6631
Maya the Bee: The Honey Games,6632
The Road to Independence,6633
Milgram and the Fastwalkers,6634
Alakada Reloaded,6635
The Rolling Stones: From The Vault - Sticky Fingers Live at the Fonda Theatre 2015,6636
Golmaal Again,6637
Bodysnatch,6638
Meet the Peetes,6639
A Stitch in Time,6640
The Fabulous Allan Carr,6641
The Kaos Brief,6642
Niko and the Sword of Light,6643
Tiger Zinda Hai,6644
Chacha Vidhayak Hain Humare,6645
Blue,6646
A Thousand Junkies,6647
Laundry Day,6648
Seventeen,6649
Raising the Bar,6650
Rx,6651
Jalebi,6652
Corporate,6653
Sweet Home Carolina,6654
In God I Trust,6655
Dogged,6656
Secret Life Of The Long Haul Flight,6657
Love's Last Resort,6658
Two for Joy,6659
"Saimdang, Memoir of Colors",6660
Kill Order,6661
A Haunting On Dice Road 2: Town of the Dead,6662
Wheely,6663
Amanda & Jack Go Glamping,6664
Bayou Caviar,6665
The Adventurers,6666
Rangoon,6667
Canticos,6668
Badrinath Ki Dulhania,6669
Itzhak,6670
Stray,6671
Hichki,6672
Meri Pyaari Bindu,6673
Newton,6674
Unspeakable,6675
Velaikkaran,6676
Kaala,6677
Porthole,6678
Don't Open Your Eyes,6679
Imaikkaa Nodigal,6680
Wheeler,6681
One Under the Sun,6682
A Wedding Wonderland,6683
U Turn,6684
Mojin: The Worm Valley,6685
Destined to Ride,6686
Enchantimals: Új otthon,6687
Already Lucky,6688
Bucket,6689
Friends Don't Let Friends,6690
Pocoyo in cinemas: Your First Movie,6691
The Ghazi Attack,6692
Bob the Drag Queen: Suspiciously Large Woman,6693
A Very Sordid Wedding,6694
Toxic Shark,6695
Winter of The Braves,6696
Razzia,6697
Charm City,6698
Ceasefire,6699
Woodland,6700
The Horse Dancer,6701
Hate Story IV,6702
Hello Guru Prema Kosame,6703
WWII: The Long Road Home,6704
Falls Around Her,6705
Foul Play,6706
Blackmail,6707
Doe,6708
Courageous Love,6709
Freddie Mercury: The Ultimate Showman,6710
Heartbeats,6711
Maayavan,6712
Goodachari,6713
Bully,6714
Kurara: The Dazzling Life of Hokusai's Daughter,6715
Running for Grace,6716
Fighter of the Destiny,6717
Dhadak,6718
The New V.I.P.'s,6719
Blondie Live at Round Chapel : Prime Live Events,6720
The Perfect Host: A Southern Gothic Tale,6721
Off the Menu,6722
Beate,6723
Bhouri,6724
Southern Charm New Orleans,6725
Operation Toussaint: Operation Underground Railroad and the Fight to End Modern Day Slavery,6726
Instant Death,6727
Land Shark,6728
Soul to Keep,6729
No Good Heroes,6730
The Last Photograph,6731
Raazi,6732
Wetware,6733
Alienators,6734
Broken Mile,6735
The Price of Fame,6736
White Rabbit,6737
Cheaper 2 Keep Her,6738
Daddy,6739
Arctic Daughter: A Lifetime of Wilderness,6740
Dark Highlands,6741
Race 3,6742
Hope Dances,6743
The Swindlers,6744
After Party,6745
Say Yes,6746
Free In Deed,6747
2:Hrs,6748
Yardie,6749
Call Her Ganda,6750
Butterfly Caught,6751
Dark Beacon,6752
Thupparivaalan,6753
Fall City,6754
Doubting Thomas,6755
Twinsanity,6756
The Assassin's Code,6757
The Pagan King,6758
Cover Versions,6759
Cherry Pop,6760
Aruvi,6761
Raccoon Valley,6762
Runnin' from my Roots,6763
Hot Mess,6764
The Dangerous Book for Boys,6765
A Christmas in Royal Fashion,6766
In Search of Fellini,6767
Say You Will,6768
Devil in the Dark,6769
Beyond the Woods,6770
White Night,6771
Thy Neighbor,6772
The Trough,6773
6-Headed Shark Attack,6774
Abe & Phil's Last Poker Game,6775
Time Well Spent,6776
Canary,6777
The Penguin Counters,6778
Pinkfong! Healthy Habits,6779
One Step Behind the Seraphim,6780
The Stepsister,6781
Chasing Comets,6782
Don't Talk to Irene,6783
The Trap,6784
Corazón Contento,6785
A Sweetest Kiss,6786
Legend of Fuyao,6787
I Need You to Kill,6788
Lift,6789
Immortal Demon Slayer,6790
RX 100,6791
Drop Kick on My Devil!!,6792
Wives on Strike: The Revolution,6793
The Wrong Todd,6794
Translated,6795
The Rocket,6796
Sui Dhaaga - Made in India,6797
Ritual,6798
Dan Cummins: Don't Wake The Bear,6799
Dive,6800
Spiral,6801
The Fragile House,6802
My Month with Mrs Potter,6803
Altair: A Record of Battles,6804
Fishbowl,6805
Rebirth,6806
Mahanati,6807
Mad to the Max,6808
What Haunts Us,6809
22 Chaser,6810
102 Not Out,6811
The Rainbow Bridge Motel,6812
Bad Blood: The Movie,6813
A Time for Heaven,6814
Vince Giordano: There's a Future in the Past,6815
Skin,6816
On Happiness Road,6817
Gown and Out in Beverly Hills,6818
M.C.A,6819
Tamizh Padam 2,6820
Another Version of You,6821
Before Your Time,6822
Good Bones,6823
Bitter Melon,6824
Cartoon Classics - Vol. 2: 25 Favorite Cartoons - 3 Hours,6825
Go North,6826
Wild Man,6827
Wild Faith,6828
Nemesis,6829
Angel,6830
Comicstaan,6831
The Uncomfortable Truth,6832
Tarnation,6833
Gangsta,6834
PolyLove,6835
The Prey,6836
The Time of Their Lives,6837
Antariksham 9000 KMPH,6838
Tubelight,6839
The Truth About Christmas,6840
Pari,6841
Velaiyilla Pattathari 2,6842
Begum Jaan,6843
Wounded by the Wind,6844
Nawabzaade,6845
Travels by Narrowboat,6846
"Mr. Monkey, Monkey Mechanic",6847
Varsity Punks,6848
Cortez,6849
#SquadGoals,6850
Golden Job,6851
Breakable You,6852
Sylvia,6853
Water in a Broken Glass,6854
Mohalla Assi,6855
The Beautiful Ones,6856
Black Pumpkin,6857
Mademoiselle Paradis,6858
Let There Be Light,6859
Alive and Kicking,6860
Avenge the Crows,6861
Monsoon,6862
The Rainbow Experiment,6863
Drag Heals,6864
The Flip Side,6865
Maximum Impact,6866
Surviving Christmas with the Relatives,6867
Apple of My Eye,6868
Chris Claremont's X-Men,6869
Transfert,6870
The Dread,6871
Angrezi Mein Kehte Hain,6872
The Gospel of Eureka,6873
On the Ropes,6874
Quark Science,6875
The Bastards' Fig Tree,6876
Thomas & Friends: Journey Beyond Sodor,6877
Harmony with A. R. Rahman,6878
Rough Stuff,6879
Fury of the Fist and the Golden Fleece,6880
The Browsing Effect,6881
Loveyatri,6882
What if it Works?,6883
Wholly Broken,6884
Pataakha,6885
Fishbowl California,6886
Whatever Father!,6887
From Japan to Egypt,6888
First We Take Brooklyn,6889
Mitron,6890
Thomas & Friends: Big World! Big Adventures! The Movie,6891
Republic Z,6892
A Christmas in New York,6893
Shaitaan Haveli,6894
The Daniel Tiger Movie: Won't You Be Our Neighbor?,6895
Devil's Whisper,6896
Imada x Higashino no Carigyura,6897
Tumhari Sulu,6898
Bank Chor,6899
Tokyo Alice,6900
Restoring the Shack,6901
You Can't Say No,6902
American Experience: Rachel Carson,6903
Pariyerum Perumal,6904
ExPatriot,6905
My Online Nightmare,6906
Love Ni Bhavai,6907
Bachelor Lions,6908
Anonymous Noise,6909
Nurses Do It Better,6910
Last Summer,6911
The House of Screaming Death,6912
爱，来的刚好,6913
Haikara-san: Here Comes Miss Modern Part 1,6914
Sketch,6915
Pure the movie series,6916
Newly Single,6917
Hello Mr. Billionaire,6918
A Woman Deceived,6919
Living Space,6920
Anuvab Pal: Alive at 40,6921
Un Regalo Esencial,6922
The Rolling Stones – From The Vault: No Security – San Jose ’99,6923
The Coming Convergence,6924
Soul Sessions,6925
Flesh,6926
Chase Street,6927
Ladies of the Lake,6928
Intensive Care,6929
Beyond The Spectrum - Being Taken,6930
Cobby: The Other Side of Cute,6931
Diana: The Royal Truth,6932
Raja the Great,6933
Dirt Road To Lafayette,6934
Dead Sound,6935
Gutboy: A Badtime Story,6936
Brian Posehn: Posehn 25x2,6937
Padi Padi Leche Manasu,6938
Open Marriage,6939
Bhaagamathie,6940
The Wishing Forest,6941
Visions of Greatness,6942
Sea Gypsies: The Far Side of the World,6943
Appiness,6944
Let Me Fall,6945
An American in Texas,6946
Boris e Rufus,6947
Jack Lantern,6948
Kabukibu!,6949
Back for Good,6950
The Girl with Two Faces,6951
"Varun Thakur: Vicky This Side, Varun That Side",6952
Sideboob,6953
Penélope,6954
Nota,6955
What Have We Done to Deserve This?,6956
Zakir Khan: Haq Se Single,6957
Sashinka,6958
Thuppakki Munai,6959
Acquainted,6960
"Eriko, Pretended",6961
200 Miles,6962
Two Crowns,6963
Tazzeka,6964
O Crime da Gávea,6965
Bullitt County,6966
Making a Killing,6967
Olympia,6968
Zakir Khan: Kaksha Gyarvi,6969
Thaanaa Serndha Koottam,6970
Gayatri,6971
Mister,6972
Masala Chai,6973
To Tokyo,6974
Woodwind,6975
The Island,6976
Kristal Clear,6977
When Margaux Meets Margaux,6978
Enchantimals: Tales from Everwilde,6979
Lakshmi,6980
Compulsion,6981
Hangover in Death Valley,6982
Death of a Child,6983
No Greater Love,6984
Gurgaon,6985
Women & Sometimes Men,6986
Naachiyaar,6987
Die Trying,6988
My Summer as a Goth,6989
The Haunting of Mia Moss,6990
California No,6991
Jane and Emma,6992
The Hungry,6993
Trump: The Art of the Insult,6994
Break Night,6995
Abhiyum Anuvum,6996
Sakka Podu Podu Raja,6997
Katha Nayagan,6998
Biswa Kalyan Rath : Biswa Mast Aadmi,6999
Deathgrip,7000
Mistress,7001
With A Kiss I Die,7002
Nick Di Paolo: Inflammatory,7003
Kabullywood,7004
Noor,7005
Painted Horses,7006
Touch Chesi Chudu,7007
A Lonely Woman,7008
Srinivasa Kalyanam,7009
Jon Reep: Ginger Beard Man,7010
Summer Blooms,7011
The Giant Killer,7012
GangStars,7013
Jean-François and the Meaning of Life,7014
Aravind SA - Madrasi Da,7015
"Happy Birthday, Toby Simpson",7016
Kenny Sebastian : Don't Be That Guy,7017
Naam,7018
What Children Do,7019
Cam & Leon,7020
Officer,7021
Rahul Subramanian: Kal Main Udega,7022
Chee and T,7023
Kanan Gill: Keep It Real,7024
Improv All Stars: Games Night,7025
Father to Son,7026
Katheyondu Shuruvagide,7027
Brand New Old Love,7028
Mango Dreams,7029
Jack White: Kneeling At The Anthem D.C.,7030
The Ghost and the Whale,7031
Away from Everywhere,7032
The G,7033
Darken,7034
Blanche,7035
Bhoomi,7036
Eat. Race. Win.,7037
Driven to Dance,7038
Shayne Smith: Prison for Wizards,7039
Raju Gari Gadhi 2,7040
A Reckoning,7041
Overlord: Blood Genealogy,7042
Honest Men,7043
Dandupalya 2,7044
Double Eagle Ranch,7045
Chi-Town,7046
Crazy Famous,7047
Volatile Earth,7048
Kalavani Mappillai,7049
Babs,7050
Bloody Romance,7051
Audubon,7052
The Legend: The Bessie Coleman Story,7053
Flat No. 609,7054
Throwback Holiday,7055
Beast of the Water,7056
The Jupiter Enigma,7057
The Narcissists,7058
Steve Lemme & Kevin Heffernan: The Potential Farewell Tour,7059
The Amish and the Reformation,7060
Domestique,7061
Joe's War,7062
Adam & Evelyn,7063
Under the Smoky Roof,7064
30 Day Promise,7065
Magalir Mattum,7066
Mumbai Pune Mumbai 3,7067
Christmas in Mississippi,7068
Rise Of The Great White Shark,7069
Humpty Dumpty & More Kids Songs: Super Simple Songs,7070
Dwayne Perkins: Please Believe it,7071
The Remix,7072
Eddie Griffin: Undeniable,7073
Mùa Viết Tình Ca,7074
Musclecar,7075
Villavan,7076
Guigo Offline,7077
Blood Chutney,7078
Nemr: No Bombing in Beirut,7079
Shawn Pelofsky: Stretch it Out!,7080
Countrycide,7081
The Ring Thing,7082
Drinksgiving,7083
2nd Chances,7084
Doug Stanhope: The Comedians' Comedian's Comedians,7085
Pinkfong! Dinosaur Songs,7086
Alan Jackson: Small Town Southern Man,7087
Woke Up Like This,7088
Max Steel: Turbo Charged,7089
Treasure Champs,7090
Ghajinikanth,7091
NO-ONE,7092
By Any Means,7093
"An American Girl Story: Summer Camp, Friends For Life",7094
Revenge in Kind,7095
Sentosha: Battle Wheels,7096
Tan,7097
Modern Love,7098
The Cage,7099
Gaddappana Duniya,7100
Jarugandi,7101
Buckjumping,7102
Undocument,7103
Tomorrow's Star,7104
Merrick,7105
Nobody Famous,7106
Head Above Water,7107
Silence Patton,7108
The Road to Edmond,7109
Paul Rodriguez: The Here & Wow,7110
Palace,7111
Armando Anto: The Maestro of Comedy,7112
Sin Pepitas en la Lengua,7113
Half Songs,7114
Naveen Richard: Don't Make That Face,7115
Erik Griffin: AmERIKan Warrior,7116
Orange,7117
Holy Boom,7118
The Kingsbury Run,7119
Serial Swindlers,7120
Becoming Burlesque,7121
Kaufman's Game,7122
One Great Love,7123
Dawn,7124
Fahim Anwar: There's No Business Like Show Business,7125
The Sneaker Game,7126
Enakku Vaaitha Adimaigal,7127
The Come Up,7128
Amar Akbar Anthony,7129
Hey Jude,7130
Unmaad,7131
Call Me King,7132
White Blessing,7133
A Social Cure,7134
TransMilitary,7135
The Ark of Disperata,7136
The Consequence,7137
Branded,7138
Jawaan,7139
September Rayne,7140
Owen Benjamin: Huge Pianist,7141
M,7142
Ente Ummante Peru,7143
Above the Clouds,7144
Nas: Live from the Kennedy Center,7145
Endless?,7146
Delaware Shore,7147
The Super Simple Show - Christmas,7148
Ahare Mon,7149
Best Kids in Texas,7150
The Avenue,7151
Raja Ranguski,7152
The Lost Valley,7153
Ian Bagg: Conversations,7154
The Brotherhood,7155
Silukkuvarupatti Singam,7156
Ninnu Kori,7157
Damascus Time,7158
Nore Davis: You Guys are Dope,7159
"Remembering Leonard: His Life, Legacy and Battle with COPD",7160
A Million Happy Nows,7161
Kindness Matters,7162
The Turn Out,7163
Kautuk Srivastava : Anatomy Of Awkward,7164
Lilith,7165
Maikol Yordan 2: La Cura Lejana,7166
Dons of Disco,7167
"Nick Cannon: Stand Up, Don't Shoot",7168
Aamhi Doghi,7169
Vella Raja,7170
Fred Klett: One of Ten,7171
Love Contractually,7172
Fatal Crossing,7173
Actress Wanted,7174
Adrift in Soho,7175
Honor Amongst Men,7176
Kadha Paranja Kadha,7177
The Bray Road Beast,7178
Azeem Banatwalla: Cometh The Hour,7179
Thodi Thodi Si Manmaaniyan,7180
Annanukku Jey,7181
Ishqeria,7182
Ulkuthu,7183
Queer Nation,7184
Power of 1,7185
Qaidi Band,7186
Human Comedy,7187
Deal With the Devil,7188
Scramble,7189
Double Blind,7190
Liz Stewart: I'm Crowning,7191
Kaatrin Mozhi,7192
Catching the Black Widow,7193
Tc Gn: Take Care Good Night,7194
Brody Stevens: Live from the Main Room,7195
Luckunnodu,7196
Baker's Man,7197
A Husband's Lethal Intentions,7198
Seethakathi,7199
Our World: China's New Silk Road,7200
Go Straight Take Left,7201
Simran,7202
60 Vayadhu Maaniram,7203
Neruppu Da,7204
The Scoundrels,7205
Brent Weinbach: Appealing to the Mainstream,7206
Nene Raju Nene Mantri,7207
Sunny,7208
Prakash Electronic,7209
Gowdru Hotel,7210
Abish Mathew: Whoop!,7211
The Wake Up Call Movie,7212
Himote House: A Share House of Super Psychic Girls,7213
My 3 Boys,7214
Yemaali,7215
Out on Stage,7216
Zahradnictví: Dezertér,7217
Shooting in Vain,7218
Who Put the Klan in the Ku Klux Klan?,7219
Natalia Valdebenito: Loudmouth,7220
Podhuvaga En Manasu Thangam,7221
Stand Up the Musical by Aadar Malik,7222
Misrule,7223
Andy Sandford: Shameful Information,7224
Karma,7225
Seeing the Beginning of Time,7226
Sandpaper,7227
Dassehra,7228
Savyasachi,7229
Sorabh Pant : My Dad Thinks He's Funny,7230
Kaashi in Search of Ganga,7231
Neville Shah : What Are You Laughing At?,7232
The Dark Soul,7233
Dope Fiend,7234
Bhaskar Oru Rascal,7235
Kodiveeran,7236
Wonder Valley,7237
Hara Hara Mahadevaki,7238
Postcards From,7239
Backfire,7240
Ranangan,7241
White Wolves: Ghosts of the Arctic,7242
Danger & Eggs,7243
Caim,7244
Got my Hustle Up,7245
Out on Stage,7246
Dixie Chicks - DCX MMXVI Live,7247
In the Hood,7248
Love All You Have Left,7249
Forrest Shaw: Poor Decisions,7250
Juarez 2045,7251
Love Possibly,7252
The Three Drinkers Do Scotch Whisky,7253
All Talk,7254
American Cannibal,7255
Yevanavan,7256
Loo Loo Kids Johny & Friends Musical Adventure,7257
Bhikari,7258
Steven Tyler: Out on a Limb,7259
Without Fear,7260
Engada Irunthinga Ivvalavu Naala,7261
And There Were 4,7262
Daisy & the Gumboot Kids,7263
Sahil Shah's: Childish Behaviour,7264
If Paris Downcast,7265
Boss,7266
Secrets of Deception,7267
Vaibhav Sethia: Don't,7268
"Antofagasta, New York",7269
Too Cold to Swim,7270
Dropping the Soap,7271
John Laurens' War,7272
Sometimes Our Friends Come Over (and sometimes we're all alone),7273
EIC: Outrage,7274
Adam Newman: Fuzzies,7275
Forced Orphans,7276
"KEY LEWIS HALF BLACK, HALF WHITE, LOOKS MEXICAN",7277
Güven,7278
Nishant Tanwar : Dilli Se Hoon B*@!%D,7279
Last Call for Titan,7280
Maaya,7281
Sorabh Pant: Make India Great Again,7282
Welcome to Zama,7283
Mistaken,7284
Baja,7285
Champion,7286
Auf Ediths Spuren,7287
Blood Circus,7288
Morti's Law,7289
Cypress Under Water,7290
"Asawa ko, karibal ko",7291
Naomi's Journey,7292
The Outdoorsman,7293
Sagardwipey Jawker Dhan,7294
Smiles of Sad Men,7295
The Age of Maturity,7296
Inference Notes,7297
ER Doctors,7298
5K1,7299
Johnny,7300
Unwanted,7301
Monstruo,7302
Deadly Expose,7303
Rich Africans,7304
Kadhal Kasakuthaiya,7305
English Padam,7306
Dr. Brinks & Dr. Brinks,7307
Shatru Gate,7308
Tehreer,7309
London Bridge Is Falling Down,7310
The Z Virus,7311
C- Bar,7312
Marital Problems,7313
Jack Vs. Lanterns,7314
Sankashta Kara Ganapathi,7315
Hollow Scream,7316
To Dine For with Kate Sullivan,7317
The Five Provocations,7318
Kuldip Patwal: I Didn't Do It!,7319
Tranquillo,7320
Attention Please,7321
Padai Veeran,7322
Shadow of Justice,7323
Superchamp Returns,7324
Gulaebaghavali,7325
Cold Breath,7326
Nazareth,7327
Black Bud,7328
Going Viral Pvt. Ltd.,7329
Enclosed,7330
Gopi,7331
El Expediente Atlimeyaya,7332
Humberto Mauro,7333
"Angry, White and American",7334
Kevin Bozeman: Clean and Unfiltered,7335
Banjara: The Truck Driver,7336
"Vanilla, Strawberry & Chocolate",7337
Kadamban,7338
Sprinter,7339
Paranormal Investigation Agency,7340
Night Kaleidoscope,7341
Girls VS Gangsters,7342
SHK HEROFORCE,7343
Faith in Humanity Restored,7344
Sleep Eaters,7345
Kaathadi,7346
KevCoin: The Movie,7347
Swargakkunnile Kuriakose,7348
Valentine DayZ,7349
Holy Air,7350
Hit a Lick,7351
Into the Who Knows!,7352
The Whole Package,7353
Pinkfong! Car Songs,7354
ISIS: Enemies of Humanity,7355
Frank & Fearless,7356
Boyfriend Killer,7357
Anirban Dasgupta: Take It Easy,7358
The Put Chutney Show,7359
Kalathur Gramam,7360
The Yousers,7361
Urvi,7362
Sangili Bungili Kadhava Thorae,7363
HahaKaar,7364
Vatican Miracle Examiner,7365
The Improvisers: Something from Nothing,7366
Runanubandha - The He Without Him,7367
Warrior Road,7368
Meant to Be Broken,7369
Sathura Adi 3500,7370
London Unplugged,7371
Ryan Defrates: Secret Agent,7372
Sonic the Hedgehog,7373
The Chosen,7374
Sanditon,7375
The Wilds,7376
Undone,7377
The Boys,7378
Upload,7379
The Wolf of Snow Hollow,7380
Saint Maud,7381
Your Honor,7382
Love and Monsters,7383
Bill & Ted Face the Music,7384
Most Dangerous Game,7385
Good Omens,7386
Vinland Saga,7387
Guns Akimbo,7388
Sound of Metal,7389
The Courier,7390
The Spanish Princess,7391
Hanna,7392
Dublin Murders,7393
Hightown,7394
Tales from the Loop,7395
Black Bear,7396
P-Valley,7397
Vivarium,7398
Freaks,7399
Now Apocalypse,7400
Wayne,7401
Carnival Row,7402
City on a Hill,7403
They Live Inside Us,7404
The Luminaries,7405
Dororo,7406
Hunters,7407
Archive,7408
Power Book II: Ghost,7409
Too Old to Die Young,7410
ZeroZeroZero,7411
The Vast of Night,7412
Unhinged,7413
Bombshell,7414
Modern Love,7415
The Gloaming,7416
Joe Bell,7417
Utopia,7418
Night Hunter,7419
Judy,7420
Spontaneous,7421
Beasts Clawing at Straws,7422
The Wave,7423
Couples Therapy,7424
Cocomelon,7425
Beecham House,7426
Sweet River,7427
Jay and Silent Bob Reboot,7428
The Vanishing,7429
Lost Transmissions,7430
Penny Dreadful: City of Angels,7431
The L Word: Generation Q,7432
Borat Subsequent Moviefilm,7433
Small Axe,7434
Blood & Treasure,7435
The Arbors,7436
Flack,7437
Flashback,7438
Spell,7439
Fire Will Come,7440
Meteor Moon,7441
June Again,7442
VICE,7443
Gretel & Hansel,7444
Valley Girl,7445
Pinocchio,7446
Horizon Line,7447
Honest Thief,7448
The Pale Horse,7449
A Rainy Day in New York,7450
Little Birds,7451
First Love,7452
How to Survive Being Single,7453
Danger Close: The Battle of Long Tan,7454
Our Friend,7455
Truth Seekers,7456
One Night in Miami...,7457
Castle in the Ground,7458
Planet of the Humans,7459
Golden Voices,7460
The Rhythm Section,7461
Come Away,7462
The Report,7463
Come to Daddy,7464
Honey Boy,7465
The Goldfinch,7466
Closed for Storm,7467
On the Trail of UFOs,7468
Joanna Lumley's Hidden Caribbean: Havana to Haiti,7469
The Untamed,7470
Dark Light,7471
The Informer,7472
This Is Not Berlin,7473
El Cid,7474
Fisherman’s Friends,7475
Only the Animals,7476
Amy Schumer Learns to Cook,7477
Jallikattu,7478
The Queen's Corgi,7479
Jungleland,7480
The Feed,7481
Uncle Frank,7482
Line of Duty,7483
First Lady,7484
Care Bears: Unlock the Magic,7485
The Deeper You Dig,7486
Nocturne,7487
James May: Our Man In Japan,7488
Escape Plan: The Extractors,7489
The Widow,7490
The Silencing,7491
Harpoon,7492
LEGO Monkie Kid,7493
Fiddler: A Miracle of Miracles,7494
47 Meters Down: Uncaged,7495
Mortal,7496
Leavenworth,7497
De Gaulle,7498
A Vigilante,7499
Work in Progress,7500
Grizzly II: Revenge,7501
My Spy,7502
A Living Dog,7503
Blow the Man Down,7504
The Aeronauts,7505
The Jack in the Box,7506
Blackbird,7507
Arkansas,7508
Love Fraud,7509
Brittany Runs a Marathon,7510
Breach,7511
The Secret: Dare to Dream,7512
And Then We Danced,7513
Close Encounters of the Fifth Kind,7514
Man Camp,7515
Capone,7516
Words on Bathroom Walls,7517
Mr. Tornado,7518
7500,7519
The Poison Rose,7520
Here After,7521
Howling Village,7522
LEGO City Adventures,7523
Never Surrender: A Galaxy Quest Documentary,7524
Three Summers,7525
Curse of Aurore,7526
Body Cam,7527
Relaxer,7528
Light of My Life,7529
Arthur & Merlin: Knights of Camelot,7530
Hellier,7531
Making the Cut,7532
Jasper Mall,7533
Troop Zero,7534
A Murderous Affair in Horizon Tower,7535
Herself,7536
Who You Think I Am,7537
The Wolf Hour,7538
Late Night,7539
Legend of Two Sisters In the Chaos,7540
Alone,7541
Time,7542
Asian Americans,7543
Seberg,7544
Super Size Me 2: Holy Chicken!,7545
Seven Stages to Achieve Eternal Bliss,7546
Ana,7547
Missing 411: The Hunted,7548
Max Cloud,7549
Giant Little Ones,7550
I'm Your Woman,7551
Cosmoball,7552
The Family Man,7553
The Glorias,7554
Les Misérables,7555
Iron Sky: The Coming Race,7556
Radioactive,7557
The Dead Center,7558
Kill Chain,7559
Zana,7560
Respira,7561
Like a Boss,7562
Days of the Bagnold Summer,7563
Gordon Lightfoot: If You Could Read My Mind,7564
The Final Wish,7565
Charles I: Downfall of a King,7566
Dance of the Phoenix,7567
The Maid,7568
Come As You Are,7569
Intersect,7570
1929,7571
Max Reload and the Nether Blasters,7572
The Booksellers,7573
M.O.M. Mothers of Monsters,7574
The Fanatic,7575
Sweetness in the Belly,7576
The Widow,7577
Guava Island,7578
Murder in the Cove,7579
Wander,7580
Jim Gaffigan: The Pale Tourist,7581
Force of Nature,7582
Sylvie's Love,7583
Pandora,7584
Waiting for Anya,7585
Ted Bundy: Falling for a Killer,7586
The Isle,7587
Back Roads,7588
Pinkfong Wonderstar,7589
"Harry Chapin: When in Doubt, Do Something",7590
Werewolf,7591
Craig Ferguson Presents: Hobo Fabulous,7592
Crown Lake,7593
Evil Eye,7594
Eternal Love of Dream,7595
You Are My Destiny,7596
Lorena,7597
A Most Beautiful Thing,7598
#UNFIT: The Psychology of Donald Trump,7599
Queen Marie of Romania,7600
The Rescue,7601
The Pilgrim's Progress,7602
The Romance of Tiger and Rose,7603
Jiang Ziya: The Legend of Deification,7604
"I Do, or Die - A Killer Arrangement",7605
Before/During/After,7606
After She Wakes,7607
Think Like a Dog,7608
Bottom of the 9th,7609
Chemical Hearts,7610
By the Grace of God,7611
Between Me and My Mind,7612
Diablo: The Utimate Race,7613
Frances Ferguson,7614
Smiley Face Killers,7615
Morgue,7616
The Host,7617
I Am Lisa,7618
The Last Narc,7619
The Man In The Hat,7620
Maria Bamford: Weakness Is the Brand,7621
Making Babies,7622
El Presidente,7623
Trump vs the Illuminati,7624
Life in a Year,7625
Sender,7626
The Mothman Legacy,7627
Selah and the Spades,7628
The Ash Lad: In Search of the Golden Castle,7629
Blood on Her Name,7630
Dark/Web,7631
Becoming,7632
The Way We Weren't,7633
All Creatures Here Below,7634
Halston,7635
Rocky,7636
The Legend of Xiao Chuo,7637
Jesus Shows You the Way to the Highway,7638
All or Nothing: Tottenham Hotspur,7639
Never Too Late,7640
Never Grow Old,7641
Get Duked!,7642
SpongeBob DocuPants,7643
The Bloodhound,7644
Madness in the Method,7645
The Climbers,7646
She's in Portland,7647
My Zoe,7648
Red Dog,7649
Broil,7650
Erotic Fire of the Unattainable,7651
Straight Edge Kegger,7652
Spinster,7653
Made in Heaven,7654
Children of Mud,7655
The Challenge: ETA,7656
A Toy Store Near You,7657
Chick Fight,7658
The Parts You Lose,7659
David Cross: Oh Come On,7660
Survive the Night,7661
This Giant Beast That is the Global Economy,7662
The Birdcatcher,7663
Eternal Beauty,7664
Sometimes Always Never,7665
Daughter of the Wolf,7666
She Never Died,7667
Walkaway Joe,7668
Beyond the Law,7669
WINE and WAR,7670
The Inheritance,7671
A Guide to Second Date Sex,7672
Take Us Home: Leeds United,7673
Invisible Life,7674
Gully Boy,7675
Kesari,7676
Berlin 1945: Tagebuch einer Großstadt,7677
Give Me Liberty,7678
The Special,7679
James May: Oh Cook!,7680
From the Vine,7681
10 Things We Should Do Before We Break Up,7682
Third Eye Spies,7683
The Miseducation of Bindu,7684
Muddled,7685
Maharshi,7686
Enemy Within,7687
Joy & Hope,7688
Colewell,7689
Loopers: The Caddie's Long Walk,7690
Piranhas,7691
The Rookies,7692
Too Late to Die Young,7693
This Is Football,7694
Yearly Departed,7695
Morphle,7696
Strega,7697
Most Likely to Succeed,7698
Zombie for Sale,7699
Stay Out Stay Alive,7700
Target Number One,7701
White as Snow,7702
Howl from Beyond the Fog,7703
Scrapyard Supercar,7704
King Gary,7705
Black Hawk Down: The Untold Story,7706
Breathe: Into the Shadows,7707
The Devil´s Shadow,7708
One Child Nation,7709
Four Kids and It,7710
Bolden,7711
Daughter of Lupin,7712
Finding Jesus,7713
World’s Toughest Race: Eco-Challenge Fiji,7714
Re-Elected,7715
Nesting Dolls,7716
Bad Therapy,7717
Candy Corn,7718
Ten Minutes to Midnight,7719
Reunion,7720
More Beautiful for Having Been Broken,7721
Four More Shots Please,7722
Summer Night,7723
Once Upon a Time in London,7724
The Rising Hawk,7725
Uncle Tom,7726
Steve Trevino: 'Til Death,7727
My Paranormal Nightmare,7728
Original Gangster,7729
Sweet Face,7730
I Hate Kids,7731
Water Helps the Blood Run,7732
Butchers,7733
Hawk and Rev: Vampire Slayers,7734
Hostel Daze,7735
Hellarious,7736
Halloween Party,7737
Bit,7738
Leap,7739
After We Leave,7740
Paatal Lok,7741
Play or Die,7742
Murder Bury Win,7743
The Wedding Year,7744
Before Someone Gets Hurt,7745
Paper Tiger,7746
The Last Days of Capitalism,7747
Mondo Hollywoodland,7748
House Monster,7749
Every Time I Die,7750
Dan Cummins: Get Outta Here; Devil!,7751
Bigil,7752
A Stone in the Water,7753
Hesburgh,7754
The Haunting of Borley Rectory,7755
LEGO Monkie Kid: A Hero Is Born,7756
Selfie Dad,7757
15 Minutes of War,7758
The Odds,7759
Extracurricular Activities,7760
Hillary: Ocean to Sky,7761
Concrete Plans,7762
I Hate the Man in My Basement,7763
1 Night In San Diego,7764
A Dog Barking at the Moon,7765
The True Adventures of Wolfboy,7766
The Dark Web Tapes,7767
The Assent,7768
El Candidato,7769
"Casanova, Last Love",7770
15 Years,7771
Gold Statue,7772
The Present,7773
The Days of Noah: The Flood,7774
Sing Me a Song,7775
Netflix vs. the World,7776
Casting The Net,7777
Brutus vs Cesar,7778
Overlord,7779
Saaho,7780
Luxor,7781
Pacto de Fuga,7782
Notebook,7783
Locusts,7784
Inside Borussia Dortmund,7785
Pet,7786
Nathan's Kingdom,7787
Fernando,7788
Panchayat,7789
Coyote Lake,7790
And They Say I Am the Crazy One,7791
Brotherhood,7792
7 Deadly Sins,7793
Student of the Year 2,7794
Babylon,7795
Spides,7796
Deep Murder,7797
Enhanced,7798
The Field,7799
Photograph,7800
Sacrilege,7801
Lucy Shimmers and the Prince of Peace,7802
This World Won't Break,7803
Dirty God,7804
Atlantis Untold,7805
Soorarai Pottru,7806
All or Nothing: Brazil National Team,7807
Yedu Chepala Kadha,7808
Arctic Dogs,7809
War,7810
Love Is Blind,7811
Thappad,7812
Secrets in the Water,7813
Penance Lane,7814
Sugar Daddy,7815
A World Away,7816
Solar Impact,7817
The Pack,7818
Boonie Bears: Blast into the Past,7819
The Fighting Preacher,7820
Antervyathaa,7821
Woe,7822
Defiant,7823
My Good Chinese Countrymen,7824
The Man on the Other Side,7825
The Haunting of Sharon Tate,7826
Extracurricular,7827
Breakdown,7828
The Witch of Kings Cross,7829
Honesty Weekend,7830
Alone With Her Dreams,7831
Steam Room Stories: The Movie,7832
Akilla's Escape,7833
Alienated,7834
Caronte,7835
Jamie: Keep Cooking and Carry On,7836
A Nun's Curse,7837
Yannis Pappas: Blowing The Light,7838
Modalità aereo,7839
For the Love of Jessee,7840
Citizens of the World,7841
Frightvision,7842
Pulk,7843
To Kill The Dragon,7844
Return of the Tooth Fairy,7845
4x4,7846
Zahara: The Return,7847
100 Days to Live,7848
Evil Little Things,7849
Inmate Zero,7850
Bharat,7851
The Nightmare Gallery,7852
I Will Make You Mine,7853
Chal Mera Putt,7854
Get Back Up,7855
Sadie Sparks,7856
Let's Go Cozy Coupe,7857
Kuessipan,7858
The River: A Documentary Film,7859
The Boy from Medellín,7860
HIT: The First Case,7861
Dear Comrade,7862
Useless,7863
Copperman,7864
Revenge Ride,7865
Turquoise Fever,7866
Darbar,7867
About Hope,7868
10 Minutes Gone,7869
VIP Pets,7870
The Test: A New Era for Australia's Team,7871
Coolie No. 1,7872
Toni Kroos,7873
An English Haunting,7874
The Unborn,7875
Vinaya Vidheya Rama,7876
The Cleansing,7877
Kalank,7878
A First Farewell,7879
Toca Life Stories,7880
Rise of the Footsoldier: The Heist,7881
Swimming for Gold,7882
Manifest Destiny Down: Spacetime,7883
Cliffs of Freedom,7884
Promised,7885
Ray Winstone's Sicily,7886
The Way You Look Tonight,7887
Vinci Da,7888
In This Gray Place,7889
World War 2 - The Call of Duty: A Complete Timeline,7890
Night Sweats,7891
Once is Enough,7892
Goblin,7893
Valley of the Gods,7894
Goodbye Seventies,7895
Josh Blue: Broccoli,7896
Shakuntala Devi,7897
Beast Mode,7898
Ms. White Light,7899
Cold Feet,7900
Winona,7901
Slashlorette Party,7902
Lady of Guadalupe,7903
Oh My Kadavule,7904
Good Newwz,7905
Death Ranch,7906
Black Fox: Age of the Ninja,7907
The Dream Motel,7908
Braking for Whales,7909
Daffodils,7910
Trading Paint,7911
My Greatest Dishes,7912
The Forgotten Army - Azaadi ke liye,7913
From the Depths,7914
Raatchasi,7915
Christmas Together,7916
Chasing Happiness,7917
A Werewolf in England,7918
Killbird,7919
The Usurper,7920
A Father's Legacy,7921
Love Mocktail,7922
We Had It Coming,7923
Mean Mums,7924
C U Soon,7925
Pull,7926
The Pit,7927
A French Woman,7928
Shall We Play?,7929
Corona,7930
Love Type D,7931
Asuran,7932
Bittersweet Symphony,7933
By Night's End,7934
Street Dancer 3D,7935
Magic Mountains,7936
I Am Fear,7937
#martyisdead,7938
Hero,7939
Darling Nikki,7940
Shadowplay,7941
Journal of the Mysterious Creatures,7942
Her Name Was Christa,7943
Wings Over Everest,7944
Sarileru Neekevvaru,7945
Amazing Christmas Recipes For Kids,7946
Rag Doll,7947
10/31 Part 2,7948
Dino Dana: The Movie,7949
De la vida al plato,7950
Avane Srimannarayana,7951
"The Badge, the Bible, and Bigfoot",7952
Marjaavaan,7953
The Sleepwalkers,7954
Sergio Ramos,7955
Preacher Lawson: Get to Know Me,7956
Combat Wombat,7957
Unpaused,7958
Picasso,7959
Gurkha,7960
The Invincible Dragon,7961
Ayyappanum Koshiyum,7962
A Series of Light,7963
Among Us,7964
Saving Zoë,7965
Unthinkable,7966
Deep Sea Monster Raiga vs. Lava Beast Ohga,7967
Shubh Mangal Zyada Saavdhan,7968
Road Head,7969
The Prague Orgy,7970
Pan y Circo,7971
Midnight Devils,7972
The Lost,7973
Kindred Spirits,7974
Blowing Up Right Now,7975
Dead Voices,7976
Extraordinary: The Seeding,7977
Súbete a mi Moto,7978
Quota,7979
Ming Dynasty,7980
Bread Barbershop,7981
Bad Ben 7: The Haunted Highway,7982
Mafia,7983
Chiara Ferragni: Unposted,7984
Back of the Net,7985
DeporTed,7986
Winter Begonia,7987
Circle,7988
The Pollinators,7989
Gunpoint,7990
Found.,7991
Stray Dolls,7992
Andy Murray: Resurfacing,7993
Section 375,7994
Hearts and Bones,7995
The Monopoly on Violence,7996
Because We Are Girls,7997
Imprisoned,7998
A Promise to Astrid,7999
10E,8000
Blood Pi,8001
Quarantine Girl,8002
The Florist,8003
The Mongolian Connection,8004
Summer Rebels,8005
Sye Raa Narasimha Reddy,8006
Viswasam,8007
10 Horas para o Natal,8008
Mardaani 2,8009
Jeff Allen: I Can Laugh About It Now,8010
Film Fest,8011
Aruvam,8012
Next Level,8013
Forte,8014
Tucked,8015
Mother's Little Helpers,8016
Jaanu,8017
A Christmas Recipe for Romance,8018
Mio on the Shore,8019
Carolina Marín: Puedo porque pienso que puedo,8020
Chitralahari,8021
A Christmas Princess,8022
Afsos,8023
Still The Water,8024
From Zero to I Love You,8025
Ishq,8026
Britain by Narrowboat,8027
Kavaludaari,8028
Marketing the Messiah,8029
The Curse of Hobbes House,8030
We Still Say Grace,8031
Brooklyn Love Stories,8032
Among Thieves,8033
#cats_the_mewvie,8034
Dabangg 3,8035
Bhoot: Part One - The Haunted Ship,8036
Language Arts,8037
Amber's Descent,8038
Phungus & Mowld,8039
Silence,8040
37-Teen,8041
15 Killings,8042
All About Who You Know,8043
Lost Heart,8044
The Legend of Halloween Jack,8045
Escape and Evasion,8046
Home Sweet Home,8047
Christmas Staycation,8048
Love Shot,8049
Thunderbird,8050
Chris Porter: A Man From Kansas,8051
American Dreamer,8052
Faith,8053
Gary Owen: #DoinWhatIDo,8054
Anthem of a Teenage Prophet,8055
Lucifer,8056
A Deadly Legend,8057
Majili,8058
The Angel of Auschwitz,8059
Oru Adaar Love,8060
Manikarnika: The Queen of Jhansi,8061
The Legion,8062
What Lies West,8063
Jawaani Jaaneman,8064
Foxtrot Six,8065
All In: The Fight for Democracy,8066
Fix Us,8067
The Sleepless Princess,8068
Fraud Saiyyan,8069
Await the Dawn,8070
American Heretics: The Politics of the Gospel,8071
The Wolf,8072
For Jennifer,8073
Big Brother,8074
MAGI The Tensho Boys' Embassy,8075
Laal Kaptaan,8076
Spoopy Movie Time,8077
A Gruta,8078
Embryo,8079
Why Me,8080
Pagalpanti,8081
Pasture,8082
Josie & Jack,8083
CRSHD,8084
Alexander Babu: Alex in Wonderland,8085
Britt-Marie Was Here,8086
Ayogya,8087
Out of Body,8088
Painter,8089
Mathu Vadalara,8090
On the Trail of Bigfoot,8091
The Day of the Living Dead,8092
Under the Power,8093
Driving Licence,8094
The Rest of Us,8095
Wild and Free: Florianópolis,8096
Chhalaang,8097
NGK,8098
The Mare,8099
Peranbu,8100
Girl/Girl Scene: The Movie,8101
Crypto Legacy,8102
Apartment 413,8103
Pati Patni Aur Woh,8104
Virus,8105
Pulanaivu,8106
Pinkfong & Baby Shark's Space Adventure,8107
Beautiful in the Morning,8108
Elsewhere,8109
Lillith,8110
Agent Sai Srinivasa Athreya,8111
Kemurikusa,8112
Slipping Into Darkness,8113
Elton John: Uncensored,8114
Turned Out,8115
Cattle Hill,8116
Don't Let Them In,8117
The Project,8118
Adithya Varma,8119
Durgamati: The Myth,8120
The Corrupted,8121
Avenues,8122
Tammy Pescatelli's Way After School Special,8123
F2: Fun and Frustration,8124
One Mic Stand,8125
A Haunting on Brockway Street,8126
Finding Grace,8127
Tone Bell - Can't Cancel This,8128
No Turning Back,8129
Free Meek,8130
Taana,8131
Four Enchanted Sisters,8132
"Events Transpiring Before, During, and After a High School Basketball Game",8133
The Underdog,8134
Green Light,8135
Sideshow,8136
Oorantha Anukuntunnaru,8137
The Mountain Minor,8138
The Silk Road,8139
Killer Queen,8140
Ruta Madre,8141
Infidelity,8142
Avocado Toast,8143
A Stormy Night,8144
Sita,8145
Beatrix Farrand's American Landscapes,8146
Enchantimals: Spring Into Harvest Hills,8147
I Wrote This for You,8148
Mighty Oak,8149
Evaru,8150
Pathinettam Padi,8151
The Nomads,8152
The Deposit,8153
Florrie,8154
The Bet,8155
Big Dogs,8156
My Grandpa is an Alien,8157
Chronofilm,8158
Sufna,8159
Action,8160
An Impossible Project,8161
Nikka Zaildar 3,8162
Iliza Shlesinger: Over & Over,8163
Breaking Habits,8164
Gang Leader,8165
Ash,8166
The Name,8167
Scare Attraction,8168
Root of the Problem,8169
Shylock,8170
Vanilla,8171
Big Kill,8172
South,8173
Yajamana,8174
Danny. Legend. God.,8175
Amalia in the Fall,8176
A Royal Christmas Engagement,8177
Clown Motel Vacancies,8178
Low Low,8179
Break,8180
An Artist of the Floating World,8181
Kadaram Kondan,8182
#Kids,8183
Dia,8184
Nishabdham,8185
Home for Harvest,8186
We,8187
On The Edge,8188
French Biriyani,8189
Phobic,8190
Buck Run,8191
Underplayed,8192
Love and Redemption,8193
Lured,8194
Beneath The Leaves,8195
ZillaFoot,8196
Prassthanam,8197
The Protectors,8198
X,8199
Dharma Prabhu,8200
Batla House,8201
Bandish Bandits,8202
HobbyKids Adventures,8203
Russian Raid,8204
Imperial Blue,8205
I Fell In Love With A Sanki,8206
No Gogó do Paulinho,8207
Behind Closed Doors,8208
Eddie Griffin: E-Niggma,8209
Seven Short Films About (Our) Marriage,8210
White Rhino,8211
The Friendliest Town,8212
Pescador,8213
Curse of the Blind Dead,8214
Flesh Is Heir To,8215
Ogre,8216
The Last Victims,8217
Sivappu Manjal Pachai,8218
Terror at Bigfoot Pond,8219
Blackwater,8220
5th of July,8221
Black Boys,8222
Burying Yasmeen,8223
Faith Based,8224
Gumnaami,8225
Showdown at Shelby's Shack,8226
Biskoth,8227
Gone with the Light,8228
Miss Multiverse - Australia,8229
Sweet Sunshine,8230
Arishadvarga,8231
Celebrity Crush,8232
The Misadventures of Mistress Maneater,8233
Any Bullet Will Do,8234
Christmas Break-In,8235
"Hey Sensei, Don't you know?",8236
Android Uprising,8237
Bryan Callen: Complicated Apes,8238
Karuppankaatu Valasu,8239
Sinful,8240
Joel McHale: Live from Pyongyang,8241
Healing from Hate: Battle for the Soul of a Nation,8242
Gho Gho Rani,8243
Costume Quest,8244
Stray,8245
Righteous Villains,8246
Perfume 8th Tour 2020 “P Cubed” in Dome,8247
I'd Like to Be Alone Now,8248
Jackpot,8249
Bulge Bracket,8250
Line Walker 2: Invisible Spy,8251
HERO Inspired by the Extraordinary Life & Times of Mr. Ulric Cross,8252
Pattas,8253
Victoria Small,8254
DDP: Relentless,8255
See You Soon,8256
Giants Being Lonely,8257
V,8258
Small Town Remedies,8259
Professor Shanku O El Dorado,8260
Arjun Patiala,8261
Chris Tall Presents...,8262
Borealis,8263
Happiness Continues,8264
Go Don't Go,8265
Brochevarevarura,8266
Turn of the Cheek,8267
Last Days,8268
Konga TNT,8269
I'll Never Forget You: The Last 72 Hours of Lynyrd Skynyrd,8270
Camp Wedding,8271
#IGotThis,8272
Cave Club,8273
Mind The Malhotras,8274
Varmaa,8275
36 Husbands,8276
Diamond in the Rough,8277
A Room Full of Nothing,8278
Antarctica,8279
William Tecumseh Sherman: Beyond the March to the Sea,8280
GANG,8281
Yatra,8282
Aakaasam Nee Haddhu Ra,8283
The Exorcism in Amarillo,8284
Out Of Time,8285
Thorp,8286
A Rock N' Roll Heart,8287
Warmed-Over Krautrock,8288
Off the Cuf,8289
Near Enemies,8290
Ambili,8291
Killing Byron Bravo,8292
Only Cloud Knows,8293
Heavenly Sword and Dragon Slaying Sabre,8294
Screwdriver,8295
Mustang Saviors,8296
Penguin,8297
Badanamu Stories,8298
Falaknuma Das,8299
Howie Mandel Presents Howie Mandel at the Howie Mandel Comedy Club,8300
Gantumoote,8301
Blondie Maxwell Never Loses,8302
The 12th Suspect,8303
Golkeri,8304
Skulls and Roses,8305
The Dark Dance,8306
Mikhael,8307
Stray Dogs,8308
Immortal Combat the Code,8309
The Devils Heist,8310
Prime Rewind: Inside The Boys,8311
Scary Bride,8312
Surviving America,8313
Fundamentally Cynical,8314
College Kumar,8315
Lost at Christmas,8316
Kaatskill Kannibals,8317
Beyond the Check Worker Owner Edition,8318
Unda,8319
Electrician,8320
Tokoloshe: An African Curse,8321
Rock N' Roll Christmas,8322
Sixer,8323
Manne No 13,8324
Yes & Yoga,8325
Little Kingdom,8326
"Cavendish, the Scottish school",8327
Juvenile Delinquents,8328
Chanakya,8329
Fixies VS Crabots,8330
Love Story of Court Enemies,8331
The Family Tree,8332
L'Enfant Terrible,8333
William Lee Martin: The Nutcracker,8334
"No andaba muerto, estaba de parranda",8335
Bheemasena Nalamaharaja,8336
Chambal,8337
Interviewing Monsters and Bigfoot,8338
The Passenger,8339
Mamangam,8340
A Christmas Crush,8341
Chasing the Rain,8342
Haunted State,8343
Bastaard,8344
Crucified,8345
Venky Mama,8346
The Black Emperor of Broadway,8347
No Love Lost,8348
Anonymous Vol. 1 - The Dreamland Adventures the Mysteries of Atlantis,8349
Play,8350
Dhilluku Dhuddu 2,8351
Yoga for Health: Depression,8352
Rolling Stone: Life and Death of Brian Jones,8353
Gulabo Sitabo,8354
Happy Cleaners,8355
Complete Strangers,8356
Shadaa,8357
Wildest Places,8358
Halal Love Story,8359
The Infernal Walker,8360
Burning Kentucky,8361
Alex's Strip,8362
Pull of the North,8363
Steuben County,8364
Ruin Agency,8365
Content,8366
The Incoherents,8367
To Let,8368
Knuckle City,8369
Doctor Lisa,8370
Mary 4 Mayor,8371
Erica Rhodes: I Love You More,8372
Valayam,8373
2 Below 0,8374
One Last Christmas,8375
I Am Norman,8376
The Prayer List,8377
Monster SeaFood Wars,8378
Ardab Mutiyaran,8379
The Wake of Light,8380
The Road Ahead,8381
Chandigarh Amritsar Chandigarh,8382
Muklawa,8383
Danny,8384
Emerald Run,8385
Jonas Kaufmann - Ein Weltstar ganz privat,8386
The Birth of Deceit,8387
Switzerland,8388
Search Out,8389
Once a Marine,8390
Child Support,8391
What Went Wrong: Countdown to Catastrophe,8392
Putham Pudhu Kaalai,8393
Double Down,8394
Big Top Evil,8395
Theatre: A Love Story,8396
Max and Me,8397
ReVisitant,8398
Bonus,8399
Smile Please,8400
Gubbi Mele Bramhastra,8401
Ghost Walk,8402
El mundo fuera,8403
Sushi by Biswa Kalyan Rath,8404
Chance,8405
Wallflower,8406
Madha,8407
Luv Ni Love Storys,8408
Cocktail,8409
Christmas Coupon,8410
Paranormal Doorways,8411
Transcendental Layover,8412
Middle Class Melodies,8413
Stealing Chaplin,8414
Devi 2,8415
Attack of the Demons,8416
Hotel Limbo,8417
"Nowhere, Michigan",8418
Skydog,8419
Bharaate,8420
Kaappaan,8421
The Irish Comedy Tour,8422
White Savior: Racism in the American Church,8423
Cradles for Cash,8424
The Creatress,8425
Magamuni,8426
Snowbound for Christmas,8427
The Alpha Test,8428
Matt Braunger: Finally Live in Portland,8429
Miss Truth,8430
Choosi Choodangaane,8431
Celeste Barber: Challenge Accepted,8432
My Story,8433
Ghost Box,8434
George Reddy,8435
Fake Princess,8436
Crucifixion Quake,8437
Aadai,8438
The Sneak Over,8439
The Outsider,8440
Pegasus,8441
Indha Nilai Maarum,8442
Qin Dynasty Epic,8443
Penny Land,8444
25 Sets,8445
Blunderpuss,8446
To Hell and Gone,8447
V1 Murder Case,8448
Milan Talkies,8449
Kannadi,8450
Choricha Mamla,8451
Urartu. The Forgotten Kingdom,8452
Time Sleeper,8453
A Sunburnt Christmas,8454
Loco,8455
Jeff Allen: Honor Thy Wife,8456
Bigfoot: The Conspiracy,8457
Ponmagal Vandhal,8458
Yakov Smirnoff: United We Laugh,8459
Pogey Beach,8460
Victoria,8461
Carlinhos & Carlão,8462
N.T.R: Kathanayakudu,8463
Good Kisser,8464
Gangs of Madras,8465
Maggie Shayne's Embrace the Twilight,8466
It Stopped Raining,8467
Khandaani Shafakhana,8468
House of Quarantine,8469
Second Life,8470
Blanco,8471
Ghost in the Graveyard,8472
Decoding COVID-19,8473
When the Moon Was Full,8474
Prawaas,8475
47 Days,8476
Québexit,8477
Film Adventure,8478
Red Devil,8479
Mambo Man,8480
The Farmer and the Belle: Saving Santaland,8481
A Place Called Hollywood,8482
99,8483
Intolerance: No More,8484
The Man Who Walked Around the World,8485
Nicole Burch: Never Been Kissed,8486
Evil Everywhere,8487
Sawah,8488
Scarecrow County,8489
Break Even,8490
Chicago at the Crossroad,8491
The Making of America's Most Dangerous City,8492
3Bobule,8493
Monster,8494
Safe Inside,8495
Big House,8496
Mask of Thorn,8497
Space Dogs: Tropical Adventure,8498
Brother's Day,8499
Fish in a Barrel,8500
Kabir Singh: Retiring Material,8501
1/2 New Year,8502
Price of Love,8503
D.N. Ace,8504
Mayabazar 2016,8505
Sufiyum Sujatayum,8506
Thatrom Thookrom,8507
Grace & Saleem,8508
Ye Re Ye Re Paisa 2,8509
Kitty Mammas,8510
The House of Us,8511
White Demise,8512
Ji bo azadiyê,8513
Timbertown,8514
Takatak,8515
Maserati: A Hundred Years Against All Odds,8516
Far Too Personal,8517
Elfette Saves Christmas,8518
Elliott Morgan: Holy Shit,8519
Unprescribed,8520
The lies we tell but the secrets we keep part 4,8521
Brash Boys Club,8522
Havana Darkness,8523
Positive,8524
Rogue Cell: Shadow Warrior,8525
The Dance,8526
The Party,8527
Bhoot Chaturdashi,8528
Romang,8529
Goyenda Junior,8530
Os Espetaculares,8531
"Barry Brewer: Chicago, I'm Home",8532
Pungo: A Witch's Tale,8533
50K,8534
Dreaming Grand Avenue,8535
E.14,8536
The Eagle's Nest,8537
The Days of Noah: Judgment Hour,8538
The Book of Job,8539
Sniper Corpse,8540
Like Blood,8541
Mastermind,8542
Patra Vaitha Nerupondru,8543
Inappropriate,8544
Ragala 24 Gantallo,8545
Love Lives Here,8546
Jack & Daniel,8547
Good Friday,8548
One of the Good Ones,8549
America's Forgotten,8550
Onirica,8551
Finding Jay,8552
Threebound,8553
Charlene,8554
Kunal Rao: Done,8555
Alone Wolf,8556
"Willie, Jamaley & The Cacacoon",8557
Bornoporichoy: Grammar Of Death,8558
"Love, Repeat",8559
Mamá al volante,8560
Chickens Blood,8561
Iberion,8562
Local Boy,8563
AB aani CD,8564
Writing Kim,8565
Aravind SA - I Was Not Ready Da,8566
Girlz,8567
Petromax,8568
Rohan Joshi: Wake N' Bake,8569
Bugged,8570
Familiar Environment,8571
Shiba Park,8572
All That Matters,8573
A Familiar Lie,8574
United States of Tents,8575
Passport to the World: Route 66,8576
Breakneck,8577
Love Aaj Kal Porshu,8578
The Waste Land,8579
Janamaithri,8580
Jill-Michele Meleán: White / Latina,8581
Time Enna Boss,8582
Yaanaa,8583
Rustum,8584
Beware of Dog,8585
N.T.R: Mahanayakudu,8586
Greg Warren: Where the Field Corn Grows,8587
Kaalidas,8588
Socially Distanced,8589
Doorman,8590
My Bossy Girl,8591
Height of the Wave,8592
Middletown,8593
Karunesh Talwar's: Pata Nahi Par Bolna Hai,8594
Ittymaani: Made In China,8595
Ujda Chaman,8596
Beasts of the Field,8597
ReWilding Kernwood,8598
Adoring,8599
In Action,8600
Oh Ship! It's a Family Trip,8601
Romance Analyst,8602
Acres and Acres,8603
Jeremiah Watkins: Family Reunion,8604
Copper Bill,8605
Letters of Hope,8606
Dhunki,8607
Good Old Friends,8608
Far from the Apple Tree,8609
"Defend, Conserve, Protect",8610
Route 24,8611
Chocolate Kiss,8612
Manipulated,8613
A New Husband for Christmas,8614
Guns of Banaras,8615
The Tiny Life of Butcher Duke,8616
D-Day at Pointe-du-Hoc,8617
Sons of The Soil - Jaipur Pink Panthers,8618
Little Cooper,8619
Give Up the Ghost,8620
The Road to Cabazon,8621
Hawks Ridge,8622
Loli paradička,8623
Relatively Relatable by Naveen Richard,8624
Toxification,8625
Neville Shah Going Downhill,8626
Live Hard,8627
Chikati Gadilo Chithakotudu,8628
Adavi,8629
La Condesa,8630
The Adventures of Major Miracle,8631
Under World,8632
Prema Pipasi,8633
Athaiyum Thaandi,8634
66 Sadashiv,8635
LAW,8636
Self,8637
Dog Years,8638
Jay Mohr: American Treasure,8639
Goko Mako,8640
Becharey,8641
The Karma Effect,8642
La Sucursal,8643
A Little Water,8644
Meendum Oru Mariyathai,8645
Nicole,8646
God of Lost Fantasy,8647
Monty & Co.,8648
How China Got Rich,8649
Maayanadhi,8650
Rising Free,8651
Friends Family & Lovers,8652
Pinkfong! Baby Shark & Christmas Songs,8653
The Gravity of a Rainbow,8654
Until a Thousand Years,8655
The Alliance,8656
The Love Between Us,8657
Kombu,8658
Wedding Cha Shinema,8659
Sumukhi Suresh: Don't Tell Amma,8660
Gaadi Tera Bhai Chalayega by Nishant Tanwar,8661
Robbie Lyle: Football Fans Under Their Skin,8662
Drama Drama,8663
Old MacDonald Had a Farm & More Kids Songs: Super Simple Songs,8664
The Christmas Doodle,8665
SpongeBob As Told By,8666
Regular Heroes,8667
Sergei: Unplugged Cinema by Shailendra Singh,8668
Redville,8669
Hannibal Thompson: Out of Control,8670
William Lee Martin: Standing in the Middle,8671
Joyful Praise,8672
Dubsmash,8673
War Path,8674
From Nothin,8675
Pailwaan,8676
Guvva Gorinka,8677
Blackia,8678
Don't Call Me Bigfoot,8679
Odeya,8680
Love of Thousand Years,8681
Mr. Weekend,8682
Cobalt Heir,8683
Azhaggiye Thee,8684
Please Don’t Save Me,8685
Triple Seat,8686
Tokyo Wine Party People,8687
Chronology,8688
Like Love,8689
Anu Menon: Wonder Menon,8690
Pig Hag,8691
Used and Borrowed Time,8692
Iddari Lokam Okate,8693
Vestige,8694
God City Da Movie,8695
Miracle on Highway 34,8696
Josh Blue: The Disabled List,8697
Nick Griffin: Cheer Up,8698
The Deer and the Cauldron,8699
Geetha,8700
Halloween Hero,8701
Kaka Ji,8702
Sonho de Rui,8703
Matt Besser: Pot Humor,8704
Katha Sangama,8705
Thrissur Pooram,8706
Hippi,8707
Austin Weird,8708
The Scarlet Pirate,8709
Mi Pan Sachin,8710
Bazaar,8711
Kittie: Live at the London Music Hall,8712
Undercover with the Clerics: Iraq's Secret Sex Trade,8713
Saheb,8714
DSP Dev,8715
The Accompanist,8716
Now Is the Time,8717
Tequila Flavored Cigarettes,8718
Ape Canyon,8719
Road to Redemption,8720
"Love, Millennial Style",8721
Six Ball,8722
A Hug,8723
Affittasi Vita,8724
Sketchy Behaviour,8725
Extreme Raheem,8726
Kadathal Kaaran,8727
When a Woman Loves a Man,8728
House Owner,8729
Into the Waves,8730
Listening Snow Tower,8731
Halloween Kids Songs by Little Baby Bum,8732
Apparition,8733
Blessers,8734
Lost Holiday,8735
Vellai Pookal,8736
My Prince Edward,8737
My Hittas 2: Revenge in Blood,8738
Deceitful Passions,8739
Neeti Palta: Almost Sanskari,8740
Airaa,8741
Shedding,8742
Office Air,8743
The Chuck Band Show,8744
Mr. Family Man,8745
Babru,8746
Life's a Bit,8747
Siddhi Seere,8748
The Cause,8749
Kim McVicar: Please Notice Me,8750
Set Play,8751
Open Door,8752
Three Thieves,8753
Cafe Midnight,8754
Balance,8755
Different Worlds,8756
Gumm: In the Middle of Nowhere,8757
Christmas Belles,8758
Black History Activators,8759
Trouble Will Find Us,8760
Milo's Monster School Vlog 3: Holiday Specials - Super Simple,8761
The Twin Flower Legend,8762
Peep Time,8763
Maussan's UFO Files - Director's Cut (2021),8764
High Wire,8765
Baggy in & as KungFu Bonda: A Mostly English Stand Up Comedy Special,8766
Enai Noki Paayum Thota,8767
Circumstances 2: The Chase,8768
Mogra Phulaalaa,8769
Marina Franklin: Single Black Female,8770
Union Bound,8771
Elodie,8772
Bob the Train: Wheels on the Bus - Nursery Rhyme and Kids Songs,8773
Chasing the Crown: Dreamers to Streamers,8774
AWS DeepRacer TV,8775
Blossom in Heart,8776
Captain Rana Prathap,8777
Casino.sk,8778
Ik Sandhu Hunda Si,8779
Shayne Smith: Alligator Boys,8780
In the Moon's Shadow,8781
After the Reign,8782
Give,8783
Charlie Chaplin 2,8784
The Man from Kathmandu,8785
A Dealership Christmas,8786
Drastic Measures,8787
EurOpen People,8788
Corporate Prey,8789
Kontora,8790
The Kung Fu Master,8791
Respite,8792
Nethraa,8793
Take a Stan,8794
Ishida and Asakura,8795
Beautiful Reborn Flower,8796
The Final Ride,8797
Vicky Velingkar,8798
My Client's Wife,8799
"Three Worlds, One Stage",8800
Kazhugu 2,8801
Wheels on the Bus & More Kids Songs (Baby Bao Panda),8802
Thottu Vidum Thooram,8803
Incident at Guilt Ridge,8804
The Ride That Got Away,8805
Jestination Unknown,8806
Flying Tiger II,8807
House Of Setnakht,8808
Swapnarajyam,8809
Not Left in Vegas,8810
DIVOS!,8811
Gauthamante Radham,8812
Ross Browne Live: Ja Know What I Mean,8813
Down 2 Come Up,8814
Peace Piece: The Immersive Poems of Mandy Kahn,8815
Cheo,8816
Angad Singh Ranyal: Kaafi Filmy,8817
Code of Thieves,8818
Deceptive Intentions,8819
Now Go Build,8820
R.E.G.I.N.A. I Am,8821
Phir Ussi Mod Par,8822
83° Ski the North,8823
Cheelzadap,8824
Catching Up,8825
I Am an Addict,8826
Azeem Banatwalla: Problems,8827
Ghawre Bairey Aaj,8828
Sullu,8829
D/O Parvathamma,8830
7th and Westlake: Nino's Revenge,8831
Everybody Changes,8832
Fak Yaass,8833
3rd Class,8834
Love Me Tender,8835
Touch,8836
Counter Histories: Rock Hill,8837
Serbia Old and New,8838
I Can See You,8839
Outer Range,8840
A Very British Scandal,8841
From,8842
The First Lady,8843
Star Trek: Strange New Worlds,8844
Yellowjackets,8845
Annika,8846
The Man Who Fell to Earth,8847
All the Old Knives,8848
Super Pumped,8849
The Outlaws,8850
Ten Percent,8851
A Quiet Place Part II,8852
Reacher,8853
Snake Eyes: G.I. Joe Origins,8854
Wrath of Man,8855
Billy the Kid,8856
Dexter: New Blood,8857
Hidden Assets,8858
61st Street,8859
That Dirty Black Bag,8860
The Wheel of Time,8861
Clifford the Big Red Dog,8862
Signora Volpe,8863
Bang Bang Baby,8864
The Deep House,8865
I Want You Back,8866
Invincible,8867
Rumble,8868
The Legend of Vox Machina,8869
The Protégé,8870
Heels,8871
The Tender Bar,8872
Being the Ricardos,8873
Master,8874
Verdict,8875
The Marksman,8876
ZIWE,8877
Hotel Transylvania: Transformania,8878
Men in Kilts: A Roadtrip with Sam and Graham,8879
How It Ends,8880
Lucy and Desi,8881
A House on the Bayou,8882
As We See It,8883
The Boys Presents: Diabolical,8884
The Pursuit of Love,8885
The Underground Railroad,8886
The Voyeurs,8887
Power Book IV: Force,8888
Annette,8889
Them,8890
The Tomorrow War,8891
Clarkson's Farm,8892
The Electrical Life of Louis Wain,8893
Delicious,8894
My Heart Can't Beat Unless You Tell It To,8895
Guilty Minds,8896
LuLaRich,8897
Lizzo's Watch Out for the Big Grrrls,8898
Eating Our Way to Extinction,8899
A Hero,8900
Val,8901
Bachchhan Paandey,8902
Panic,8903
The Map of Tiny Perfect Things,8904
Our Father,8905
The Three Drinkers in Ireland,8906
Encounter,8907
"Yosi, the Regretful Spy",8908
Blindspotting,8909
Georgetown,8910
The Manor,8911
Tell Me Your Secrets,8912
The Wanting Mare,8913
Ancient Love Poetry,8914
Book of Love,8915
Tom Clancy's Without Remorse,8916
Hard Luck Love Song,8917
Modern Love: Mumbai,8918
Borat’s American Lockdown & Debunking Borat,8919
I Love America,8920
BMF,8921
Radhe Shyam,8922
Coming 2 America,8923
Meander,8924
9/11: Minute by Minute,8925
Needle in a Timestack,8926
Cinderella,8927
LOL: Last One Laughing Canada,8928
Confronting A Serial Killer,8929
Solos,8930
Undergods,8931
American Refugee,8932
Lansky,8933
Jolt,8934
Power Book III: Raising Kanan,8935
Breaking News in Yuba County,8936
Paradise City,8937
Mi Selección Colombia,8938
I Know What You Did Last Summer,8939
Finding You,8940
Lady of the Manor,8941
Fear the Walking Dead: Dead in the Water,8942
The Space Between,8943
Evangelion: 3.0+1.0 Thrice Upon a Time,8944
The One You Feed,8945
The Deep Ones,8946
Luxe Listings Sydney,8947
Black Box,8948
Hideout,8949
Music,8950
Frank of Ireland,8951
The eighth clause,8952
Harina,8953
Better Days: The Story of UK Rave,8954
Bliss,8955
Reset,8956
Pushpa: The Rise - Part 1,8957
Here Are the Young Men,8958
With Love,8959
The Auschwitz Report,8960
Sardar Udham,8961
Time Is Up,8962
Doors,8963
Harlem,8964
Jai Bhim,8965
Gaza Mon Amour,8966
Black as Night,8967
Birds of Paradise,8968
Little Black Book,8969
No Man's Land,8970
Saani Kaayidham,8971
A Man Named Scott,8972
Day Zero,8973
Pink: All I Know So Far,8974
Jalsa,8975
Mixte,8976
The Mad Women's Ball,8977
Grey Eyes,8978
Rhys Darby: Mystic Time Bird,8979
Bingo Hell,8980
Ombatthane Dikku,8981
Run the World,8982
S.O.Z: Soldiers or Zombies,8983
Veyil,8984
Phat Tuesdays: The Era of Hip Hop Comedy,8985
Everybody's Talking About Jamie,8986
Fisher,8987
Skinwalker,8988
Fern Brady: Power & Chaos,8989
The Tangle,8990
Uprising,8991
Flashback,8992
Master,8993
Untitled Horror Movie,8994
Souvenir,8995
Vita da Carlo,8996
Gully,8997
Brain Freeze,8998
Endangered Species,8999
Bin Laden: The Road to 9/11,9000
Monster Pets: A Hotel Transylvania Short,9001
Dogtown 2,9002
Noah's Shark,9003
Looks That Kill,9004
Queen of Spades,9005
Love & Where to Find It,9006
Ucha Pind,9007
Church People,9008
American Traitor: The Trial of Axis Sally,9009
Sharmaji Namkeen,9010
Naradan,9011
The Family,9012
Blame,9013
Stars Fell on Alabama,9014
Bram Stoker's Van Helsing,9015
Back to the Rafters,9016
Flesh,9017
Lov3,9018
Sharks of the Corn,9019
Shershaah,9020
Couple of Mirrors,9021
My Name Is Pauli Murray,9022
Grave Intentions,9023
Break Every Chain,9024
LOL: Last One Laughing Spain,9025
Bad Candy,9026
You Are My Glory,9027
Madres,9028
We Children from Bahnhof Zoo,9029
Porn and Ice Cream,9030
Kieu,9031
All My Friends Are Dead,9032
Pada,9033
The Hunt,9034
Boxing Day,9035
DOM,9036
Las huellas de elBulli,9037
Break,9038
Rooney,9039
Always Jane,9040
Black Light,9041
Sainz: Live to compete,9042
Fanny Lye Deliver'd,9043
Son of the South,9044
The Nest,9045
An Autumn Romance,9046
Pawankhind,9047
The Boarding School: Las Cumbres,9048
Cult Following,9049
Flatbush Misdemeanors,9050
One Step from Me,9051
The Box,9052
Dybbuk,9053
MotoGP Unlimited,9054
Hideaki Anno: The Final Challenge of Evangelion,9055
One Night Off,9056
Fairfax,9057
Galwakdi,9058
Demented,9059
Out of Time,9060
The Thing Inside Us,9061
Sin,9062
Malik,9063
Christmas Is Canceled,9064
A Father's Fight,9065
The Trip,9066
Super Hot,9067
Borat: VHS Cassette of Material Deemed 'Sub-acceptable' by Kazakhstan Ministry of Censorship and Circumcision,9068
IPC 376,9069
Simeone. Living Match by Match,9070
Monica and Friends: Lessons,9071
Dear Rodeo: The Cody Johnson Story,9072
Medusa: Queen of the Serpents,9073
Miami Heat,9074
Alien Conquest,9075
Tampa Baes,9076
COVID-21: Lethal Virus,9077
The Rebel Princess,9078
Gehraiyaan,9079
G.E.O. Más allá del límite,9080
Akedo: Ultimate Arcade Warriors,9081
The Sword and The Brocade,9082
"Maradona, Blessed Dream",9083
Climate of the Hunter,9084
FC Bayern – Behind the Legend,9085
For Love & Country,9086
Pearl,9087
Damien,9088
September Mornings,9089
Forget Everything and Run,9090
Sofia Niño De Rivera: Lo Volvería a Hacer,9091
Behind The Sightings,9092
Celebrity Hunted- Jede Spur kann Dich verraten,9093
Funny Face,9094
All About Sex,9095
Orelsan: Never Show This to Anyone,9096
What's Next Pau?,9097
Cinderella,9098
Before I Go,9099
Biffy Clyro: Cultural Sons of Scotland,9100
The Wedding Trip,9101
Douluo Continent,9102
Unpaused: Naya Safar,9103
Like Dogs,9104
Mumbai Diaries 26/11,9105
Hostage,9106
Bell Bottom,9107
While We Sleep,9108
#Home,9109
The Ferragnez,9110
The Weeknd x The Dawn FM Experience,9111
Payback,9112
Broker,9113
Dinner Club,9114
River,9115
After Chernobyl,9116
A Match Made at Christmas,9117
Mayor Pete,9118
American Apocalypse,9119
The Great Escapists,9120
Jungle Run,9121
Meppadiyan,9122
Survive,9123
"Thomas Sowell: Common Sense in a Senseless World, A Personal Exploration by Jason Riley",9124
Следы,9125
Historias lamentables,9126
Man of the Match,9127
Open,9128
The Vineyard,9129
Not Alone,9130
Burb Patrol,9131
Bond - In Isolation,9132
Dwellers,9133
Karnan,9134
The Mad Hatter,9135
The Immortals,9136
Homestay,9137
The Light Touch,9138
All or Nothing: Juventus,9139
Tandav,9140
LOL: Last One Laughing Brazil,9141
Charge and Bail,9142
Burning,9143
Mistletoe Mixup,9144
Who Am I Now?,9145
Bunty Aur Babli 2,9146
All or Nothing: Toronto Maple Leafs,9147
Apex Predators,9148
FIR,9149
Honsla Rakh,9150
Merise Merise,9151
Alternate Ground,9152
Hatched,9153
Dog Years,9154
Devil's Island,9155
Word of Honor,9156
LOL: Last One Laughing Italy,9157
The Black Book,9158
Echoes of the Past,9159
Eric Clapton: Standing at the Crossroads,9160
Bestseller,9161
Killer Among Us,9162
Burial Ground Massacre,9163
Knifecorp,9164
Drishyam 2,9165
Justin Bieber: Our World,9166
Some of Our Stallions,9167
The Unsolved Murder of Beverly Lynn Smith,9168
Ouija Japan,9169
The Boy Who Killed My Parents,9170
"Do, Re & Mi",9171
Painkiller,9172
Black Lives Matter: A Global Reckoning,9173
Je te veux moi non plus,9174
Just Another Dream,9175
Righteous Blood,9176
Natyam,9177
Royal Jelly,9178
La Leyenda Blanca,9179
Christmas on the Carousel,9180
There's Something About Mario,9181
Every Single Someone,9182
Causality,9183
Mahaan,9184
The Mission,9185
Spring,9186
The Blackout Experiment,9187
The Lift,9188
Made in Chinatown,9189
One,9190
Janet Roth: Extremely Analytical,9191
Farm to Fork to Love,9192
MAD,9193
A Distant Place,9194
Saltwater: The Battle for Ramree Island,9195
The Believer,9196
The Green Sea,9197
The Midwife,9198
My True Fairytale,9199
Brimstone Incorporated,9200
Digging to Death,9201
Babysitter Must Die,9202
Ape vs. Monster,9203
Red Woods,9204
The Human Solution,9205
The Girl Who Killed Her Parents,9206
"Stallone: Frank, That Is",9207
Joy For Christmas,9208
When Eagles Dare: Crystal Palace F.C.,9209
Scenes from an Empty Church,9210
First Signal,9211
Monstrous Disunion,9212
Sarpatta Parambarai,9213
Back to Basketball,9214
Before I'm Dead,9215
Virus Shark,9216
Once Upon a Lifetime,9217
"Wrong Place, Wrong Time",9218
Old Monk,9219
Chris Gethard: Half My Life,9220
Star,9221
Soul Pursuit,9222
Marathon,9223
Randu,9224
Madhagaja,9225
Uncoupled in Rio,9226
Nabilla : Sans Filtre,9227
Astro Loco,9228
Norman,9229
I Love Us,9230
Howl,9231
As the Village Sleeps,9232
Cold Case,9233
Zebra Girl,9234
Tom and Jerry,9235
Venom Coast,9236
A Tiny Ripple of Hope,9237
Aaraattu,9238
The Towel Man,9239
Knights of Newgate,9240
Hot Money,9241
Agent Revelation,9242
Everybody Loves Natti,9243
Kanye With Special Guest Drake Free Larry Hoover Benefit Concert,9244
Oh My Dog,9245
Turnt,9246
Konda Polam,9247
Goodbye Honey,9248
One More Flip,9249
Kala,9250
Entanglement,9251
Sam Tallent: Waiting for Death to Claim Us,9252
Drushyam 2,9253
No Activity: Honjitsu mo Ijou Nashi,9254
Jathi Ratnalu,9255
Shark Huntress,9256
Hoodman,9257
Ashley Jones Is Perfectly Normal,9258
Bats,9259
Custodes,9260
Weekenders,9261
The Shattering,9262
Sherni,9263
Ring of Desire,9264
Exodus,9265
Chehre,9266
The Haunted Hotel,9267
Cerebrum,9268
Infected: The Darkest Day,9269
Let's Dream,9270
Jaspreet Singh: Koi Load Nahi,9271
A Little Italian Vacation,9272
Haymaker,9273
Matched,9274
A Spark in Nothing,9275
Progressive Tailors Club,9276
Cain and Abel,9277
Weegies,9278
On Thin Ice,9279
The Heiress,9280
Bali,9281
Hargrave,9282
The Calm After the Storm,9283
Eakam,9284
The Connection,9285
Tuck Jagadish,9286
The Healing Garden,9287
S.O.S. Mamis: La Película,9288
Clairevoyant,9289
Say Your Prayers,9290
Pipeline,9291
Mummy Dearest,9292
Amarração do Amor,9293
The Horrific Evil Monsters,9294
No Woman No Try,9295
The Priest,9296
The Last Hour,9297
Sundari,9298
Blood Born,9299
Donny's Bar Mitzvah,9300
Life Ain't Like the Movies,9301
Eggs,9302
Court Lady,9303
Between Forever,9304
Satyameva Jayate 2,9305
Let Me Be Frank,9306
"Bigfoot, UFOs and Jesus",9307
Yevado Okadu,9308
Framed,9309
Max Bishop,9310
Kayamai Kadakka..,9311
Detetive Madeinusa,9312
Making Their Mark,9313
Boonie Bears: The Wild Life,9314
The Darkness,9315
Lady Lawman,9316
Life's Rewards,9317
Dead Air,9318
Action Figure Adventure,9319
Seetharam Benoy,9320
Lockdown: 2025,9321
Muddy,9322
Rathnan Prapancha,9323
Marakkar: Lion of the Arabian Sea,9324
Shadow Society,9325
Bastille ReOrchestrated,9326
Superstar,9327
Sandeep Aur Pinky Faraar,9328
Tari Sathe,9329
Triassic Hunt,9330
A Year From Now,9331
The Moth Effect,9332
Putham Pudhu Kaalai: Vidiyaadha,9333
"Legacy, notre héritage",9334
Mean Man: The Story of Chris Holmes,9335
Joji,9336
Mumbai Saga,9337
Toofaan,9338
Los Angeles,9339
Pogaru,9340
Secret Voices,9341
Erida,9342
Sennai,9343
Stuffings,9344
Amy and Peter Are Getting Divorced,9345
Velle,9346
Gerri Curls,9347
Tú eres mi problema,9348
Bhramam,9349
Free Byrd,9350
Saina,9351
The Ballad Of Billy McCrae,9352
HellKat,9353
Conflicted,9354
Mind Games,9355
Life on the Rocks,9356
Yuvarathnaa,9357
Kodiyil Oruvan,9358
The Diabolical Schemes of Thadeus Jackson,9359
Mexican Moon,9360
Roberrt,9361
Vampire Strippers,9362
Shava Ni Girdhari Lal,9363
Chivas: El Rebaño Sagrado,9364
A Night with Joshua Bassett,9365
Haterz,9366
Wanton Want,9367
Maara,9368
Dark Corners,9369
The Reunited States,9370
Future Fear,9371
"Girl, Chill",9372
Kuruthi,9373
Once Upon a Time in the Apocalypse,9374
Theethum Nandrum,9375
Cannibal Troll,9376
Ardha Shathabdham,9377
Climax,9378
Lockdowners,9379
Call Time The Finale,9380
Thalaivii,9381
My Beautiful Bride,9382
Vietnam: Fast Forward,9383
Hyde,9384
Far More,9385
Making Sense,9386
Satan's Servant,9387
Chinnanjiru Kiliye,9388
Christmas Thieves,9389
Mary J. Blige's My Life,9390
Inside the Circle,9391
Koi Jaane Na,9392
Bearry,9393
Friendship,9394
The Demon's Waltz,9395
Tommy Little: I'll See Myself Out,9396
War of Likes,9397
A River Runs Through It,9398
The Wrong Path,9399
Be Yourself,9400
Kho Kho,9401
Chhorii,9402
Texas Red,9403
After Masks,9404
No Strings the Movie,9405
TQM,9406
The Christmas Dance,9407
Jhimma,9408
Fellini Forward,9409
Open Your Eyes,9410
Ek Mini Katha,9411
The Land Between the Lakes,9412
Journey to Royal: A WWII Rescue Mission,9413
Distancing Socially,9414
Deadly Promises,9415
Kotigobba 3,9416
Truly Texas Mexican,9417
The Carducci Talent Show,9418
My Best Worst Adventure,9419
Introspectum Motel,9420
Rattan,9421
Party with Me,9422
Family Pack,9423
Creature from Big Muddy: An Illinois Bigfoot Legend,9424
Federica Pellegrini - Underwater,9425
Good Luck Sakhi,9426
Christian Finnegan: Show Your Work,9427
White Girl Apokalypse,9428
Calm Like a Bomb,9429
Voyage of the Chimera,9430
Gamanam,9431
Please Feel At Ease Mr. Ling,9432
Rival,9433
Sweet Mahogany 2: Pure Indulgence,9434
He Who Lives in Hidden Lakes,9435
Hideaki ANNO and Hitoshi MATSUMOTO fireside chat,9436
Tainted Blood,9437
The Parish,9438
Where the Land Meets the Sky,9439
Trap Flix Party,9440
Octagon,9441
Crappy Mother's Day,9442
Finding Ophelia,9443
Blind Ghost,9444
One and the Same,9445
New Providence,9446
Killer Concept,9447
Bad Detectives,9448
Die Grenze,9449
Spiked,9450
Erica Rhodes: La Vie en Rhodes,9451
Chinese Speaking Vampires,9452
These Streets We Haunt,9453
Truth or Dare,9454
Donna: Stronger Than Pretty,9455
Expiry,9456
Kin Dread,9457
A Space in Time,9458
Narappa,9459
Divided We Fall,9460
Unheard,9461
Road to Damascus,9462
Udanpirappe,9463
Pachchis,9464
Fear of a Black Planet,9465
Giddy Stratospheres,9466
Aanum Pennum,9467
Morat: Balas Perdidas,9468
Three Pints and a Rabbi,9469
Bheemante Vazhi,9470
Cake,9471
Down Bad,9472
Nizhal,9473
Incubated,9474
Mixed Up,9475
Two Cents From a Pariah,9476
The Pizza Joint,9477
100M Criminal Conviction,9478
Woman in the Woods,9479
The Rangers: Bloodstone,9480
Butterflies,9481
Pedja Bajovic: The Balkan Brian,9482
All’alba perderò,9483
Meera Mathur,9484
Seithithaal,9485
Calls,9486
Double Tap,9487
Tayo and Little Wizards,9488
LOL: Enga Siri Paappom,9489
Senior Entourage,9490
Rewind,9491
Black Power: A British Story of Resistance,9492
Mirugaa,9493
About Pie,9494
The Forbidden Wish,9495
Rattle Can,9496
Intentions,9497
Hellbox,9498
Nuvvunte Naa Jathaga,9499
The Act of Reading,9500
Hello Charlie,9501
"Love, Life & Pakodi",9502
Alejandro,9503
Anu and Arjun,9504
The Walkers,9505
Chuzhal,9506
Sumaira Shaikh: Dongri Danger,9507
Five Fifty Five,9508
The Mimic,9509
Bad Cupid,9510
Songs for a Sloth,9511
LOL - Hasse Toh Phasse,9512
The Day After Quarantine,9513
Take Me to Tarzana,9514
Sold Out,9515
Past Shadows,9516
Return of the Beast from Outer Space,9517
Blue Call,9518
The Matchmaker,9519
Lazarus,9520
Hampton's Legion,9521
Six Three Times,9522
Volcanic UFO Mysteries,9523
Kringle Time,9524
Mark Gregory: Run with It,9525
Ikkat,9526
Paagal,9527
Gangster Vs State 2,9528
The Big Rant,9529
Cornered,9530
A Christmas to Savour,9531
Doctor Faustus,9532
Young and the Ratchet,9533
All Who Loved Her,9534
True,9535
Narasimhapuram,9536
One Cut Two Cut,9537
Vivandière,9538
Kilroy,9539
Pooling to Paradise,9540
Stracci,9541
Otra forma de entender la vida,9542
Grimy,9543
Club Mundo Kids,9544
Kadampari,9545
Bannerghatta,9546
The Herald and the Horror,9547
Subnormal,9548
Unicorn,9549
Ninna Sanihake,9550
45 Days to Be Rich,9551
Qing Luo,9552
Back in the No,9553
Reunion of Champions,9554
DEUS VULT: God Wills It,9555
Zone Drifter,9556
Final Stop,9557
Harmony McElligott: The Struggle Continues,9558
For Charlene,9559
Nootokka Zillala Andagaadu,9560
The Colonel's Stray Dogs,9561
La Chica del Lago,9562
Boycie in Belgrade,9563
Love You Right: An R&B Musical,9564
Beyond Adversity,9565
The Gunrunner Billy Kane,9566
Mud Flat Murders,9567
Disencumber,9568
Daniel Webb: Hoe's Parade Live at the Rose Bowl,9569
American Mobster: Retribution,9570
Gold Medal,9571
Coming for the King,9572
Pinky Moge Wali 2,9573
Nightingale: A Melody of Life,9574
Eternity,9575
Carter Family Reunion,9576
Pishachini the beginning,9577
Akkad Bakkad Rafu Chakkar,9578
The Gift of Grace,9579
Me Familia 2,9580
Phillip Kopczynski: Live at Spokane Comedy Club,9581
Good Grief It's Friday,9582
The Power Reset,9583
Night Shift,9584
The Final Code,9585
Vaasta,9586
Little Did He Know,9587
Is Mindfulness Right for You?,9588
Gaurav Gupta: Market Down Hai,9589
Symphoria,9590
Shadow Valley,9591
Kuriyan Jawan Bapu Preshaan,9592
Shukra,9593
Contract Lovers,9594
Tempt Raja,9595
Trackside Goons,9596
Travis Turner,9597
12 “o” CLOCK,9598
Lock Down Love,9599
Her Leather Coat,9600
Namma Oorukku Ennadhan Achu,9601
Black Seeds: The History of Africans in America,9602
Well Done Baby,9603
The Taunting,9604
Tonight with Arlo Parks,9605
Song for Our People,9606
"Raleigh, I Kinda Like You",9607
Memories of Reality,9608
Felícia 2,9609
The Noise in Music,9610
Lance Woods: Undeniable,9611
Deadly Passion,9612
Ester Steinberg: Burning Bush,9613
Rex Park: Curse of the Golden Buddha,9614
Mahadwaram: The Portal for Dead,9615
Mia meets Morgenrot,9616
Preetam,9617
Chitti Babu,9618
News Anchor,9619
La Cadena,9620
Death and All His Friends,9621
Ryan James: I'm Fine,9622
My Brother's Keeper,9623
Cinemavala,9624
Pinkfong Job Songs,9625
Chinna Chinni Asha,9626
Only the Moon Stands Still,9627
A Friendship,9628
Insta Famous,9629
"Dave Helem: DJ, the Chicago Kid",9630
Elzaz,9631
Fatimah Taliah: Nice to Meet Me,9632
Where Love Lives,9633
Kanabadutaledu,9634
Broken Armor,9635
Juanes: Origen,9636
Por Mi Hija,9637
Rumba Love,9638
Kaadakalam,9639
The Record,9640
Ni Chang,9641
The Flaming Heart,9642
Happy Anniversary,9643
Steps,9644
You Only Live Once,9645
Udanpirappe,9646
Unsurety,9647
SILVERBACK: The Trent Williams Story,9648
My Heroic Husband,9649
The Hike,9650
Thaen,9651
Priorities Chapter One: Money Isn't Everything,9652
Butch Bradley: From Las Vegas,9653
The Opps,9654
The Thieves Code,9655
Raame Aandalum Raavane Aandalum,9656
Bastard's Crossing,9657
Perfume LIVE 2021 [polygon wave],9658
Saint Cecilia of Spiralence,9659
The Dance of the Storm,9660
Pururava,9661
Aalas Motaapa Ghabraahat,9662
Latin Flow,9663
Prayanikudu,9664
Lost Outlaw,9665
The Terrible Adventure,9666
When love comes knocking,9667
"No Loss, No Gain",9668
Deva Rickshawala,9669
All We Got,9670
Love of Fate,9671
Gourmet in Tang Dynasty,9672
"R A N D, inc.",9673
Lawyer Viswanath,9674
Asmee,9675
Munduvareda Adhyaya,9676
Natasha Pearl Hansen: I Was Supposed to Get Married Today,9677
Paai: The Mat,9678
Camille Vol 1,9679
Balamitra,9680
We All Think We're Special,9681
Emotional Fool,9682
LIVE TOUR V6 groove at Saitama,9683
Different,9684
Dead Or?,9685
I Write My Life,9686
Vex,9687
Nuvvante Pichhe,9688
The Purple Night,9689
Candy and Smiley,9690
Heart of Hope,9691
Kapatadhaari,9692
Paralyzed,9693
Social Mandiya,9694
Vice President Kamala Harris: Chase the Dream,9695
Raunch and Roll,9696
Solomon,9697
Kartha,9698
MAX: Live from the Greek Theatre,9699
Ee Kathalo Paathralu Kalpitam,9700
Chhote Ustaad-Precaution Is Better Than Cure,9701
Carol's Christmas,9702
Daddydelphia,9703
Trip to the Tax Paradise - Rumbo al Paraíso Fiscal,9704
The Green Force Mission 14th March,9705
Cool Daddy,9706
Kabadadaari,9707
The Bid,9708
Angel Mountain,9709
Hal King,9710
Ksheera Sagara Madhanam,9711
Aham Bhramhasmi,9712
El Regreso de La Llorona,9713
27 September,9714
Attraction to Paris,9715
Chloe's Mountain,9716
Taller Than the Trees,9717
Vengeance Served Cold,9718
No Witnesses,9719
Last Summer in Oxford,9720
Sunday Mornings,9721
Ammaa Ki Boli,9722
Alleyway,9723
Dark State,9724
Roommate,9725
Girls' Night In,9726
Trying Grace,9727
COD (Cash On Delivery),9728
Ashes That Swarm,9729
April 28th Em Jarigindi,9730
Familiars,9731
Chu Liuxiang: The Beginning,9732
Jaan! Jaan Loge Kya?,9733
Parigettu Parigettu,9734
Anbirkiniyal,9735
The Struggle II: The Dilemma,9736
Exquisite Wolf Heart,9737
Burning Man: The Musical,9738
Ty Barnett: Yep,9739
Devineni,9740
Good Boys for Life,9741
Gun and a Hotel Bible,9742
GameOn Titans,9743
Lily Is Here,9744
Jay Nog: Something from Nothing,9745
Chasing,9746
Baikunth,9747
Waking Up Eighty,9748
Fantasia,9749
Snow White and the Seven Dwarfs,9750
Pinocchio,9751
Bambi,9752
Treasure Island,9753
The Adventures of Ichabod and Mr. Toad,9754
Cinderella,9755
Dumbo,9756
The Three Caballeros,9757
The Reluctant Dragon,9758
Fun and Fancy Free,9759
Steamboat Willie,9760
Saludos Amigos,9761
How to Play Baseball,9762
Melody Time,9763
Ferdinand the Bull,9764
Three Little Pigs,9765
Tugboat Mickey,9766
Flowers and Trees,9767
Swiss Family Robinson,9768
Beaver Valley,9769
The Ugly Duckling,9770
The Pied Piper,9771
The Old Mill,9772
The Big Bad Wolf,9773
Thru the Mirror,9774
The Goddess of Spring,9775
How to Play Football,9776
Toby Tortoise Returns,9777
Santa's Workshop,9778
How to Swim,9779
Hawaiian Holiday,9780
The Hockey Champ,9781
Mickey's Birthday Party,9782
Chip an' Dale,9783
The Grasshopper and the Ants,9784
The Tortoise and the Hare,9785
Boat Builders,9786
Magician Mickey,9787
Mickey's Delayed Date,9788
Canine Caddy,9789
How to Fish,9790
Food for Feudin',9791
Lend a Paw,9792
Mickey's Trailer,9793
Donald's Tire Trouble,9794
On Ice,9795
Donald's Golf Game,9796
Sea Scouts,9797
The Band Concert,9798
The Golden Touch,9799
Clock Cleaners,9800
Mickey Down Under,9801
Three Little Wolves,9802
Mickey and the Seal,9803
Mr. Mouse Takes a Trip,9804
Double Dribble,9805
The Wise Little Hen,9806
Chef Donald,9807
Rescue Dog,9808
Bone Bandit,9809
Mickey's Rival,9810
Beach Picnic,9811
All in a Nutshell,9812
Society Dog Show,9813
Ye Olden Days,9814
Lonesome Ghosts,9815
Babes in the Woods,9816
Pluto's Surprise Package,9817
Winter Storage,9818
The Olympic Champ,9819
A Knight for a Day,9820
Three Blind Mouseketeers,9821
The Little Whirlwind,9822
Pluto's Sweater,9823
Mr. Duck Steps Out,9824
The Art of Skiing,9825
Early to Bed,9826
Pluto and the Gopher,9827
Trailer Horn,9828
Mail Dog,9829
Donald's Dog Laundry,9830
Pluto's Purchase,9831
Elmer Elephant,9832
The Sound of Music,9833
Star Wars,9834
The Muppet Show,9835
Mary Poppins,9836
The Muppet Movie,9837
Oklahoma!,9838
"Hello, Dolly!",9839
"20,000 Leagues Under the Sea",9840
Schoolhouse Rock!,9841
The Empire Strikes Back,9842
The Black Hole,9843
Alice in Wonderland,9844
Swiss Family Robinson,9845
The Aristocats,9846
The Parent Trap,9847
Robin Hood,9848
The Sword in the Stone,9849
Peter Pan,9850
Bedknobs and Broomsticks,9851
Old Yeller,9852
The Jungle Book,9853
Journey to the Center of the Earth,9854
Lady and the Tramp,9855
The Many Adventures of Winnie the Pooh,9856
The Love Bug,9857
The Mickey Mouse Club,9858
Pete's Dragon,9859
One Hundred and One Dalmatians,9860
Darby O'Gill and the Little People,9861
The Absent-Minded Professor,9862
The Rescuers,9863
Escape to Witch Mountain,9864
Freaky Friday,9865
The Apple Dumpling Gang,9866
Sleeping Beauty,9867
The Shaggy Dog,9868
Spider-Woman,9869
Pollyanna,9870
Babes in Toyland,9871
That Darn Cat!,9872
The Island at the Top of the World,9873
Candleshoe,9874
The Computer Wore Tennis Shoes,9875
Return from Witch Mountain,9876
The Sign of Zorro,9877
Blackbeard's Ghost,9878
Lambert the Sheepish Lion,9879
The Story of Robin Hood and His Merrie Men,9880
The Happiest Millionaire,9881
The Shaggy D.A.,9882
The Incredible Journey,9883
The Prince and the Pauper,9884
Snowball Express,9885
The Moon-Spinners,9886
"Davy Crockett, King of the Wild Frontier",9887
Herbie Goes to Monte Carlo,9888
Spin and Marty,9889
The Ugly Dachshund,9890
The Adventures of Bullwhip Griffin,9891
Greyfriars Bobby: The True Story of a Dog,9892
The Strongest Man in the World,9893
Treasure of Matecumbe,9894
The Cat from Outer Space,9895
Third Man on the Mountain,9896
Unidentified Flying Oddball,9897
Herbie Rides Again,9898
Gus,9899
Perri,9900
The Apple Dumpling Gang Rides Again,9901
The Biscuit Eater,9902
The Million Dollar Duck,9903
The Bears and I,9904
Emil and the Detectives,9905
The Living Desert,9906
Herbie Goes Bananas,9907
The Vanishing Prairie,9908
The Story of the Faithful Wookiee,9909
Hacksaw,9910
Yellowstone Cubs,9911
Secrets of Life,9912
The African Lion,9913
Davy Crockett and the River Pirates,9914
The Small One,9915
Almost Angels,9916
Jungle Cat,9917
Justin Morgan Had a Horse,9918
A Tale of Two Critters,9919
Pluto's Party,9920
Those Calloways,9921
The Castaway Cowboy,9922
The Boy Who Talked to Badgers,9923
"Sammy, the Way-Out Seal",9924
The New Neighbor,9925
Dragon Around,9926
Trick or Treat,9927
The Liberty Story,9928
The Ghosts of Buxley Hall,9929
Beezy Bear,9930
Water Birds,9931
Mars and Beyond,9932
Pluto's Christmas Tree,9933
The Plausible Impossible,9934
The Story of the Animated Drawing,9935
Out of Scale,9936
The Pre-Opening Report from Disneyland,9937
Prowlers of the Everglades,9938
Don's Fountain of Youth,9939
The Simple Things,9940
My Dog the Thief,9941
Bearly Asleep,9942
Let's Stick Together,9943
Nature's Half Acre,9944
Sultan And The Rock Star,9945
Corn Chips,9946
Grand Canyonscope,9947
The Mouseketeers at Walt Disney World,9948
The Olympic Elk,9949
Man in Space,9950
Disneyland Around the Seasons,9951
The Princess Bride,9952
The Simpsons,9953
Edward Scissorhands,9954
Who Framed Roger Rabbit,9955
Willow,9956
America's Funniest Home Videos,9957
Adventures in Babysitting,9958
Return to Oz,9959
Home Alone,9960
"Honey, I Shrunk the Kids",9961
Splash,9962
Flight of the Navigator,9963
Tron,9964
3 Men and a Baby,9965
The Black Cauldron,9966
DuckTales,9967
Return of the Jedi,9968
Turner & Hooch,9969
Chip 'n' Dale Rescue Rangers,9970
Spider-Man,9971
Big Business,9972
The Great Muppet Caper,9973
Spider-Man and His Amazing Friends,9974
Ewoks: The Battle for Endor,9975
The Ewok Adventure,9976
The Great Mouse Detective,9977
Disney's Adventures of the Gummi Bears,9978
The Little Mermaid,9979
TaleSpin,9980
Oliver & Company,9981
Ernest Saves Christmas,9982
Star Wars: Droids,9983
The New Adventures of Winnie the Pooh,9984
The Journey of Natty Gann,9985
The Rescuers Down Under,9986
Star Wars: Ewoks,9987
The Fox and the Hound,9988
3 Men and a Little Lady,9989
Frankenweenie,9990
DuckTales: The Movie - Treasure of the Lost Lamp,9991
Shipwrecked,9992
Benji the Hunted,9993
Mickey's Christmas Carol,9994
Amy,9995
Luxo Jr.,9996
The Prince and the Pauper,9997
Knick Knack,9998
One Magic Christmas,9999
The Christmas Star,10000
Mr. Boogedy,10001
Red's Dream,10002
Tummy Trouble,10003
Tin Toy,10004
Fuzzbucket,10005
The Adventures of André and Wally B.,10006
Cheetah,10007
Casebusters,10008
Bride of Boogedy,10009
10 Things I Hate About You,10010
Boy Meets World,10011
X-Men,10012
Spider-Man,10013
Rookie of the Year,10014
The Straight Story,10015
Remember the Titans,10016
X-Men,10017
Dinosaurs,10018
While You Were Sleeping,10019
The Parent Trap,10020
Doug,10021
Heavyweights,10022
Mr. Holland's Opus,10023
The Rocketeer,10024
Sister Act,10025
George of the Jungle,10026
The Emperor's New Groove,10027
Gargoyles,10028
James and the Giant Peach,10029
Homeward Bound: The Incredible Journey,10030
Star Wars: Episode I - The Phantom Menace,10031
Never Been Kissed,10032
The Three Musketeers,10033
Cool Runnings,10034
The Nightmare Before Christmas,10035
X-Men: Evolution,10036
The Mighty Ducks,10037
Toy Story,10038
The Lion King,10039
Blank Check,10040
Newsies,10041
Recess,10042
A Bug's Life,10043
Aladdin,10044
Annie,10045
Hercules,10046
Mulan,10047
Muppet Treasure Island,10048
Wild Hearts Can't Be Broken,10049
Jack,10050
Flubber,10051
A Goofy Movie,10052
Fantastic Four,10053
Spider-Man Unlimited,10054
Tarzan,10055
The Incredible Hulk,10056
Hocus Pocus,10057
Thumbelina,10058
Cinderella,10059
Home Alone 2: Lost in New York,10060
Sister Act 2: Back in the Habit,10061
Toy Story 2,10062
Beauty and the Beast,10063
Camp Nowhere,10064
The Big Green,10065
The Kid,10066
Pepper Ann,10067
The Muppet Christmas Carol,10068
Dinosaur,10069
Jungle 2 Jungle,10070
The Brave Little Toaster to the Rescue,10071
Darkwing Duck,10072
Fantasia 2000,10073
Man of the House,10074
101 Dalmatians,10075
The Santa Clause,10076
Even Stevens,10077
The Hunchback of Notre Dame,10078
Iron Man,10079
Pocahontas,10080
The Adventures of Huck Finn,10081
Kazaam,10082
The Little Mermaid,10083
Silver Surfer,10084
Inspector Gadget,10085
Home Alone 3,10086
Mighty Joe Young,10087
The Return of Jafar,10088
"Honey, I Blew Up the Kid",10089
Smart Guy,10090
D2: The Mighty Ducks,10091
Tom and Huck,10092
White Fang,10093
Bonkers,10094
Aladdin and the King of Thieves,10095
Timon & Pumbaa,10096
Hercules,10097
Homeward Bound II: Lost in San Francisco,10098
Out of the Box,10099
My Favorite Martian,10100
Adventures in Wonderland,10101
So Weird,10102
A Kid in King Arthur's Court,10103
Operation Dumbo Drop,10104
Mr. Magoo,10105
The Lion King II: Simba's Pride,10106
Mighty Ducks: The Animated Series,10107
Goof Troop,10108
The Brave Little Toaster Goes to Mars,10109
Johnny Tsunami,10110
Iron Will,10111
101 Dalmatians: The Series,10112
Halloweentown,10113
First Kid,10114
An Extremely Goofy Movie,10115
Brink!,10116
Doug's 1st Movie,10117
D3: The Mighty Ducks,10118
"Honey, We Shrunk Ourselves",10119
Tall Tale,10120
Life with Mikey,10121
White Fang 2: Myth of the White Wolf,10122
102 Dalmatians,10123
Squanto: A Warrior's Tale,10124
Pooh's Grand Adventure: The Search for Christopher Robin,10125
The Avengers: United They Stand,10126
The Tigger Movie,10127
Don't Look Under the Bed,10128
The Little Mermaid II: Return to the Sea,10129
Miracle at Midnight,10130
Quack Pack,10131
Smart House,10132
Zenon: Girl of the 21st Century,10133
Ruby Bridges,10134
Beauty and the Beast: The Enchanted Christmas,10135
Mickey's Once Upon a Christmas,10136
I'll Be Home for Christmas,10137
Winnie the Pooh: A Valentine for You,10138
The Color of Friendship,10139
Genius,10140
That Darn Cat,10141
Horse Sense,10142
Frank and Ollie,10143
Can of Worms,10144
Richie Rich's Christmas Wish,10145
For the Birds,10146
Belle's Magical World,10147
Meet the Deedles,10148
Alley Cats Strike,10149
The Thirteenth Year,10150
The Jungle Book: Mowgli's Story,10151
"Up, Up, and Away",10152
Geri's Game,10153
Teacher's Pet,10154
You Lucky Dog,10155
Miracle in Lane 2,10156
Phantom of the Megaplex,10157
Pocahontas II: Journey to a New World,10158
Rip Girls,10159
Trail Mix-Up,10160
Mom's Got a Date with a Vampire,10161
Ready to Run,10162
Whispers: An Elephant's Tale,10163
The Ultimate Christmas Present,10164
Stepsister from Planet Weird,10165
Quints,10166
Mark Twain and Me,10167
Pirates of the Caribbean: The Curse of the Black Pearl,10168
Avatar,10169
National Treasure,10170
Fantastic Mr. Fox,10171
Night at the Museum,10172
Percy Jackson & the Olympians: The Lightning Thief,10173
Star Wars: The Clone Wars,10174
National Treasure: Book of Secrets,10175
Pirates of the Caribbean: Dead Man's Chest,10176
Holes,10177
Star Wars: Clone Wars,10178
"The Chronicles of Narnia: The Lion, the Witch and the Wardrobe",10179
Iron Man,10180
Alice in Wonderland,10181
WALL·E,10182
Ice Age,10183
The Princess Diaries,10184
TRON: Legacy,10185
Fantastic Four,10186
Secretariat,10187
Pirates of the Caribbean: At World's End,10188
Enchanted,10189
Ratatouille,10190
Phineas and Ferb,10191
Treasure Planet,10192
Cheaper by the Dozen,10193
Freaky Friday,10194
Miracle,10195
X-Men Origins: Wolverine,10196
The Sorcerer's Apprentice,10197
The Incredibles,10198
Dan in Real Life,10199
X2,10200
Up,10201
Alvin and the Chipmunks,10202
Night at the Museum: Battle of the Smithsonian,10203
Sky High,10204
Diary of a Wimpy Kid,10205
Iron Man 2,10206
Finding Nemo,10207
Horton Hears a Who!,10208
Prince of Persia: The Sands of Time,10209
Dog Whisperer,10210
Cars,10211
The Simpsons Movie,10212
Atlantis: The Lost Empire,10213
The Rookie,10214
Garfield,10215
Confessions of a Shopaholic,10216
Lilo & Stitch,10217
Because of Winn-Dixie,10218
"Monsters, Inc.",10219
X-Men: The Last Stand,10220
The Sandlot 2,10221
Star Wars: Episode III - Revenge of the Sith,10222
Meet the Robinsons,10223
Chicken Little,10224
The Greatest Game Ever Played,10225
Invincible,10226
You Again,10227
The Chronicles of Narnia: The Voyage of the Dawn Treader,10228
Lizzie McGuire,10229
Star Wars: Episode II - Attack of the Clones,10230
Little Einsteins,10231
The Chronicles of Narnia: Prince Caspian,10232
Tangled,10233
Bedtime Stories,10234
Four Days in October,10235
Kim Possible,10236
Glory Road,10237
Star Wars: The Clone Wars,10238
Hannah Montana,10239
Eragon,10240
The Pacifier,10241
Ice Age: Dawn of the Dinosaurs,10242
Ice Age: The Meltdown,10243
The Avengers: Earth's Mightiest Heroes,10244
Around the World in 80 Days,10245
The Haunted Mansion,10246
The Last Song,10247
Wolverine and the X-Men,10248
Toy Story 3,10249
Race to Witch Mountain,10250
Mickey Mouse Clubhouse,10251
The Princess Diaries 2: Royal Engagement,10252
Herbie Fully Loaded,10253
Bolt,10254
High School Musical,10255
American Dragon: Jake Long,10256
The Princess and the Frog,10257
Wizards of Waverly Place,10258
Like Mike,10259
Tuck Everlasting,10260
Confessions of a Teenage Drama Queen,10261
The Lizzie McGuire Movie,10262
The Game Plan,10263
Silly Little Game,10264
Eight Below,10265
G-Force,10266
The Proud Family,10267
Jordan Rides the Bus,10268
Brother Bear,10269
Garfield: A Tail of Two Kitties,10270
Cheaper by the Dozen 2,10271
The Sandlot: Heading Home,10272
The Wild,10273
Good Luck Charlie,10274
Lilo & Stitch: The Series,10275
Underdog,10276
Iron Man: Armored Adventures,10277
Atlantis: Milo's Return,10278
Kick Buttowski: Suburban Daredevil,10279
Empire of Dreams: The Story of the Star Wars Trilogy,10280
The Suite Life of Zack & Cody,10281
Shake It Up,10282
That's So Raven,10283
Flicka,10284
BURN·E,10285
High School Musical 2,10286
Get a Clue,10287
Oceans,10288
Home Alone 4,10289
Snow Dogs,10290
Home on the Range,10291
Beverly Hills Chihuahua,10292
Super Robot Monkey Team Hyperforce Go!,10293
Tinker Bell,10294
The Super Hero Squad Show,10295
A Christmas Carol,10296
Fantastic Four: World's Greatest Heroes,10297
Winnie the Pooh: Springtime with Roo,10298
Camp Rock,10299
Special Agent Oso,10300
The Suite Life on Deck,10301
Sonny with a Chance,10302
A Muppets Christmas: Letters to Santa,10303
Ice Princess,10304
Fernando Nation,10305
Handy Manny,10306
Lilo & Stitch 2: Stitch Has a Glitch,10307
Zeke and Luther,10308
The Lion King 1½,10309
High School Musical 3: Senior Year,10310
The Santa Clause 3: The Escape Clause,10311
Pooh's Heffalump Movie,10312
Aliens of the Deep,10313
Return to Never Land,10314
Starstruck,10315
Max Keeble's Big Move,10316
"Mickey, Donald, Goofy: The Three Musketeers",10317
Leroy & Stitch,10318
Snow Buddies,10319
The Book of Pooh,10320
Waking Sleeping Beauty,10321
The Country Bears,10322
Mulan II,10323
Stitch! The Movie,10324
Higglytown Heroes,10325
Hannah Montana: The Movie,10326
Guru of Go,10327
Kim Possible: So the Drama,10328
Once Upon A Mattress,10329
Motocrossed,10330
The Santa Clause 2,10331
The Replacements,10332
Valiant,10333
Princess Protection Program,10334
Pair of Kings,10335
The Pixar Story,10336
The Crimson Wing: Mystery of the Flamingos,10337
Kronk's New Groove,10338
Recess: School's Out,10339
Tarzan II,10340
The Little Mermaid: Ariel's Beginning,10341
The Emperor's New School,10342
Imagination Movers,10343
Cars Toon Mater's Tall Tales,10344
Fish Hooks,10345
Disney Channel Games,10346
Phil of the Future,10347
Wizards of Waverly Place: The Movie,10348
Tinker Bell and the Great Fairy Rescue,10349
Space Buddies,10350
George of the Jungle 2,10351
Bambi II,10352
Camp Rock 2: The Final Jam,10353
The Jungle Book 2,10354
Inspector Gadget 2,10355
Piglet's Big Movie,10356
Halloweentown II: Kalabar's Revenge,10357
Full-Court Miracle,10358
Cinderella II: Dreams Come True,10359
Tinker Bell and the Lost Treasure,10360
My Friends Tigger & Pooh,10361
The Search for Santa Paws,10362
The Luck of the Irish,10363
Lady and the Tramp II: Scamp's Adventure,10364
JONAS L.A.,10365
Cadet Kelly,10366
Santa Buddies,10367
Tarzan & Jane,10368
Cinderella III: A Twist in Time,10369
Zenon: Z3,10370
Great Migrations,10371
Return to Halloweentown,10372
Jump In!,10373
Brother Bear 2,10374
The Hunchback of Notre Dame II,10375
101 Dalmatians II: Patch's London Adventure,10376
Monster Truck Mater,10377
Wild Russia,10378
Twitches,10379
Like Mike 2: Streetball,10380
Halloweentown High,10381
Teacher's Pet,10382
Tokyo Mater,10383
Lifted,10384
Jack-Jack Attack,10385
Unidentified Flying Mater,10386
Read It and Weep,10387
Go Figure,10388
The Cheetah Girls 2,10389
The Cheetah Girls,10390
Presto,10391
Winnie the Pooh: A Very Merry Pooh Year,10392
Now You See It...,10393
College Road Trip,10394
Tru Confessions,10395
Partly Cloudy,10396
Cow Belles,10397
Dug's Special Mission,10398
Morning Light,10399
Stuck in the Suburbs,10400
Mike's New Car,10401
Twitches Too,10402
Wendy Wu: Homecoming Warrior,10403
The Boys: The Sherman Brothers' Story,10404
Day & Night,10405
Your Friend the Rat,10406
Recess: Taking the Fifth Grade,10407
Mater and the Ghostlight,10408
Rescue Squad Mater,10409
Den Brother,10410
Hannah Montana & Miley Cyrus: Best of Both Worlds Concert,10411
The Scream Team,10412
Recess: All Growed Down,10413
Gotta Kick It Up!,10414
Skyrunners,10415
Double Teamed,10416
Eddie's Million Dollar Cook Off,10417
Heavy Metal Mater,10418
Dadnapped,10419
Jumping Ship,10420
Minutemen,10421
Prep & Landing,10422
The Cheetah Girls: One World,10423
Three Days,10424
Boundin',10425
Johnny Kapahala: Back on Board,10426
Stonehenge: Decoded,10427
The Proud Family Movie,10428
The Even Stevens Movie,10429
Tiger Cruise,10430
The Secret of the Magic Gourd,10431
The Fox and the Hound 2,10432
Jonas Brothers: The Concert Experience,10433
Prep & Landing Stocking Stuffer: Operation: Secret Santa,10434
Moon Mater,10435
Mickey's Twice Upon a Christmas,10436
Destino,10437
Take Two with Phineas and Ferb,10438
Roving Mars,10439
Young Black Stallion,10440
Hatching Pete,10441
Zenon: The Zequel,10442
One Man Band,10443
Mater the Greater,10444
Life Is Ruff,10445
The Little Matchgirl,10446
Mater Private Eye,10447
Pixel Perfect,10448
Super Rhino,10449
You Wish!,10450
Sacred Planet,10451
'Twas the Night,10452
Snowglobe,10453
Secrets of the King Cobra,10454
Going to the Mat,10455
Trail of the Panda,10456
Walt & El Grupo,10457
Right on Track,10458
A Ring of Endless Light,10459
Buffalo Dreams,10460
Hounded,10461
The Poof Point,10462
Journey to Shark Eden,10463
George & A.J.,10464
Big Sur-Wild California,10465
America's Heart and Soul,10466
Kingdom of the Blue Whale,10467
Once Upon a Time,10468
Gravity Falls,10469
Pirates of the Caribbean: On Stranger Tides,10470
X-Men: First Class,10471
The Avengers,10472
Thor,10473
John Carter,10474
Captain America: The First Avenger,10475
Wreck-It Ralph,10476
Chasing Mavericks,10477
We Bought a Zoo,10478
Gnomeo & Juliet,10479
Brave,10480
Brain Games,10481
Wicked Tuna,10482
The Muppets,10483
Winnie the Pooh,10484
TRON: Uprising,10485
Frankenweenie,10486
Marvel's Ultimate Spider-Man,10487
The Incredible Dr. Pol,10488
Ice Age: Continental Drift,10489
Cars 2,10490
Doc McStuffins,10491
Jessie,10492
Diary of a Wimpy Kid: Dog Days,10493
Diary of a Wimpy Kid: Rodrick Rules,10494
Austin & Ally,10495
UFO Missione Europa,10496
Lemonade Mouth,10497
Lab Rats,10498
Tangled Ever After,10499
Captain Jake and the Never Land Pirates,10500
Mars Needs Moms,10501
Marvel One-Shot: A Funny Thing Happened on the Way to Thor's Hammer,10502
The Odd Life of Timothy Green,10503
12 Dates of Christmas,10504
Wild Scandinavia,10505
The Legend of Mor'du,10506
Dog with a Blog,10507
Kickin' It,10508
Marvel One-Shot: The Consultant,10509
Randy Cunningham: 9th Grade Ninja,10510
Crash & Bernstein,10511
Ice Age: A Mammoth Christmas,10512
Home Alone: The Holiday Heist,10513
Marvel One-Shot: Item 47,10514
Prom,10515
Minnie's Bow-Toons,10516
Geek Charming,10517
Unlikely Animal Friends,10518
Return of the Clouded Leopards,10519
Avalon High,10520
Paperman,10521
Beverly Hills Chihuahua 2,10522
A.N.T. Farm,10523
Violetta,10524
Secret of the Wings,10525
Phineas and Ferb: The Movie: Across the 2nd Dimension,10526
There's No Place Like Home,10527
Small Fry,10528
Chimpanzee,10529
Frenemies,10530
Wings of Life,10531
Maggie Simpson in The Longest Daycare,10532
Sharpay's Fabulous Adventure,10533
The Suite Life Movie,10534
Beverly Hills Chihuahua 3: Viva la Fiesta!,10535
Cesar Millan: The Real Story,10536
Teen Spirit,10537
Hawaiian Vacation,10538
Let It Shine,10539
So Random!,10540
Girl vs. Monster,10541
Partysaurus Rex,10542
La luna,10543
"Good Luck Charlie, It's Christmas!",10544
Time Travel Mater,10545
African Cats,10546
Spooky Buddies,10547
Air Mater,10548
Secrets of Wild India,10549
America's Greatest Animals,10550
The Mistle-Tones,10551
Treasure Buddies,10552
The Ballad of Nessie,10553
Prep & Landing: Naughty vs. Nice,10554
Santa Paws 2: The Santa Pups,10555
Special Agent Oso: Three Healthy Steps,10556
Fury Files,10557
Birth of Europe,10558
Winged Seduction: Birds of Paradise,10559
black-ish,10560
Cosmos,10561
Marvel's Agents of S.H.I.E.L.D.,10562
Into the Woods,10563
Guardians of the Galaxy,10564
Cosmos: A Spacetime Odyssey,10565
X-Men: Days of Future Past,10566
Star Wars Rebels,10567
The Fault in Our Stars,10568
Life Below Zero,10569
The Book of Life,10570
Big Hero 6,10571
Thor: The Dark World,10572
Night at the Museum: Secret of the Tomb,10573
Saving Mr. Banks,10574
Iron Man 3,10575
Captain America: The Winter Soldier,10576
Running Wild with Bear Grylls,10577
Frozen,10578
Marvel’s Hulk and the Agents of S.M.A.S.H,10579
The Day the Series Stopped,10580
Marvel One-Shot: Agent Carter,10581
Girl Meets World,10582
"Alexander and the Terrible, Horrible, No Good, Very Bad Day",10583
Marvel's Avengers Assemble,10584
Monsters University,10585
Liv and Maddie,10586
Muppets Most Wanted,10587
Planes,10588
Once Upon a Time in Wonderland,10589
Teen Beach Movie,10590
Tinker Bell and the Legend of the NeverBeast,10591
"Dr. Oakley, Yukon Vet",10592
Brothers in Exile,10593
Science of Stupid,10594
Car S.O.S.,10595
The Wizards Return: Alex vs. Alex,10596
Wander Over Yonder,10597
Mickey Mouse,10598
Toy Story of Terror!,10599
Henry Hugglemonster,10600
LEGO Star Wars: The New Yoda Chronicles - Raid on Coruscant,10601
Marvel One-Shot: All Hail the King,10602
Bears,10603
Toy Story That Time Forgot,10604
The Evermoor Chronicles,10605
Wild Hawaii,10606
Sheriff Callie's Wild West,10607
Iron Man & Captain America: Heroes United,10608
Wicked Tuna: Outer Banks,10609
Drain the Bermuda Triangle,10610
Jingle All the Way 2,10611
Phineas and Ferb: Star Wars,10612
Iron Man & Hulk: Heroes United,10613
Lava,10614
Dr K's Exotic Animal ER,10615
Planes: Fire & Rescue,10616
The Great Christmas Light Fight,10617
Feast,10618
When Sharks Attack,10619
Super Buddies,10620
Get a Horse!,10621
Cloud 9,10622
Tinker Bell and the Pirate Fairy,10623
Miracle Landing on the Hudson,10624
The Book of Manning,10625
Party Central,10626
Phineas and Ferb: Mission Marvel,10627
Kirby Buckets,10628
Hiccups,10629
Marvel Studios: Assembling a Universe,10630
Betty White Goes Wild,10631
I Didn't Do It,10632
Bugged,10633
Survive and Advance,10634
Mighty Med,10635
Wild Congo,10636
"Marvel: 75 Years, From Pulp to Pop!",10637
LEGO Start Wars: The New Yoda Chronicles: Duel of the Skywalkers,10638
LEGO Star Wars: The New Yoda Chronicles - Escape from the Jedi Temple,10639
Spinning,10640
How to Build a Better Boy,10641
Captain Sparky vs. The Flying Saucers,10642
The Blue Umbrella,10643
The Doc Files,10644
The Radiator Springs 500½,10645
LEGO Star Wars: The New Yoda Chronicles - Race For The Holocrons,10646
LEGO Star Wars: The New Yoda Chronicles - Clash of the Skywalkers,10647
The Incredible Dr. Pol: Jingle Pols,10648
Sharks of Lost Island,10649
Kingdom of the Apes: Battle Lines,10650
Marvel's Daredevil,10651
Doctor Strange,10652
Hidden Figures,10653
Marvel's Jessica Jones,10654
Marvel's Agent Carter,10655
Miraculous: Tales of Ladybug & Cat Noir,10656
Zootopia,10657
Inside Out,10658
PJ Masks,10659
Miss Peregrine's Home for Peculiar Children,10660
Marvel's Luke Cage,10661
Moana,10662
Rogue One: A Star Wars Story,10663
Fantastic Four,10664
Captain America: Civil War,10665
X-Men: Apocalypse,10666
Ant-Man,10667
The Finest Hours,10668
Avengers: Age of Ultron,10669
"McFarland, USA",10670
Star Wars: The Force Awakens,10671
Alice Through the Looking Glass,10672
Pete's Dragon,10673
The Good Dinosaur,10674
LEGO Star Wars: The Freemaker Adventures,10675
Port Protection Alaska,10676
Alvin and the Chipmunks: The Road Chip,10677
Descendants,10678
Before the Flood,10679
Primal Survivor,10680
The Jungle Book,10681
America's National Parks,10682
Finding Dory,10683
Queen of Katwe,10684
Ice Age: The Great Egg-Scapade,10685
K.C. Undercover,10686
Team Thor,10687
Doc & Darryl,10688
Star vs. the Forces of Evil,10689
Ice Age: Collision Course,10690
The Muppets,10691
Marvel's Guardians of the Galaxy,10692
Alex & Co.,10693
Growing Up Wild,10694
MECH-X4,10695
Elena of Avalor,10696
Strange Magic,10697
Stuck in the Middle,10698
LEGO Star Wars: Droid Tales,10699
Four Falls of Buffalo,10700
The Lion Guard,10701
Ice Road Rescue,10702
Pickle & Peanut,10703
Miles from Tomorrowland,10704
Continent 7: Antarctica,10705
Goldie & Bear,10706
The Lodge,10707
Bizaardvark,10708
Descendants: Wicked World,10709
The Greeks,10710
I am Luna,10711
Egypt's Treasure Guardians,10712
The Kangaroo King,10713
I Hate Christian Laettner,10714
Marvel Funko Shorts,10715
United States of Animals,10716
Milo Murphy's Law,10717
China From Above,10718
Weird But True,10719
Drain the Titanic,10720
Riley's First Date?,10721
Wild Yellowstone,10722
Adventures in Babysitting,10723
Disney's Broadway Hits at London's Royal Albert Hall,10724
Best Friends Whenever,10725
Teen Beach 2,10726
Piper,10727
The Swap,10728
Monkey Kingdom,10729
Animal ER,10730
Frozen Fever,10731
Marvel Super Hero Adventures: Frost Fight!,10732
Supercar Megabuild,10733
Wild Sri Lanka,10734
Sanjay's Super Team,10735
Phi Slama Jama,10736
Born in China,10737
Of Miracles and Men,10738
Future-Worm!,10739
Invisible Sister,10740
Inner Workings,10741
Duck the Halls: A Mickey Mouse Christmas Special,10742
Lab Rats: Elite Force,10743
How Dogs Got Their Shapes,10744
Walk the Prank,10745
Drain The Ocean: WWII,10746
Bad Hair Day,10747
Tick Tock Tale,10748
First Class Chefs,10749
Party Animals,10750
Nature Boom Time,10751
Shanghai Disney Resort Grand Opening Gala,10752
Mega Hammerhead,10753
World's Greatest Dogs,10754
Incredible! The Story of Dr. Pol,10755
The Incredible Dr. Pol Blue Ribbon Kids,10756
Big Cat Games,10757
The Book of Once Upon a Time,10758
The Greatest Showman,10759
Bluey,10760
Marvel's The Punisher,10761
Marvel's Inhumans,10762
Free Solo,10763
Isle of Dogs,10764
Pirates of the Caribbean: Dead Men Tell No Tales,10765
Thor: Ragnarok,10766
Marvel's Iron Fist,10767
Marvel's The Defenders,10768
Coco,10769
Marvel's Runaways,10770
Avengers: Infinity War,10771
Solo: A Star Wars Story,10772
Black Panther,10773
Guardians of the Galaxy Vol. 2,10774
Ant-Man and the Wasp,10775
Incredibles 2,10776
Christopher Robin,10777
Once,10778
Ferdinand,10779
One Strange Rock,10780
grown-ish,10781
Mary Poppins Returns,10782
Star Wars: The Last Jedi,10783
Beauty and the Beast,10784
Marvel's Spider-Man,10785
Star Wars Resistance,10786
Muppet Babies,10787
Ralph Breaks the Internet,10788
A Wrinkle in Time,10789
DuckTales,10790
Raven's Home,10791
Star Wars: Forces of Destiny,10792
Puppy Dog Pals,10793
Newsies,10794
Big City Greens,10795
Cars 3,10796
Drain the Oceans,10797
Big Hero 6 The Series,10798
Marvel's Ant-Man,10799
Jane,10800
Life-Size 2,10801
Diary of a Wimpy Kid: The Long Haul,10802
Secrets of the Zoo,10803
Rapunzel's Tangled Adventure,10804
Fancy Nancy,10805
Andi Mack,10806
Bao,10807
The Nutcracker and the Four Realms,10808
Ghost of the Mountains,10809
Titanic: 20 Years Later with James Cameron,10810
Expedition China,10811
Science Fair,10812
Legend of the Three Caballeros,10813
Z-O-M-B-I-E-S,10814
Marvel Future Avengers,10815
Vampirina,10816
Year Million,10817
Origins: The Journey of Humankind,10818
Freaky Friday,10819
Star Wars Blips,10820
Marvel's Rocket & Groot,10821
Step,10822
Team Thor: Part 2,10823
Tut's Treasures: Hidden Secrets,10824
Mickey and the Roadster Racers,10825
Descendants 2,10826
Marvel Rising: Initation,10827
Olaf's Frozen Adventure,10828
Breaking2,10829
Avengers: Secret Wars (Shorts),10830
Wild Chile: Un viaje salvaje,10831
Team Darryl,10832
Japan: Between Earth & Sky,10833
Marvel Rising: Secret Warriors,10834
MARS: Inside SpaceX,10835
Gender Revolution: A Journey with Katie Couric,10836
Drain Alcatraz,10837
Marvel Super Hero Adventures,10838
Animal Showdown,10839
Under the Sea: A Descendants Story,10840
Tangled: Before Ever After,10841
Howard,10842
Atlantis Rising,10843
Paradise Islands,10844
Lou,10845
Stuntman,10846
Into the Okavango,10847
LEGO Star Wars: All-Stars,10848
Disney Junior Music Nursery Rhymes,10849
Scuba Sam's World,10850
Coop & Cami Ask The World,10851
Rocky Mountain Animal Rescue,10852
Secrets Of Christ's Tomb,10853
Mission to the Sun,10854
Disney's Fairy Tale Weddings,10855
Disney Illuminations Firework Show Disneyland Paris,10856
Drain The Sunken Pirate City,10857
Paris to Pittsburgh,10858
700 Sharks,10859
The Scariest Story Ever: A Mickey Mouse Halloween Spooktacular,10860
Auntie Edna,10861
Billy Dilley’s Super-Duper Subterranean Summer,10862
Alaska's Grizzly Gauntlet,10863
Best Job Ever,10864
Sea of Hope: America's Underwater Treasures,10865
Giants of the Deep Blue,10866
Planet of the Birds,10867
Love & Vets,10868
"Weirdest, Bestest, Truest",10869
Destination World,10870
The Flood,10871
Mexico Untamed,10872
Awesome Animals,10873
Man Among Cheetahs,10874
Sam's Zookeeper Challenge,10875
Fearless Adventures with Jack Randall,10876
Decorating Disney: Holiday Magic,10877
Big Sharks Rule,10878
Wild Uganda,10879
Disney’s Fairy Tale Weddings: Holiday Magic,10880
What Sam Sees,10881
Oil Spill of The Century,10882
Tree Climbing Lions,10883
Earth Live,10884
The Mandalorian,10885
The Owl House,10886
Hamilton,10887
Amphibia,10888
Avengers: Endgame,10889
Dark Phoenix,10890
Soul,10891
Star Wars: The Rise of Skywalker,10892
Captain Marvel,10893
Cosmos: Possible Worlds,10894
Gordon Ramsay: Uncharted,10895
The Lion King,10896
Onward,10897
Maleficent: Mistress of Evil,10898
Toy Story 4,10899
Aladdin,10900
The Kid Who Would Be King,10901
Long Gone Summer,10902
Mulan,10903
The Right Stuff,10904
Togo,10905
The One and Only Ivan,10906
Dumbo,10907
Frozen II,10908
The World According to Jeff Goldblum,10909
Buried Secrets of Cordoba,10910
Noelle,10911
Artemis Fowl,10912
Lost Treasures of Egypt,10913
Burrow,10914
Clouds,10915
High School Musical: The Musical: The Series,10916
Lost Treasures of the Maya,10917
Buried Secrets of Keros,10918
Lady and the Tramp,10919
Life Below Zero: Next Generation,10920
Folklore: The Long Pond Studio Sessions,10921
Lost Cities with Albert Lin,10922
Disney Gallery / Star Wars: The Mandalorian,10923
Black Beauty,10924
The Wizard of Paws,10925
The Imagineering Story,10926
"Heartland Docs, DVM",10927
Stargirl,10928
Marvel 616,10929
Life Below Zero: Northern Territories,10930
Hostile Planet,10931
Upside-Down Magic,10932
Descendants 3,10933
Critter Fixers: Country Vets,10934
Lost on Everest,10935
The Lego Star Wars Holiday Special,10936
Timmy Failure: Mistakes Were Made,10937
Godmothered,10938
"Mira, Royal Detective",10939
T.O.T.S.,10940
Europe From Above,10941
Z-O-M-B-I-E-S 2,10942
Jane Goodall: The Hope,10943
Expedition Everest,10944
Safety,10945
Secret Society of Second Born Royals,10946
Back to the Titanic,10947
Spaced Out,10948
Buried Secrets of The Bible With Albert Lin,10949
On Pointe,10950
Walt Disney Animation Studios: Short Circuit Experimental Films,10951
Bia,10952
Kim Possible,10953
Miraculous World : New York – United HeroeZ,10954
Muppets Now,10955
India from Above,10956
Dolphin Reef,10957
Apollo: Back to the Moon,10958
Rogue Trip,10959
Magic Camp,10960
Inside Pixar,10961
Gigantosaurus,10962
Pixar in Real Life,10963
Penguins,10964
Apollo: Missions to the Moon,10965
Marvel Battleworld: Mystery of the Thanostones,10966
Kingdom of the White Wolf,10967
101 Dalmatian Street,10968
Magic of Disney's Animal Kingdom,10969
The Wonderful World of Mickey Mouse,10970
One Day at Disney,10971
Dog: Impossible,10972
"Dr. T, Lone Star Vet",10973
Mars: One Day on the Red Planet,10974
Into the Grand Canyon,10975
Secrets of the Zoo: Tampa,10976
Elephant,10977
Loop,10978
The Little Mermaid Live!,10979
Disney Insider,10980
Wild Central America,10981
Pompeii: Secrets of the Dead,10982
Encore!,10983
Marvel Rising: Playing with Fire,10984
Phineas and Ferb: The Movie: Candace Against the Universe,10985
Out There with Jack Randall,10986
Lost Tombs of the Pyramids,10987
Sydney to the Max,10988
Zenimation,10989
Kingdom of the Mummies,10990
Fast Layne,10991
Wild Portugal,10992
Wild Cats of India,10993
Marvel's Hero Project,10994
Alaska Animal Rescue,10995
Pick of the Litter,10996
The Real Right Stuff,10997
Petra: Secrets of the Ancient Builders,10998
Marvel's Ultimate Comics,10999
Prop Culture,11000
Made in A Day,11001
Into the Unknown: Making Frozen II,11002
Out,11003
Meet the Chimps,11004
Expedition Mars,11005
Wind,11006
ZOMBIES: Addison's Moonstone Mystery,11007
Just Roll with It,11008
Buried Truth of the Maya,11009
Earth to Ned,11010
The Real Black Panther,11011
Once Upon a Snowman,11012
Black Is King,11013
High School Musical: The Musical: The Holiday Special,11014
Becoming,11015
India's Wild Leopards,11016
The Big Fib,11017
High School Musical: The Musical: The Series: The Sing-Along,11018
Smash and Grab,11019
Prairie Dog Manor,11020
Dory's Reef Cam,11021
Diary of a Future President,11022
Gabby Duran and the Unsittables,11023
Shop Class,11024
The Lost Tomb of Alexander the Great,11025
The Rocketeer,11026
The Dominican Dream,11027
Pop Goes the Vet,11028
Purl,11029
Deion's Double Play,11030
Notre Dame: Race Against the Inferno,11031
Marvel Rising: Chasing Ghosts,11032
Maggie Simpson in Playdate with Destiny,11033
Marvel Rising: Battle of the Bands,11034
Adventure Thru the Walt Disney Archives,11035
Gathering Storm,11036
The Last Ice,11037
Disney Parks Sunrise Series,11038
Disney Junior Ready for Preschool,11039
Marvel Rising: Heart of Iron,11040
Surviving the Mount St. Helens Disaster,11041
Lamp Life,11042
Expedition Amelia,11043
Secrets of the Zoo: North Carolina,11044
One Day at Disney,11045
X-Ray Earth,11046
Sharkcano,11047
Marvel Rising: Operation Shuri,11048
Disney Junior Music Lullabies,11049
Kitbull,11050
The Lost City Of Machu Picchu,11051
Be Our Chef,11052
Ultimate Viking Sword,11053
Myth: A Frozen Tale,11054
Broken Karaoke,11055
Float,11056
Star Wars: Galaxy's Edge - Adventure Awaits,11057
Great Shark Chow Down,11058
Hamilton: History Has Its Eyes On You,11059
Women of Impact: Changing the World,11060
Mickey Go Local,11061
Calling All T.O.T.S.,11062
Forky Asks A Question: What Is Money?,11063
Lost Temple of The Inca,11064
Doc McStuffins: The Doc Is In,11065
Shark Attack Investigation: The Paige Winter Story,11066
It's a Dog's Life with Bill Farmer,11067
Being the Queen,11068
Arendelle Castle Yule Log,11069
Marvel Studios: Expanding the Universe,11070
Disney Family Sundays,11071
High School Musical: The Musical: The Series: The Special,11072
The Giant Robber Crab,11073
Forky Asks A Question: What Is A Pet?,11074
Viking Warrior Women,11075
Jungle Animal Rescue,11076
Random Rings,11077
The Undefeated Presents: Hamilton In-Depth,11078
Roll it Back,11079
A Celebration of the Music from Coco,11080
Man vs. Shark,11081
Okavango: River of Dreams,11082
Secrets of the Bull Shark,11083
Sharks of the Bermuda Triangle,11084
Secrets of the Zoo: Down Under,11085
Diving with Dolphins,11086
Shark vs. Surfer,11087
In the Footsteps of Elephant,11088
Disney Holiday Magic Quest,11089
Chasing the Equinox,11090
What the Shark?,11091
Shark vs. Whale,11092
Most Wanted Sharks,11093
The Hidden Kingdoms of China,11094
Texas Storm Squad,11095
Epic Holiday Showdown,11096
Disney My Music Story: Perfume,11097
The Disney Holiday Singalong,11098
Jade Eyed Leopard,11099
Born Wild: The Next Generation,11100
From Our Family to Yours,11101
Disney Channel Holiday House Party,11102
My Music Story: Yoshiki,11103
Disney Channel Halloween House Party,11104
Moon Knight,11105
Free Guy,11106
West Side Story,11107
The Beatles: Get Back,11108
Turning Red,11109
"Summer of Soul (...Or, When the Revolution Could Not Be Televised)",11110
The Book of Boba Fett,11111
WandaVision,11112
Encanto,11113
Eternals,11114
Loki,11115
Hawkeye,11116
Man in the Arena: Tom Brady,11117
Shang-Chi and the Legend of the Ten Rings,11118
The Rescue,11119
What If...?,11120
Jungle Cruise,11121
The Wonder Years,11122
The Falcon and The Winter Soldier,11123
The Bad Batch,11124
Ron's Gone Wrong,11125
Black Widow,11126
Cruella,11127
Ice Age: Scrat Tales,11128
Star Wars: Visions,11129
Better Nate Than Ever,11130
Luca,11131
Marvel Studios: Legends,11132
Just Beyond,11133
Snowdrop,11134
Explorer: The Last Tepui,11135
Sketchbook,11136
Parallels,11137
Spidey and His Amazing Friends,11138
The Biggest Little Farm: The Return,11139
Welcome to Earth,11140
Cheaper by the Dozen,11141
The Mysterious Benedict Society,11142
Polar Bear,11143
Raya and the Last Dragon,11144
The Ice Age Adventures of Buck Wild,11145
Dug Days,11146
The Proud Family: Louder and Prouder,11147
Star Wars Biomes,11148
Secrets of Sulphur Springs,11149
The Simpsons: When Billie Met Lisa,11150
Becoming Cousteau,11151
Dino Ranch,11152
Torn,11153
The Quest,11154
Muppets Haunted Mansion,11155
Something Bit Me!,11156
OLIVIA RODRIGO: driving home 2 u (a SOUR film),11157
Turner & Hooch,11158
"The Simpsons: The Good, the Bart, and the Loki",11159
Secrets of the Whales,11160
Behind the Attraction,11161
"Cesar Millan: Better Human, Better Dog",11162
LEGO Star Wars Terrifying Tales,11163
Monsters at Work,11164
Marvel Studios: Assembled,11165
Diary of a Wimpy Kid,11166
The '80s: Top Ten,11167
Home Sweet Home Alone,11168
Big Shot,11169
Bear Witness,11170
The Ghost and Molly McGee,11171
The Mighty Ducks: Game Changers,11172
Olaf Presents,11173
Disney Intertwined,11174
The Simpsons in Plusaversary,11175
Ciao Alberto,11176
Encanto Sing-Along,11177
Live in Front of a Studio Audience: The Facts of Life and Diff'rent Strokes,11178
Step Into… The Movies with Derek and Julianne Hough,11179
ASSEMBLED: The Making of Eternals,11180
Fauci,11181
"Doogie Kamealoha, M.D.",11182
More Than Robots,11183
Alice's Wonderland Bakery,11184
Unknown Waters with Jeremy Wade,11185
America's Funniest Home Videos: Animal Edition,11186
Maggie Simpson in The Force Awakens from Its Nap,11187
Under the Helmet: The Legacy of Boba Fett,11188
Miraculous World: Shanghai – The Legend of Ladydragon,11189
Happier Than Ever: A Love Letter to Los Angeles,11190
Far From the Tree,11191
Star Wars Galaxy of Sounds,11192
Flora & Ulysses,11193
Disney Presents Goofy in How to Stay at Home,11194
Marvel Studios' 2021 Disney+ Day Special,11195
Among the Stars,11196
Under Wraps,11197
Star Wars Vehicle Flythroughs,11198
Called to the Wild,11199
The Wonderful Spring of Mickey Mouse,11200
Storm Rising,11201
National Geographic Presents: IMPACT with Gal Gadot,11202
The New Air Force One: Flying Fortress,11203
Descendants: The Royal Wedding,11204
Mickey Mouse Funhouse,11205
Chip 'N' Dale: Park Life,11206
Christmas ...Again?!,11207
22 vs. Earth,11208
ASSEMBLED: The Making of Hawkeye,11209
Earth Moods,11210
Brain Games: On The Road,11211
The Most Magical Story on Earth: 50 Years of Walt Disney World,11212
The Wonderful Winter of Mickey Mouse,11213
The Chicken Squad,11214
Weekend Family,11215
The Hatcher Family Dairy,11216
Something's Coming: West Side Story,11217
Clotilda: Last American Slave Ship,11218
Race to the Center of the Earth,11219
Playing with Sharks,11220
Growing Up Animal,11221
Spin,11222
"Man, Woman, Dog",11223
Bob Ballard: An Explorer's Life,11224
Wolfgang,11225
Kingdom of the Polar Bears,11226
Pixar 2021 Disney+ Day Special,11227
Eye Wonder,11228
The Queen Family Singalong,11229
Orca Vs. Great White,11230
Disney's Magic Bake-Off,11231
"Rise Up, Sing Out",11232
Twenty Something,11233
Shark Attack Files,11234
Lost Cities: The Great Flood,11235
Soul of a Nation Presents: X / o n e r a t e d – The Murder of Malcolm X and 55 Years to Justice,11236
Pixar Popcorn,11237
King Tut In Colour,11238
Marvel's Behind the Mask,11239
The Way of the Cheetah,11240
The Little Prince(ss),11241
A Very Boy Band Holiday,11242
Us Again,11243
Let's Be Tigers,11244
Soul of a Nation Presents: Screen Queens Rising,11245
Nona,11246
Shark Beach With Chris Hemsworth,11247
Rogue Shark,11248
Foodtastic,11249
Embrace the Panda: Making Turning Red,11250
Mickey's Tale of Two Witches,11251
The Last of the Chupacabras,11252
Mickey and Minnie Wish Upon a Christmas,11253
Croc That Ate Jaws,11254
Dinner Is Served,11255
Breaking Bobby Bones,11256
Growing Fangs,11257
Disney Princess Remixed: An Ultimate Princess Celebration,11258
American Eid,11259
World's Biggest Bull Shark?,11260
Flooded Tombs of the Nile,11261
The Wild Life of Dr. Ole,11262
Russia's Wild Tiger,11263
Turning the Tables with Robin Roberts,11264
Vets on the Beach,11265
A Spark Story,11266
Shark Gangs,11267
Own the Room,11268
Built for Mars: The Perseverance Rover,11269
Killer Shark vs. Killer Whale,11270
Far From Raven's Home,11271
World's Most Dangerous Shark?,11272
The Magic Maker,11273
Smoky Mountain Park Rangers,11274
The Wizard of Oz,11275
Citizen Kane,11276
Casablanca,11277
The Big Sleep,11278
The Maltese Falcon,11279
Gone with the Wind,11280
Tom and Jerry,11281
The Treasure of the Sierra Madre,11282
The Asphalt Jungle,11283
The Philadelphia Story,11284
Rashomon,11285
The Red Shoes,11286
M,11287
Freaks,11288
The Great Dictator,11289
The 39 Steps,11290
The Lady Vanishes,11291
Bicycle Thieves,11292
The Passion of Joan of Arc,11293
City Lights,11294
Häxan,11295
King Kong,11296
Black Narcissus,11297
To Be or Not to Be,11298
Great Expectations,11299
Modern Times,11300
The Life and Death of Colonel Blimp,11301
Brief Encounter,11302
42nd Street,11303
"Now, Voyager",11304
The Public Enemy,11305
Vampyr,11306
Late Spring,11307
Adam's Rib,11308
The Man Who Knew Too Much,11309
Hamlet,11310
"Rome, Open City",11311
The Letter,11312
Mutiny on the Bounty,11313
Sergeant York,11314
Safety Last!,11315
Battleship Potemkin,11316
The Gay Divorcee,11317
Sabotage,11318
The Gold Rush,11319
The Kid,11320
Beauty and the Beast,11321
Foreign Correspondent,11322
The Lodger: A Story of the London Fog,11323
A Trip to the Moon,11324
The Thief of Bagdad,11325
Captains Courageous,11326
The Testament of Dr. Mabuse,11327
Jezebel,11328
Odd Man Out,11329
Oliver Twist,11330
The Naked City,11331
Henry V,11332
Libeled Lady,11333
Show Boat,11334
Blithe Spirit,11335
National Velvet,11336
Pygmalion,11337
In Which We Serve,11338
Shall We Dance,11339
Take Me Out to the Ball Game,11340
Pride and Prejudice,11341
Miracle on 34th Street,11342
She Wore a Yellow Ribbon,11343
Downhill,11344
Orpheus,11345
That Hamilton Woman,11346
Of Mice and Men,11347
The Circus,11348
Dragnet Girl,11349
The Flowers of St. Francis,11350
The Scarlet Pimpernel,11351
Brute Force,11352
Pépé le Moko,11353
Nanook of the North,11354
Paisan,11355
So This Is Paris,11356
Pandora's Box,11357
Monsieur Verdoux,11358
The Long Voyage Home,11359
The Freshman,11360
"Ivan the Terrible, Part I",11361
Young Man with a Horn,11362
I Married a Witch,11363
Stromboli,11364
Without Love,11365
"Germany, Year Zero",11366
The Big House,11367
The Barkleys of Broadway,11368
Keeper of the Flame,11369
A Day in the Country,11370
They Died with Their Boots On,11371
Tea for Two,11372
Speedy,11373
Girl Crazy,11374
My Dream Is Yours,11375
Lassie Come Home,11376
"The 47 Ronin, Part 1",11377
Carefree,11378
3 Godfathers,11379
The King of Kings,11380
The Four Feathers,11381
The Son of Kong,11382
A Story of Floating Weeds,11383
Five Came Back,11384
Fashions of 1934,11385
A Woman of Paris: A Drama of Fate,11386
People on Sunday,11387
One Foot in Heaven,11388
The Impossible Voyage,11389
Rembrandt,11390
Romance on the High Seas,11391
The Two Mrs. Carrolls,11392
The Kid Brother,11393
Jimmy the Gent,11394
The 3 Penny Opera,11395
For Heaven's Sake,11396
Honolulu,11397
The Seventh Veil,11398
I Shot Jesse James,11399
Special Agent,11400
The Horn Blows at Midnight,11401
A Dog's Life,11402
Black Gold,11403
The Immigrant,11404
Westfront 1918,11405
The Pilgrim,11406
The Idle Class,11407
A Damsel in Distress,11408
Osaka Elegy,11409
Berlin: Symphony of a Great City,11410
Gentleman's Fate,11411
The Dark Horse,11412
The Gold Rush,11413
The Rise of Catherine the Great,11414
Shoulder Arms,11415
L'amore,11416
The Witch,11417
Intermezzo,11418
Winter Meeting,11419
The White Stadium,11420
Major Barbara,11421
Going Hollywood,11422
"The 47 Ronin, Part 2",11423
An Eastern Westerner,11424
Little Old New York,11425
A Day's Pleasure,11426
Pay Day,11427
Why Worry?,11428
Sunnyside,11429
Nice and Friendly,11430
A Night in the Show,11431
Never Weaken,11432
Comradeship,11433
Whimsical Illusions,11434
The Infernal Cauldron,11435
An Impossible Balancing Feat,11436
The Rink,11437
Master of the House,11438
The Olympic Games Held at Chamonix in 1924,11439
The Prince of Magicians,11440
The Return of Bulldog Drummond,11441
XIVth Olympiad: The Glory of Sport,11442
Kongo,11443
Dr. Jack,11444
Hell's Kitchen,11445
The Hilarious Posters,11446
Just Neighbors,11447
Return of the Scarlet Pimpernel,11448
The Olympic Games in Paris 1924,11449
Bumping Into Broadway,11450
The Marathon,11451
Captain Kidd's Kids,11452
His Royal Slyness,11453
Young Mr. Jazz,11454
"The Olympic Games, Amsterdam 1928",11455
The Olympic Games as They Were Practiced in Ancient Greece,11456
The IX Olympiad in Amsterdam,11457
High and Dizzy,11458
The Shining,11459
2001: A Space Odyssey,11460
Stalker,11461
Ben-Hur,11462
Willy Wonka & the Chocolate Factory,11463
"Scooby-Doo, Where Are You!",11464
Chinatown,11465
Singin' in the Rain,11466
Soylent Green,11467
One Flew Over the Cuckoo's Nest,11468
Caddyshack,11469
A Clockwork Orange,11470
All the President's Men,11471
Seven Samurai,11472
10,11473
American Gigolo,11474
Network,11475
West Side Story,11476
Dog Day Afternoon,11477
Eraserhead,11478
House,11479
North by Northwest,11480
The Flintstones,11481
Sesame Street,11482
The Searchers,11483
The Jetsons,11484
Solaris,11485
Breaking Away,11486
Dirty Harry,11487
On the Waterfront,11488
The Last Detail,11489
"What's Up, Doc?",11490
Chitty Chitty Bang Bang,11491
The Outlaw Josey Wales,11492
The Wild Bunch,11493
Five Easy Pieces,11494
High and Low,11495
In the Heat of the Night,11496
Superman,11497
Yojimbo,11498
Logan's Run,11499
M*A*S*H,11500
Get Carter,11501
Rio Bravo,11502
The Brood,11503
Giant,11504
Saturday Night Fever,11505
The Long Good Friday,11506
The Man Who Would Be King,11507
Fantastic Planet,11508
8½,11509
THX 1138,11510
Watership Down,11511
Night of the Living Dead,11512
Persona,11513
What Ever Happened to Baby Jane?,11514
Dressed to Kill,11515
Bonnie and Clyde,11516
A Streetcar Named Desire,11517
Le Samouraï,11518
The Dirty Dozen,11519
High Anxiety,11520
The Battle of Algiers,11521
Grey Gardens,11522
Tokyo Story,11523
Seven Brides for Seven Brothers,11524
The Seventh Seal,11525
Breathless,11526
Rebel Without a Cause,11527
The Getaway,11528
A Bridge Too Far,11529
Ikiru,11530
The 400 Blows,11531
Throne of Blood,11532
A Hard Day's Night,11533
Picnic at Hanging Rock,11534
The Umbrellas of Cherbourg,11535
Red Beard,11536
Wonder Woman,11537
A Woman Under the Influence,11538
Alice Doesn't Live Here Anymore,11539
The Wages of Fear,11540
Fame,11541
Eyes Without a Face,11542
Good Morning,11543
Around the World in Eighty Days,11544
Lord of the Flies,11545
Mikey and Nicky,11546
A Star Is Born,11547
The Hidden Fortress,11548
An American in Paris,11549
Summertime,11550
North Dallas Forty,11551
Mon Oncle,11552
Elevator to the Gallows,11553
Shaft,11554
Belle de Jour,11555
The Blob,11556
F for Fake,11557
Magnum Force,11558
Godzilla,11559
A Star Is Born,11560
Every Which Way but Loose,11561
Superman II,11562
An Autumn Afternoon,11563
Camelot,11564
Diabolique,11565
Super Friends,11566
Gigi,11567
"Jeanne Dielman, 23, Quai du Commerce 1080 Bruxelles",11568
Daisies,11569
Pather Panchali,11570
Lady Snowblood,11571
Wild Strawberries,11572
The Young Girls of Rochefort,11573
Sisters,11574
Chimes at Midnight,11575
La Strada,11576
Scenes from a Marriage,11577
Cléo from 5 to 7,11578
Floating Weeds,11579
Brewster McCloud,11580
Amarcord,11581
Cries and Whispers,11582
Brigadoon,11583
Night and Fog,11584
The Frisco Kid,11585
The Flight of the Phoenix,11586
The Great Race,11587
Z,11588
Girlfriends,11589
Onibaba,11590
Through a Glass Darkly,11591
L'Avventura,11592
Jules and Jim,11593
Love in the Afternoon,11594
Gimme Shelter,11595
Dont Look Back,11596
Kwaidan,11597
Harlan County U.S.A.,11598
La Notte,11599
Ali: Fear Eats the Soul,11600
Ugetsu,11601
Breaker Morant,11602
The Last Wave,11603
Early Summer,11604
"War and Peace, Part I: Andrei Bolkonsky",11605
Tom Jones,11606
A Patch of Blue,11607
Jubilee,11608
The End of Summer,11609
Summer of '42,11610
Faces,11611
Black Orpheus,11612
The Killing of a Chinese Bookie,11613
Autumn Sonata,11614
The Night Porter,11615
My Night at Maud's,11616
Weekend,11617
Super Fly,11618
Wanda,11619
"The Long, Hot Summer",11620
The Enforcer,11621
The World of Apu,11622
Fast Company,11623
The Drowning Pool,11624
The Yogi Bear Show,11625
Quadrophenia,11626
Knife in the Water,11627
George Carlin: Again!,11628
Doctor Dolittle,11629
Opening Night,11630
Monsieur Hulot's Holiday,11631
Vivre Sa Vie,11632
Tokyo Twilight,11633
Red Desert,11634
Shock Corridor,11635
Limelight,11636
The Bitter Tears of Petra von Kant,11637
The Tin Drum,11638
Lone Wolf and Cub: Sword of Vengeance,11639
Multiple Maniacs,11640
Godzilla vs. Mechagodzilla,11641
Early Spring,11642
Seance on a Wet Afternoon,11643
The Cranes Are Flying,11644
Samurai I: Musashi Miyamoto,11645
Monterey Pop,11646
Fox and His Friends,11647
Sweet Bird of Youth,11648
The Nun's Story,11649
Dodes'ka-den,11650
The Earrings of Madame de...,11651
Ashes and Diamonds,11652
Shoot the Piano Player,11653
The Ruling Class,11654
Salesman,11655
My Brilliant Career,11656
Masculin Féminin,11657
Journey to Italy,11658
Richard III,11659
Scooby-Doo and Scrappy-Doo,11660
Mothra vs. Godzilla,11661
Black Girl,11662
Godzilla vs. Gigan,11663
Divorce Italian Style,11664
Wise Blood,11665
The Shop on Main Street,11666
I Vitelloni,11667
A Taste of Honey,11668
Inside Daisy Clover,11669
The Honeymoon Killers,11670
Julie,11671
The Marriage of Maria Braun,11672
Shadows,11673
...And God Created Woman,11674
Children of the Damned,11675
The Machine That Kills Bad People,11676
Senso,11677
Destroy All Monsters,11678
"Godzilla, King of the Monsters!",11679
"The World, the Flesh and the Devil",11680
Hearts and Minds,11681
News from Home,11682
The River,11683
Godzilla vs. Hedorah,11684
The Red Balloon,11685
Happiness,11686
The Last Metro,11687
The Trial of Joan of Arc,11688
Equinox Flower,11689
Mr. Arkadin,11690
Victim,11691
Godzilla vs. Megalon,11692
Cleopatra Jones,11693
Equinox,11694
Godzilla Raids Again,11695
Ringo and His Golden Pistol,11696
The Big City,11697
Love in the Afternoon,11698
"Ghidorah, the Three-Headed Monster",11699
Bells Are Ringing,11700
Umberto D.,11701
"One Sings, the Other Doesn't",11702
Lola Montès,11703
PT 109,11704
The Hero,11705
Designing Woman,11706
Two English Girls,11707
The Immortal Story,11708
Travels with My Aunt,11709
Touki Bouki,11710
Lone Wolf and Cub: Baby Cart at the River Styx,11711
The Music Room,11712
The Opposite Sex,11713
Tokyo Olympiad,11714
2 or 3 Things I Know About Her,11715
Cleopatra Jones and the Casino of Gold,11716
Rodan,11717
Late Autumn,11718
Sunday in New York,11719
Boys' Night Out,11720
Juliet of the Spirits,11721
Permanent Vacation,11722
Primary,11723
Samurai III: Duel at Ganryu Island,11724
Hanzo the Razor: Sword of Justice,11725
"War and Peace, Part II: Natasha Rostova",11726
The War of the Gargantuas,11727
"Je, Tu, Il, Elle",11728
"Ivan the Terrible, Part II: The Boyars' Plot",11729
La Pointe-Courte,11730
Lady Snowblood 2: Love Song of Vengeance,11731
My American Uncle,11732
Son of Godzilla,11733
Look Back in Anger,11734
All Monsters Attack,11735
Invasion of Astro-Monster,11736
"Ebirah, Horror of the Deep",11737
Samurai II: Duel at Ichijoji Temple,11738
Greased Lightning,11739
Europe '51,11740
The Soft Skin,11741
Aquaman,11742
The Entertainer,11743
Hobson's Choice,11744
The Murder of Fred Hampton,11745
The Arrangement,11746
The Wings of Eagles,11747
"War and Peace, Part III: The Year 1812",11748
Merrill's Marauders,11749
Charulata,11750
Eva,11751
Terror of Mechagodzilla,11752
"War and Peace, Part IV: Pierre Bezukhov",11753
Sawdust and Tinsel,11754
Hanzo the Razor: The Snare,11755
Symbiopsychotaxiplasm: Take One,11756
Crisis: Behind a Presidential Commitment,11757
On Moonlight Bay,11758
The Coward,11759
The Rite,11760
Carol for Another Christmas,11761
Lone Wolf and Cub: Baby Cart in the Land of Demons,11762
Black Panthers,11763
Lone Wolf and Cub: Baby Cart to Hades,11764
Kill!,11765
Beau Brummell,11766
Paul Robeson: Tribute to an Artist,11767
Hanzo the Razor: Who's Got the Gold?,11768
The Grand Olympics,11769
Lone Wolf and Cub: White Heaven in Hell,11770
The Lost Honor of Katharina Blum,11771
A King in New York,11772
The X from Outer Space,11773
Death of a Scoundrel,11774
The Olympics in Mexico,11775
John Paul Jones,11776
The Holy Man,11777
First Man into Space,11778
The Urban Crisis and the New Militants Module 4 - The People’s Right to Know: Police vs. Reporters,11779
The Urban Crisis and the New Militants Module 3 - Law and Order vs. Dissent,11780
Satan's Brew,11781
Time Without Pity,11782
Lone Wolf and Cub: Baby Cart in Peril,11783
The Elephant God,11784
Cicero March,11785
The Urban Crisis and the New Militants Module 2 - Social Confrontation: The Battle of Michigan Ave.,11786
American Revolution 2,11787
The Urban Crisis and the New Militants Module 1 - The Right to Dissent: A Press Conference,11788
The Urban Crisis and the New Militants: Module 5 - Police Power and Freedom of Assembly: The Gregory March,11789
"IX Olympic Winter Games, Innsbruck 1964",11790
Sapporo Winter Olympics,11791
Games of the XXI Olympiad,11792
"The VI Olympic Winter Games, Oslo 1952",11793
GoodFellas,11794
Batman,11795
Beetlejuice,11796
Dirty Dancing,11797
Moonstruck,11798
Full House,11799
When Harry Met Sally...,11800
Little Shop of Horrors,11801
Teenage Mutant Ninja Turtles,11802
Romancing the Stone,11803
Krull,11804
Top Secret!,11805
Say Anything...,11806
My Neighbor Totoro,11807
A Nightmare on Elm Street,11808
The Untouchables,11809
Peggy Sue Got Married,11810
The Fresh Prince of Bel-Air,11811
The Dead Zone,11812
St. Elmo's Fire,11813
Blood Simple,11814
"Paris, Texas",11815
Broadcast News,11816
Tootsie,11817
Diner,11818
Dances with Wolves,11819
The Big Chill,11820
Poltergeist,11821
The Color Purple,11822
Scanners,11823
Wall Street,11824
Time Bandits,11825
Mad Max 2: The Road Warrior,11826
Police Story,11827
Rain Man,11828
Joe Versus the Volcano,11829
Gremlins,11830
Fatal Attraction,11831
Days of Thunder,11832
Pump Up the Volume,11833
The Dark Crystal,11834
Risky Business,11835
Family Matters,11836
The Right Stuff,11837
My Dinner with Andre,11838
Lethal Weapon,11839
The Last Dragon,11840
Masters of the Universe,11841
Tampopo,11842
Kiki's Delivery Service,11843
Clash of the Titans,11844
Presumed Innocent,11845
Back to School,11846
Withnail & I,11847
The Pee-wee Herman Show,11848
Coming to America,11849
Stephen King's It,11850
Roxanne,11851
Iron Eagle,11852
The Witches of Eastwick,11853
The Smurfs,11854
Killer Klowns from Outer Space,11855
Red Sonja,11856
Arthur,11857
The Hitcher,11858
Nausicaä of the Valley of the Wind,11859
Wings of Desire,11860
A Nightmare on Elm Street 3: Dream Warriors,11861
At Close Range,11862
A Room with a View,11863
2010,11864
My Blue Heaven,11865
The Ice Pirates,11866
Pale Rider,11867
Castle in the Sky,11868
The Last Emperor,11869
Gremlins 2: The New Batch,11870
All Dogs Go to Heaven,11871
The Jewel of the Nile,11872
Babette's Feast,11873
The Grifters,11874
A Nightmare on Elm Street Part 2: Freddy's Revenge,11875
For All Mankind,11876
Armed and Dangerous,11877
Runaway Train,11878
Bolero,11879
The Freshman,11880
Tie Me Up! Tie Me Down!,11881
Victor/Victoria,11882
Police Story 2,11883
Tanner '88,11884
Tales from the Darkside: The Movie,11885
Fanny and Alexander,11886
The Adventures of Milo and Otis,11887
Sudden Impact,11888
Quigley Down Under,11889
Little Monsters,11890
The Toy,11891
A Christmas Story,11892
Europa Europa,11893
Down by Law,11894
Lean On Me,11895
Who's Harry Crumb?,11896
Lethal Weapon 2,11897
A Different World,11898
The Two Jakes,11899
Pennies from Heaven,11900
Au Revoir les Enfants,11901
Carlin at Carnegie,11902
The Dead Pool,11903
Baby Boom,11904
Head of the Class,11905
Metropolitan,11906
Modern Problems,11907
Mona Lisa,11908
A Nightmare on Elm Street: The Dream Child,11909
Harlem Nights,11910
Amityville II: The Possession,11911
Supergirl,11912
L'Argent,11913
The Falcon and the Snowman,11914
Moscow on the Hudson,11915
Stranger Than Paradise,11916
An Angel at My Table,11917
Desert Hearts,11918
Sweetie,11919
House Party,11920
Cocoon: The Return,11921
The Chosen,11922
Eating Raoul,11923
Vice Versa,11924
Superman III,11925
Whoopi Goldberg: Direct from Broadway,11926
Smithereens,11927
Lady in White,11928
Sweet Dreams,11929
Roger & Me,11930
Eyes on the Prize,11931
Superman IV: The Quest for Peace,11932
Uncommon Valor,11933
The Official Story,11934
Iron Eagle II,11935
My Life as a Dog,11936
Amityville 3-D,11937
Under the Volcano,11938
Querelle,11939
The Care Bears Movie,11940
The Mighty Quinn,11941
Murphy's Law,11942
The French Lieutenant's Woman,11943
Jimi Plays Monterey,11944
Head Office,11945
Prancer,11946
The Times of Harvey Milk,11947
One Year in a Life of Crime,11948
Fontaine...Why Am I Straight?,11949
Lola,11950
El Diablo,11951
The Home and the World,11952
My Brother's Wedding,11953
I Was a Teenage Zombie,11954
An Enemy of the People,11955
Odd Jobs,11956
Judgment,11957
"Alexander and the Terrible, Horrible, No Good, Very Bad Day",11958
Fellow Traveller,11959
Shake! Otis at Monterey,11960
Calgary ’88: 16 Days of Glory,11961
Illusions,11962
Seoul 1988,11963
"Lyle, Lyle Crocodile: The Musical - The House on East 88th Street",11964
Pen Pals,11965
Mike Mulligan and His Steam Shovel,11966
Earthday Birthday,11967
Friends,11968
Jurassic Park,11969
South Park,11970
American Psycho,11971
The Player,11972
Army of Darkness,11973
The Sopranos,11974
The West Wing,11975
Mr. Show with Bob and David,11976
Good Will Hunting,11977
Se7en,11978
The Truman Show,11979
Terminator 2: Judgment Day,11980
The Mummy,11981
Pride and Prejudice,11982
Whose Line Is It Anyway?,11983
Batman: The Animated Series,11984
The Fugitive,11985
Curb Your Enthusiasm,11986
The Shawshank Redemption,11987
Twister,11988
My Cousin Vinny,11989
Memento,11990
Boogie Nights,11991
Point Break,11992
Chungking Express,11993
The Matrix,11994
Miss Congeniality,11995
Clueless,11996
The Lost World: Jurassic Park,11997
Dumb and Dumber,11998
Babylon 5,11999
ER,12000
Romeo + Juliet,12001
Unforgiven,12002
In the Mood for Love,12003
You've Got Mail,12004
Starship Troopers,12005
Reservoir Dogs,12006
The Birdcage,12007
Bottle Rocket,12008
Jackie Brown,12009
Dawson's Creek,12010
The Green Mile,12011
Speed,12012
Best in Show,12013
The Wedding Singer,12014
The Nanny,12015
Friday,12016
Rounders,12017
Batman Returns,12018
Rush Hour,12019
Aqua Teen Hunger Force,12020
Devil in a Blue Dress,12021
High Fidelity,12022
Fallen Angels,12023
Courage the Cowardly Dog,12024
Sex and the City,12025
Sense and Sensibility,12026
From Dusk Till Dawn,12027
Batman Forever,12028
The Blair Witch Project,12029
Princess Mononoke,12030
SLC Punk,12031
The Thirteenth Floor,12032
Airheads,12033
MADtv,12034
Twin Peaks: Fire Walk with Me,12035
Batman & Robin,12036
Much Ado About Nothing,12037
Thelma & Louise,12038
Deep Blue Sea,12039
Batman Beyond,12040
City Slickers,12041
Welcome to the Dollhouse,12042
Batman: Mask of the Phantasm,12043
Deep Impact,12044
Four Weddings and a Funeral,12045
Coupling,12046
The X Files,12047
Oz,12048
InuYasha,12049
She's All That,12050
Menace II Society,12051
Dead Man,12052
Funny Games,12053
The Perfect Storm,12054
Eraser,12055
Selena,12056
Step by Step,12057
The Secret Garden,12058
The Faculty,12059
Malcolm X,12060
The Larry Sanders Show,12061
The Fisher King,12062
How the Grinch Stole Christmas,12063
Urban Legend,12064
The Powerpuff Girls,12065
Space Jam,12066
Double Jeopardy,12067
Rurouni Kenshin,12068
Cronos,12069
"Ed, Edd n Eddy",12070
Assassins,12071
Nobody's Fool,12072
The Pelican Brief,12073
Dexter's Laboratory,12074
Home Movies,12075
Martin,12076
Cop Land,12077
Emma,12078
The Lawnmower Man,12079
Spawn,12080
It Could Happen to You,12081
Mighty Morphin Power Rangers: The Movie,12082
The Crying Game,12083
Lois & Clark: The New Adventures of Superman,12084
Teenage Mutant Ninja Turtles II: The Secret of the Ooze,12085
Fly Away Home,12086
Mimic,12087
Return to Me,12088
Man Bites Dog,12089
Breakdown,12090
Love & Basketball,12091
Happy Together,12092
From the Earth to the Moon,12093
Billy Elliot,12094
Hard Rain,12095
Three Colors: Blue,12096
Outbreak,12097
The Relic,12098
MouseHunt,12099
Tenacious D,12100
Hoop Dreams,12101
Secrets & Lies,12102
Sleeping with the Enemy,12103
Rob Roy,12104
What Women Want,12105
Lost in Space,12106
Space Ghost Coast to Coast,12107
It Takes Two,12108
Wonder Boys,12109
Three Colors: Red,12110
Mary Shelley's Frankenstein,12111
The Return of the Texas Chainsaw Massacre,12112
Superstar,12113
Porco Rosso,12114
Breaking the Waves,12115
3 Ninjas Knuckle Up,12116
Mortal Kombat,12117
Gia,12118
Private Parts,12119
Chaplin,12120
Irma Vep,12121
Doctor Dolittle,12122
The Rugrats Movie,12123
Like Water for Chocolate,12124
New Nightmare,12125
Les Misérables,12126
Night on Earth,12127
Wild Wild West,12128
Space Cowboys,12129
Jason Goes to Hell: The Final Friday,12130
Superman: The Animated Series,12131
The Bridges of Madison County,12132
Three Colors: White,12133
A Perfect Murder,12134
Bushwhacked,12135
Sealab 2021,12136
Rugrats in Paris: The Movie,12137
Whisper of the Heart,12138
Book of Shadows: Blair Witch 2,12139
Teenage Mutant Ninja Turtles III,12140
Taste of Cherry,12141
Speed 2: Cruise Control,12142
Freddy's Dead: The Final Nightmare,12143
The Truth About Cats & Dogs,12144
Disturbing Behavior,12145
All the Pretty Horses,12146
Muppets from Space,12147
School Ties,12148
Only Yesterday,12149
Ricochet,12150
"Harvey Birdman, Attorney at Law",12151
The Dark Half,12152
Benny's Video,12153
The River Wild,12154
George Carlin: Jammin' in New York,12155
Europa,12156
Next Friday,12157
Rush,12158
Dave Chappelle: Killin' Them Softly,12159
One Survivor Remembers,12160
Waiting to Exhale,12161
Larry David: Curb Your Enthusiasm,12162
Static Shock,12163
A Very Brady Sequel,12164
Buena Vista Social Club,12165
City Slickers II: The Legend of Curly's Gold,12166
3 Ninjas: High Noon at Mega Mountain,12167
Batman Beyond: Return of the Joker,12168
And the Band Played On,12169
Radio Flyer,12170
The Ladies Man,12171
Citizen X,12172
Six Degrees of Separation,12173
The Peacemaker,12174
Romeo Must Die,12175
Pom Poko,12176
The Daytrippers,12177
Gray's Anatomy,12178
Lethal Weapon 3,12179
Mortal Kombat: Conquest,12180
Supernova,12181
Mickey Blue Eyes,12182
Mom and Dad Save the World,12183
Lethal Weapon 4,12184
The Adventures of Elmo in Grouchland,12185
The Wayans Bros.,12186
Steel,12187
The Jamie Foxx Show,12188
Chris Rock: Bigger & Blacker,12189
Harley Davidson and the Marlboro Man,12190
The Pentagon Wars,12191
Hangin' with Mr. Cooper,12192
Free Willy 2: The Adventure Home,12193
Mortal Kombat: Annihilation,12194
Soul Food,12195
Paulie,12196
Batman & Mr. Freeze: SubZero,12197
Arliss,12198
Rules of Engagement,12199
Ocean Waves,12200
The War Room,12201
Gang Related,12202
The Late Shift,12203
Love and a .45,12204
The Chris Rock Show,12205
Cast a Deadly Spell,12206
Mary Reilly,12207
Schizopolis,12208
Lawnmower Man 2: Beyond Cyberspace,12209
A Brief History of Time,12210
The Sylvester & Tweety Mysteries,12211
Universal Soldier: The Return,12212
HBO Comedy Half Hour,12213
Switch,12214
Lucky Numbers,12215
The Out-of-Towners,12216
Home Fries,12217
RKO 281,12218
Jason's Lyric,12219
The Tuskegee Airmen,12220
House Party 2,12221
Dying Young,12222
House Party 3,12223
4 Little Girls,12224
My Neighbors the Yamadas,12225
Real Sports with Bryant Gumbel,12226
Free Willy 3: The Rescue,12227
Autopsy,12228
The Iceman Tapes: Conversations with a Killer,12229
A Little Curious,12230
Life of Crime 2,12231
Company Business,12232
Against the Wall,12233
Lock Up: The Prisoners of Rikers Island,12234
All Dogs Go to Heaven 2,12235
Introducing Dorothy Dandridge,12236
The Stranger,12237
Chez Whoopi,12238
Vendetta,12239
Tyson,12240
Fists of Freedom: The Story of the '68 Summer Games,12241
The Parent 'Hood,12242
In Vanda's Room,12243
Crashbox,12244
Into the Arms of Strangers: Stories of the Kindertransport,12245
David Spade: Take the Hit,12246
Fled,12247
When Trumpets Fade,12248
The Brak Show,12249
In the Gloaming,12250
In the House,12251
Witness Protection,12252
The Tale of Peter Rabbit,12253
Dead Silence,12254
Martin Lawrence: You So Crazy,12255
Happily Ever After: Fairy Tales for Every Child,12256
The Young Girls Turn 25,12257
Paul F. Tompkins: Driven to Drink,12258
Nichols and May: Take Two,12259
The World of Jacques Demy,12260
Freedom on My Mind,12261
Abortion: Desperate Choices,12262
Daybreak,12263
Indictment: The McMartin Trial,12264
Seneca,12265
In Pursuit of Honor,12266
The Enemy Within,12267
Miss Evers' Boys,12268
David Cross: The Pride Is Back,12269
The Last Outlaw,12270
Ellen DeGeneres: The Beginning,12271
The Sissy Duckling,12272
Mob Stories,12273
White Mile,12274
The Last of the Blonde Bombshells,12275
Skinheads USA: Soldiers of the Race War,12276
Lillehammer ’94: 16 Days of Glory,12277
Without Warning: The James Brady Story,12278
Nagano ’98 Olympics: Stories of Honor and Glory,12279
5 American Handguns - 5 American Kids,12280
Babe Ruth,12281
D.L. Hughley: Going Home,12282
Goodnight Moon & Other Sleepytime Tales,12283
City Dump: The Story of the 1951 CCNY Basketball Scandal,12284
Ira Sleeps Over,12285
Jason Kuller: Goodbye Yellow Brick Joke,12286
A Child's Garden of Verses,12287
Doctor Who,12288
The Big Bang Theory,12289
The Wire,12290
Fringe,12291
Harry Potter and the Philosopher's Stone,12292
The Lord of the Rings: The Fellowship of the Ring,12293
No Country for Old Men,12294
The Dark Knight,12295
Adaptation.,12296
The Mentalist,12297
Band of Brothers,12298
The Office,12299
The Incredible Hulk,12300
Top Gear,12301
Fullmetal Alchemist: Brotherhood,12302
Chuck,12303
Pride & Prejudice,12304
Batman Begins,12305
Spirited Away,12306
Donnie Darko,12307
Ocean's Eleven,12308
My Big Fat Greek Wedding,12309
The Departed,12310
Inception,12311
Reno 911!,12312
Deadwood,12313
Luther,12314
Master and Commander: The Far Side of the World,12315
Matchstick Men,12316
Adventure Time,12317
Kill Bill: Vol. 1,12318
Moon,12319
Shrek the Third,12320
The Notebook,12321
Six Feet Under,12322
The Bourne Identity,12323
Collateral,12324
True Blood,12325
Transformers,12326
Young Justice,12327
Insidious,12328
Pretty Little Liars,12329
Pushing Daisies,12330
The Hangover,12331
Constantine,12332
City of God,12333
Eastbound & Down,12334
DEATH NOTE,12335
Jurassic Park III,12336
Lars and the Real Girl,12337
The Town,12338
28 Days Later,12339
Charlie and the Chocolate Factory,12340
Chicago,12341
Flight of the Conchords,12342
The O.C.,12343
Atonement,12344
Wallander,12345
One Tree Hill,12346
The Middle,12347
Gossip Girl,12348
Sweeney Todd: The Demon Barber of Fleet Street,12349
The Time Traveler's Wife,12350
Boardwalk Empire,12351
Rent,12352
V for Vendetta,12353
John Adams,12354
Rome,12355
Howl's Moving Castle,12356
The Italian Job,12357
RED,12358
Wedding Crashers,12359
Harry Potter and the Prisoner of Azkaban,12360
Sherlock Holmes,12361
Inside Man,12362
The 40 Year Old Virgin,12363
Black Hawk Down,12364
The Day After Tomorrow,12365
Rizzoli & Isles,12366
Chappelle's Show,12367
Robot Chicken,12368
Bend It Like Beckham,12369
The Boondocks,12370
Cold Case,12371
Frailty,12372
Entourage,12373
Blade Runner: The Final Cut,12374
Timecrimes,12375
The Pacific,12376
Underworld,12377
Waiting...,12378
Scooby-Doo! Mystery Incorporated,12379
Without a Trace,12380
Kick-Ass,12381
Cloverfield,12382
Southland,12383
Samurai Jack,12384
Daredevil,12385
The Book of Eli,12386
The Closer,12387
Vanilla Sky,12388
Teen Titans,12389
Harry Potter and the Chamber of Secrets,12390
The Batman,12391
Regular Show,12392
Pulse,12393
The Bourne Supremacy,12394
Law Abiding Citizen,12395
Degrassi,12396
Insomnia,12397
House of 1000 Corpses,12398
The Fast and the Furious: Tokyo Drift,12399
The Venture Bros.,12400
3:10 to Yuma,12401
Zathura: A Space Adventure,12402
The Butterfly Effect,12403
Next,12404
The New Adventures of Old Christine,12405
Bridget Jones's Diary,12406
Hellboy,12407
Evolution,12408
Where the Wild Things Are,12409
The Lord of the Rings: The Two Towers,12410
Beyond the Black Rainbow,12411
Torchwood,12412
Harry Potter and the Goblet of Fire,12413
Generation Kill,12414
Finding Neverland,12415
The Break-Up,12416
Equilibrium,12417
Emma,12418
Mike & Molly,12419
Gone Baby Gone,12420
The Aviator,12421
The Secret in Their Eyes,12422
Angels in America,12423
Metalocalypse,12424
Mystic River,12425
I Am Legend,12426
The Bachelor,12427
The Devil's Rejects,12428
Ocean's Twelve,12429
Rubber,12430
The Wrestler,12431
Red Dragon,12432
Big Love,12433
Jane Eyre,12434
The Happening,12435
Kill Bill: Vol. 2,12436
Terminator 3: Rise of the Machines,12437
Extract,12438
Million Dollar Baby,12439
Poseidon,12440
Hostel,12441
He's Just Not That Into You,12442
I ♥ Huckabees,12443
The Piano Teacher,12444
Solaris,12445
Salt,12446
27 Dresses,12447
Ponyo,12448
The Mummy Returns,12449
Wipeout,12450
Revolver,12451
17 Again,12452
Justice League,12453
Ella Enchanted,12454
Just Friends,12455
"Tim and Eric Awesome Show, Great Job!",12456
Semi-Pro,12457
The Stepford Wives,12458
Frida,12459
Moral Orel,12460
Ocean's Thirteen,12461
xXx,12462
Lords of Dogtown,12463
Blades of Glory,12464
King Kong,12465
28 Weeks Later,12466
The Lord of the Rings: The Return of the King,12467
Doubt,12468
Disturbia,12469
Harry Potter and the Half-Blood Prince,12470
Terminator Salvation,12471
Harry Potter and the Order of the Phoenix,12472
The Switch,12473
Real Time with Bill Maher,12474
Cinderella Man,12475
Changeling,12476
The Reader,12477
Gavin & Stacey,12478
Thir13en Ghosts,12479
Bronson,12480
Nick and Norah's Infinite Playlist,12481
"I, Robot",12482
Happy Feet,12483
Bored to Death,12484
The Last Airbender,12485
Adventureland,12486
Journey to the Center of the Earth,12487
The Exorcism of Emily Rose,12488
Defiance,12489
Treme,12490
The Heartbreak Kid,12491
Anger Management,12492
Harry Potter and the Deathly Hallows: Part 1,12493
Gran Torino,12494
Spartan,12495
Monster-in-Law,12496
Wicker Park,12497
A Mighty Wind,12498
The Benchwarmers,12499
Monsters,12500
Troll Hunter,12501
Leap Year,12502
The Sisterhood of the Traveling Pants,12503
Capote,12504
Transporter 3,12505
Employee of the Month,12506
The Day the Earth Stood Still,12507
The Lord of the Rings: The Fellowship of the Ring (Extended Edition),12508
Max Payne,12509
Check It Out! with Dr. Steve Brule,12510
Batman: The Brave and the Bold,12511
Friday the 13th,12512
Hotel Rwanda,12513
The Adventures of Sharkboy and Lavagirl,12514
Get Smart,12515
Freddy vs. Jason,12516
The League of Extraordinary Gentlemen,12517
Stuart: A Life Backwards,12518
Phone Booth,12519
A Nightmare on Elm Street,12520
Justice League Unlimited,12521
The Ruins,12522
Cold Mountain,12523
Rush Hour 2,12524
Kate & Leopold,12525
Snakes on a Plane,12526
Tristan & Isolde,12527
Carnivàle,12528
Birth,12529
Everwood,12530
The Matrix Reloaded,12531
Starship Troopers 2: Hero of the Federation,12532
Curious George,12533
The Losers,12534
Swordfish,12535
TMNT,12536
The Hours,12537
Fool's Gold,12538
Mona Lisa Smile,12539
What I Like About You,12540
The New Guy,12541
Sex Drive,12542
The Grim Adventures of Billy and Mandy,12543
Jimmy Neutron: Boy Genius,12544
Temple Grandin,12545
Surrogates,12546
Ben 10,12547
"What's New, Scooby-Doo?",12548
The Wrecking Crew,12549
The Master of Disguise,12550
In Treatment,12551
Murder by Numbers,12552
Hung,12553
The Matrix Revolutions,12554
Down with Love,12555
Buried,12556
The Comeback,12557
The Uninvited,12558
The Brothers Grimm,12559
The Missing,12560
Doom,12561
The Scorpion King,12562
Codename: Kids Next Door,12563
The Brothers Solomon,12564
Foster's Home for Imaginary Friends,12565
Splinter,12566
Miss Congeniality 2: Armed and Fabulous,12567
American Psycho II: All American Girl,12568
Australia,12569
The Boondock Saints II: All Saints Day,12570
The Next Three Days,12571
Superman Returns,12572
The X Files: I Want to Believe,12573
Monster's Ball,12574
Catwoman,12575
12 Rounds,12576
Storm Chasers,12577
Transporter 2,12578
Ghost Town,12579
The Bachelorette,12580
Bully,12581
Sex and the City,12582
Maid in Manhattan,12583
For Your Consideration,12584
Nanny McPhee,12585
Underworld: Rise of the Lycans,12586
Dark Water,12587
March of the Penguins,12588
World's Greatest Dad,12589
We Are Marshall,12590
The Animatrix,12591
The Rules of Attraction,12592
Conspiracy,12593
Mindhunters,12594
Capturing the Friedmans,12595
The Secret World of Arrietty,12596
What a Girl Wants,12597
Original Sin,12598
The Queen,12599
Last Night,12600
Jonah Hex,12601
The Golden Compass,12602
Ultraviolet,12603
Wristcutters: A Love Story,12604
Deception,12605
Shall We Dance?,12606
Daddy Day Care,12607
Divine Secrets of the Ya-Ya Sisterhood,12608
The Fog,12609
Killers,12610
The Omen,12611
Ghosts of Girlfriends Past,12612
Frisky Dingo,12613
The No. 1 Ladies' Detective Agency,12614
The Cooler,12615
Two Lovers,12616
"You, Me and Dupree",12617
Frequently Asked Questions About Time Travel,12618
The Rocker,12619
American Splendor,12620
The Wackness,12621
The Haunting in Connecticut,12622
From Paris with Love,12623
Jersey Girl,12624
Last Days,12625
Rush Hour 3,12626
Grey Gardens,12627
After the Sunset,12628
The Secret Life of Bees,12629
Two for the Money,12630
Final Fantasy: The Spirits Within,12631
Going the Distance,12632
The Conspirator,12633
Legend of the Guardians: The Owls of Ga'Hoole,12634
Men of a Certain Age,12635
Superjail!,12636
xXx: State of the Union,12637
Fired Up!,12638
Basic Instinct 2,12639
Squidbillies,12640
Righteous Kill,12641
The Cat Returns,12642
Tales from Earthsea,12643
View from the Top,12644
Batman: Under the Red Hood,12645
Mr. Magorium's Wonder Emporium,12646
Street Fighter: The Legend of Chun-Li,12647
Five Days,12648
Pocoyo,12649
61*,12650
Fat Girl,12651
Don't Be Afraid of the Dark,12652
Old Joy,12653
Hart's War,12654
Friday After Next,12655
Sleuth,12656
The Final Cut,12657
Cry_Wolf,12658
Magic & Bird: A Courtship of Rivals,12659
The Water Horse,12660
Welcome to Collinwood,12661
Perfect Stranger,12662
The Marvelous Misadventures of Flapjack,12663
Changing Lanes,12664
Looney Tunes: Back in Action,12665
Dirty Pretty Things,12666
Tell Me You Love Me,12667
Sugar,12668
Chowder,12669
Real Women Have Curves,12670
Iris,12671
The Gathering Storm,12672
The Animal,12673
Rugrats Go Wild,12674
The Spirit,12675
Tom Goes to the Mayor,12676
Yogi Bear,12677
The Forgotten,12678
Something the Lord Made,12679
Madea Goes to Jail,12680
Stuck on You,12681
The Sisterhood of the Traveling Pants 2,12682
Bridget Jones: The Edge of Reason,12683
Rabbit Hole,12684
Nancy Drew,12685
Ben 10: Alien Force,12686
Alex & Emma,12687
Taking Chance,12688
Prime,12689
Into the Storm,12690
Brooklyn's Finest,12691
Madea's Family Reunion,12692
Sex and the City 2,12693
Undisputed,12694
Impostor,12695
Project Greenlight,12696
"Lucy, the Daughter of the Devil",12697
Igby Goes Down,12698
Zoom,12699
Why Did I Get Married?,12700
War,12701
Diary of a Mad Black Woman,12702
Duplex,12703
Just Married,12704
Hostage,12705
Bury My Heart at Wounded Knee,12706
Still Waiting...,12707
How to Make It in America,12708
Hard Knocks,12709
Dane Cook: Vicious Circle,12710
We Stand Alone Together: The Men of Easy Company,12711
Man of the House,12712
Batman: Gotham Knight,12713
For Colored Girls,12714
Cradle 2 the Grave,12715
John from Cincinnati,12716
The Sarah Jane Adventures,12717
Chris Rock: Never Scared,12718
Balls Out: Gary the Tennis Coach,12719
Delocated,12720
Starter for 10,12721
Will Ferrell: You're Welcome America - A Final Night with George W. Bush,12722
You Don't Know Jack,12723
An American Haunting,12724
Recount,12725
Carrie Fisher: Wishful Drinking,12726
Van Wilder 2: The Rise of Taj,12727
The Batman vs. Dracula,12728
Maria Full of Grace,12729
Furry Vengeance,12730
Are We There Yet?,12731
Little Black Book,12732
Racing Stripes,12733
Little Man,12734
Dane Cook's Tourgasm,12735
Ben 10: Ultimate Alien,12736
Fay Grim,12737
As You Like It,12738
Justice League: Crisis on Two Earths,12739
Xavier: Renegade Angel,12740
Vampires: Los Muertos,12741
The Life & Times of Tim,12742
Mimic: Sentinel,12743
Wit,12744
Laws of Attraction,12745
El cantante,12746
Tsunami: The Aftermath,12747
Bachelor Pad,12748
Revanche,12749
Strip Search,12750
Ondine,12751
Superman/Batman: Public Enemies,12752
Reservation Road,12753
Eve,12754
The Extra Man,12755
Category 7: The End of the World,12756
Le Divorce,12757
Mimic 2,12758
Rocket Science,12759
The Wild Thornberrys Movie,12760
Happily N'Ever After,12761
Funny or Die Presents,12762
La Ciénaga,12763
Santa's Slay,12764
Superman: Doomsday,12765
The Accidental Spy,12766
Iron Jawed Angels,12767
Igor,12768
How to Deal,12769
Batman: Mystery of the Batwoman,12770
Daddy's Little Girls,12771
Princess Ka'iulani,12772
Superman/Batman: Apocalypse,12773
Dope Sick Love,12774
Things We Lost in the Fire,12775
Stealing Harvard,12776
Dave Attell: Captain Miserable,12777
I Can Do Bad All By Myself,12778
Why Did I Get Married Too?,12779
Catch That Kid,12780
Thin,12781
Frozen River,12782
Broken English,12783
Teen Titans: Trouble in Tokyo,12784
Everyday People,12785
12 oz. Mouse,12786
The Life Before Her Eyes,12787
Are We Done Yet?,12788
Whoopi Goldberg: Back to Broadway,12789
Leonard Cohen: I'm Your Man,12790
Dr. Dolittle 2,12791
Scooby-Doo! and the Goblin King,12792
The Beales of Grey Gardens,12793
Capadocia,12794
Down and Dirty with Jim Norton,12795
Barry Munday,12796
Empire Falls,12797
Path to War,12798
Godsend,12799
Control Room,12800
And Starring Pancho Villa as Himself,12801
The Iceman Confesses: Secrets of a Mafia Hitman,12802
Einstein and Eddington,12803
Green Lantern: First Flight,12804
Smart People,12805
Jim Jefferies: I Swear to God,12806
Walkout,12807
Scooby-Doo! Pirates Ahoy!,12808
Justice League: The New Frontier,12809
Not Easily Broken,12810
Pu-239,12811
The Laramie Project,12812
The Special Relationship,12813
Capturing Mary,12814
Have You Seen Andy?,12815
The Fence (La Barda),12816
No End in Sight,12817
Warm Springs,12818
Space Chimps,12819
Yesterday,12820
Stacey Dooley Investigates,12821
Bernard and Doris,12822
Scooby-Doo! The Mystery Begins,12823
What's the Worst That Could Happen?,12824
Dinner with Friends,12825
Wrong Turn at Tahoe,12826
The Answer Man,12827
Dead Heat,12828
Dirty War,12829
Scooby-Doo! Curse of the Lake Monster,12830
Dr. Dolittle: Tail to the Chief,12831
Chris Rock: Kill the Messenger,12832
On the Record with Bob Costas,12833
City of Ghosts,12834
Wartorn: 1861-2010,12835
Wonder Woman,12836
Bob Saget: That Ain't Right,12837
Autism: The Musical,12838
Sometimes in April,12839
Superman: Brainiac Attacks,12840
Boy Interrupted,12841
Dr. Dolittle 3,12842
Scooby-Doo! and the Samurai Sword,12843
Scooby-Doo! Camp Scare,12844
Which Way Home,12845
Ben 10: Race Against Time,12846
Ghosts of Abu Ghraib,12847
Epitaphs,12848
White Light/Black Rain: The Destruction of Hiroshima and Nagasaki,12849
Joe's Palace,12850
Tracey Ullman: Live and Exposed,12851
Elizabeth I,12852
Happily N'Ever After 2,12853
Lottery Ticket,12854
The Fever,12855
Journeys with George,12856
Foster's Home for Imaginary Friends: Destination Imagination,12857
Baghdad ER,12858
Jim Norton: Monster Rain,12859
Primo,12860
The Iceman and the Psychiatrist,12861
"George Lopez: Tall, Dark & Chicano",12862
House Party 4: Down to the Last Minute,12863
Shrink,12864
When the Levees Broke: A Requiem in Four Acts,12865
Little Rock Central: 50 Years Later,12866
Coma,12867
Wide Awake,12868
Ellen DeGeneres: Here and Now,12869
Dana Carvey: Squatting Monkeys Tell No Lies,12870
Scooby-Doo! Abracadabra-Doo,12871
Addiction,12872
Twist of Faith,12873
Space Chimps 2: Zartog Strikes Back,12874
Heir To An Execution,12875
Boycott,12876
"Bill Maher: ""... But I'm Not Wrong""",12877
Codename: Kids Next Door - Operation Z.E.R.O.,12878
Bill Maher: Victory Begins at Home,12879
Life Support,12880
Top Ten Monks,12881
Classical Baby,12882
Heidi Fleiss: The Would-be Madam of Crystal,12883
The End,12884
Indian Point: Imagining the Unimaginable,12885
A Rape in a Small Town: The Florence Holway Story,12886
The Music in Me: The Leopards Take Manhattan - The Little Band That Roared,12887
Super Capers,12888
"Lucía, Lucía",12889
For Neda,12890
The Last Truck: Closing of a GM Plant,12891
"Lewis Black: Red, White & Screwed",12892
When I Knew,12893
If God Is Willing and da Creek Don't Rise,12894
Shot Heard 'Round the World,12895
12th & Delaware,12896
By the People: The Election of Barack Obama,12897
Positively Naked,12898
Homeless: The Motel Kids of Orange County,12899
The Trials of Ted Haggard,12900
Diagnosis Bipolar: Five Families Search for Answers,12901
Sons of Carnaval,12902
The Vagina Monologues,12903
Cedric the Entertainer: Taking You Higher,12904
"Thank You, Mr. President: Helen Thomas at the White House",12905
Beah: A Black Woman Speaks,12906
Billie Jean King: Portrait of a Pioneer,12907
Bill Maher: The Decider,12908
The Alzheimer's Project,12909
D.L. Hughley: Unapologetic,12910
David McCullough: Painting with Words,12911
Tracey Ullman in the Trailer Tales,12912
Section 60: Arlington National Cemetery,12913
Hear and Now,12914
Plastic Disasters,12915
Pinochet in Suburbia,12916
Lewis Black:  Black on Broadway,12917
Liberty Kid,12918
I Have Tourette's But Tourette's Doesn't Have Me,12919
Last Letters Home,12920
Alive Day Memories: Home from Iraq,12921
Kiltro,12922
Shouting Fire: Stories from the Edge of Free Speech,12923
Dark Light: The Art of Blind Photographers,12924
George Lopez: America's Mexican,12925
Russell Simmons Presents: Brave New Voices,12926
The Music in Me,12927
Hard as Nails,12928
Bud Greenspan’s Torino 2006: Stories of Olympic Glory,12929
Richard Jeni: A Big Steaming Pile of Me,12930
The Spirit of Salsa,12931
Salt Lake 2002: Stories of Olympic Glory,12932
Angel Rodriguez,12933
Kindergarten,12934
Tracy Morgan: Black & Blue,12935
Robert Klein: Unfair & Unbalanced,12936
Dennis Miller: All In,12937
Dennis Miller: The Raw Feed,12938
A Family Is a Family Is a Family: A Rosie O'Donnell Celebration,12939
Bud Greenspan’s Athens 2004: Stories of Olympic Glory,12940
Portraits of a Lady,12941
Celebrity Habla 2,12942
Habla más,12943
Celebrity Habla,12944
Friends of God: A Road Trip with Alexandra Pelosi,12945
Sydney 2000: Stories of Olympic Glory,12946
Brave New Voices 2010,12947
The Music in Me: A Family Special,12948
Mr. Conservative: Goldwater on Goldwater,12949
I Can't Do This But I CAN Do That: A Film for Families about Learning Differences,12950
House of Saddam,12951
"No Contract, No Cookies: The Stella D'Oro Strike",12952
Robert Klein: The Amorous Busboy of Decatur Avenue,12953
Michigan vs. Ohio State:  The Rivalry,12954
Getting Played,12955
Dirty Driving: Thundercars Of Indiana,12956
Studs Terkel: Listening to America,12957
Game of Thrones,12958
"Crazy, Stupid, Love.",12959
Person of Interest,12960
Veep,12961
Impractical Jokers,12962
Limitless,12963
The Newsroom,12964
Happy Endings,12965
The Perks of Being a Wallflower,12966
The Hobbit: An Unexpected Journey,12967
Falling Skies,12968
Moonrise Kingdom,12969
This Is 40,12970
Hunter x Hunter,12971
Rango,12972
The Help,12973
Contagion,12974
Conan the Barbarian,12975
Horrible Bosses,12976
Life of Pi,12977
The Lincoln Lawyer,12978
Sherlock Holmes: A Game of Shadows,12979
Hugo,12980
Game Change,12981
Scott & Bailey,12982
Girls,12983
Taken 2,12984
Super 8,12985
Billy on the Street,12986
The Amazing World of Gumball,12987
Battle: Los Angeles,12988
Puella Magi Madoka Magica,12989
Harry Potter and the Deathly Hallows: Part 2,12990
War Horse,12991
Project X,12992
Green Lantern,12993
Major Crimes,12994
Real Steel,12995
DCI Banks,12996
"Batman: The Dark Knight Returns, Part 1",12997
Wrath of the Titans,12998
Batman: Year One,12999
The Adventures of Tintin,13000
Young Adult,13001
Seeking a Friend for the End of the World,13002
What to Expect When You're Expecting,13003
The Lucky One,13004
Anna Karenina,13005
The Hunter,13006
The Hangover Part II,13007
Parade's End,13008
Too Big to Fail,13009
Underworld: Awakening,13010
The Looney Tunes Show,13011
J. Edgar,13012
Green Lantern: The Animated Series,13013
Enlightened,13014
Journey 2: The Mysterious Island,13015
Zookeeper,13016
Like Crazy,13017
The Pirates! In an Adventure with Scientists!,13018
Larry Crowne,13019
Blue Exorcist,13020
6 Days to Air: The Making of South Park,13021
Mildred Pierce,13022
Extremely Loud & Incredibly Close,13023
Marina Abramović: The Artist Is Present,13024
Machine Gun Preacher,13025
Dolphin Tale,13026
Loiter Squad,13027
The Green Hornet,13028
Hobo with a Shotgun,13029
W.E.,13030
From Up on Poppy Hill,13031
There's Something Wrong with Aunt Diane,13032
Mortal Kombat: Legacy,13033
Pariah,13034
Black Dynamite,13035
Happy Feet Two,13036
George Harrison: Living in the Material World,13037
The Sapphires,13038
Bedlam,13039
Casa De Mi Padre,13040
Alex Cross,13041
The Sunset Limited,13042
The Iron Lady,13043
Joyful Noise,13044
"For a Good Time, Call...",13045
Here Comes the Devil,13046
Friends with Kids,13047
The Girl,13048
This Must Be the Place,13049
Girl Most Likely,13050
"China, IL",13051
Ben 10: Omniverse,13052
Being Flynn,13053
Erased,13054
The Invisible War,13055
Shark Night 3D,13056
Off the Air,13057
Luck,13058
Hemingway & Gellhorn,13059
2 Days in New York,13060
Green Lantern: Emerald Knights,13061
"The Heart, She Holler",13062
Justice League: Doom,13063
Eagleheart,13064
All Star Superman,13065
Madea's Big Happy Family,13066
Venus and Serena,13067
Fun Size,13068
Hyde Park on Hudson,13069
Good Neighbours,13070
The Good Doctor,13071
Witness,13072
Thor: Tales of Asgard,13073
Fire with Fire,13074
Ocean Mysteries with Jeff Corwin,13075
Mea Maxima Culpa: Silence in the House of God,13076
Page One: Inside the New York Times,13077
Good Deeds,13078
Gloria: In Her Own Words,13079
Profugos,13080
Mel Brooks and Dick Cavett Together Again,13081
Saving Face,13082
Cinema Verite,13083
The Weight of the Nation,13084
When Shall We Kiss?,13085
About Face: Supermodels Then and Now,13086
Superman vs. The Elite,13087
The Loving Story,13088
Scooby-Doo! Mask of the Blue Falcon,13089
Scooby-Doo! Music of the Vampire,13090
God is the Bigger Elvis,13091
Scooby-Doo! Legend of the Phantosaur,13092
First,13093
Triangle: Remembering the Fire,13094
Ethel,13095
41,13096
Hard Times: Lost on Long Island,13097
One Nation Under Dog,13098
In Vogue: The Editor's Eye,13099
The Education of Mohammad Hussein,13100
Mann v. Ford,13101
Jack Hanna's Wild Countdown,13102
Koran by Heart,13103
In Tahrir Square: 18 Days of Egypt's Unfinished Revolution,13104
Tales Of Nature,13105
4th and Forever,13106
Mondays at Racine,13107
Don't Divorce Me! Kids' Rules for Parents on Divorce,13108
The Dog and the Cat,13109
First Cousin Once Removed,13110
Mandrake,13111
The Weight Of The Nation For Kids,13112
The Latino List: Volume 2,13113
Saving Pelican 895,13114
Silencing the Song: An Afghan Fallen Star,13115
States of Grace,13116
"George Lopez: It's Not Me, It's You",13117
The Latino List,13118
Single Long,13119
Love Crimes Of Kabul,13120
Citizen USA: A 50 State Road Trip,13121
I Can Be President: A Kid's-Eye View,13122
Bud Greenspan Presents Vancouver 2010: Stories of Olympic Glory,13123
Habla Texas,13124
Rick and Morty,13125
Anthony Bourdain: Parts Unknown,13126
True Detective,13127
Banshee,13128
Silicon Valley,13129
The Leftovers,13130
Last Week Tonight with John Oliver,13131
The Secret Life of Walter Mitty,13132
42,13133
The Raid 2,13134
Pacific Rim,13135
Over the Garden Wall,13136
We're the Millers,13137
The Great Gatsby,13138
Steven Universe,13139
Unbroken,13140
Oblivion,13141
47 Ronin,13142
Man of Steel,13143
Only Lovers Left Alive,13144
The Knick,13145
12 Years a Slave,13146
Gomorrah,13147
Fast & Furious 6,13148
Ender's Game,13149
The Wolverine,13150
Stoker,13151
The Conjuring,13152
The Way Way Back,13153
Percy Jackson: Sea of Monsters,13154
This Is Where I Leave You,13155
Riddick,13156
Teen Titans Go!,13157
Bad Words,13158
The Book Thief,13159
Trance,13160
Your Pretty Face Is Going to Hell,13161
20 Feet from Stardom,13162
Your Lie in April,13163
RED 2,13164
Dracula Untold,13165
Ouija,13166
The Internship,13167
Annabelle,13168
Warm Bodies,13169
The Hobbit: The Desolation of Smaug,13170
The Great Beauty,13171
Escape Plan,13172
Inside Amy Schumer,13173
300: Rise of an Empire,13174
Enough Said,13175
KILL la KILL,13176
The Hobbit: The Battle of the Five Armies,13177
The Wind Rises,13178
John Dies at the End,13179
Kick-Ass 2,13180
Identity Thief,13181
Horrible Bosses 2,13182
'71,13183
R.I.P.D.,13184
Olive Kitteridge,13185
2 Guns,13186
Hello Ladies,13187
Mama,13188
The Last Five Years,13189
The Honourable Woman,13190
Gangster Squad,13191
The Incredible Burt Wonderstone,13192
Moms Mabley,13193
The Hangover Part III,13194
Epic,13195
Blue Jasmine,13196
The Tale of The Princess Kaguya,13197
Bachelor in Paradise,13198
The East,13199
Tim and Eric's Bedtime Stories,13200
The Loft,13201
Looking,13202
Walking with Dinosaurs,13203
Endless Love,13204
Behind the Candelabra,13205
When Marnie Was There,13206
Garfunkel and Oates,13207
Justice League: The Flashpoint Paradox,13208
Snitch,13209
The Carbonaro Effect,13210
Black Jesus,13211
Family Tree,13212
Runner Runner,13213
Blood Ties,13214
Clarence,13215
I Give It a Year,13216
Getting On,13217
The Normal Heart,13218
Alan Partridge: Alpha Papa,13219
Jack the Giant Slayer,13220
"Batman: The Dark Knight Returns, Part 2",13221
Bad Milo!,13222
Admission,13223
Beware the Batman,13224
Big Game,13225
21 & Over,13226
Uncle Grandpa,13227
Batman: Assault on Arkham,13228
The Legend of Hercules,13229
Six by Sondheim,13230
Meet the Patels,13231
The Kingdom of Dreams and Madness,13232
The Best Man Holiday,13233
Gloria,13234
Sr. Ávila,13235
El Negocio,13236
Clear History,13237
Lego Batman: The Movie - DC Super Heroes Unite,13238
Life's Too Short Easter Special,13239
Justice League: War,13240
Rock the Park,13241
Manhunt: The Inside Story of the Hunt for Bin Laden,13242
Adult Beginners,13243
Escobar: Paradise Lost,13244
Grace,13245
Phil Spector,13246
Jerrod Carmichael: Love at the Store,13247
12 Rounds 2: Reloaded,13248
The Cheshire Murders,13249
The Scooby-Doo Show,13250
Mike Tyson: Undisputed Truth,13251
Shadows,13252
The Henry Ford Innovation Nation with Mo Rocca,13253
Billy Crystal: 700 Sundays,13254
Cymbeline,13255
This Is Life with Lisa Ling,13256
Son of Batman,13257
Saving My Tomorrow,13258
Bing,13259
Superman: Unbound,13260
Psi,13261
Aldnoah.Zero,13262
Pac-Man and the Ghostly Adventures,13263
Viking Women,13264
Mao Mao: Heroes of Pure Heart,13265
Scooby-Doo! WrestleMania Mystery,13266
Redemption,13267
Frontera,13268
Banksy Does New York,13269
State of Play,13270
House Party: Tonight's the Night,13271
JLA Adventures: Trapped in Time,13272
Sarah Silverman: We Are Miracles,13273
Scooby-Doo! Frankencreepy,13274
Necessary Evil: Super-Villains of DC Comics,13275
Nixon by Nixon: In His Own Words,13276
A Good Job: Stories of the FDNY,13277
An Apology to Elephants,13278
Mary and Martha,13279
Muhammad Ali's Greatest Fight,13280
Once Upon a Time in Brooklyn,13281
Cantinflas,13282
Questioning Darwin,13283
Scooby-Doo! Stage Fright,13284
State of Play: Trophy Kids,13285
Life According to Sam,13286
Nightingale,13287
Terror at the Mall,13288
Americans in Bed,13289
Habla Men,13290
The Vertigo Years,13291
Habla Women,13292
50 Children: The Rescue Mission of Mr. and Mrs. Kraus,13293
Head Over Heels,13294
Paycheck to Paycheck: The Life & Times of Katrina Gilbert,13295
Crisis Hotline: Veterans Press 1,13296
The Out List,13297
Legendary Nights: The Tale of Gatti-Ward,13298
Miss You Can Do It,13299
Before We Are Forgotten,13300
Fall to Grace,13301
Gasland Part II,13302
Heroes Cotidianos,13303
Jungle Master,13304
Tapia,13305
The Case Against 8,13306
Santana: Corazón Live from Mexico  - Live It To Believe It,13307
Hurricane the Anatomy,13308
The Last Song,13309
Fantastic Beasts and Where to Find Them,13310
Westworld,13311
Black Mass,13312
The Great Pottery Throw Down,13313
Search Party,13314
The Night Of,13315
Food Wars! Shokugeki no Soma,13316
Mob Psycho 100,13317
Love & Mercy,13318
Berserk,13319
Batman v Superman: Dawn of Justice,13320
The Jinx: The Life and Deaths of Robert Durst,13321
Adam Ruins Everything,13322
Wrecked,13323
Get Hard,13324
Vice Principals,13325
Suicide Squad,13326
Magic Mike XXL,13327
KonoSuba – God's blessing on this wonderful world!!,13328
Insecure,13329
Re:ZERO -Starting Life in Another World-,13330
Vacation,13331
Tickled,13332
Show Me a Hero,13333
San Andreas,13334
High-Rise,13335
How to Be Single,13336
ERASED,13337
Ballers,13338
The Conjuring 2,13339
Going Clear: Scientology and the Prison of Belief,13340
High Maintenance,13341
The Lure,13342
We Bare Bears,13343
The Young Pope,13344
Child 44,13345
The Testament of Sister New Devil,13346
Point Break,13347
Conan Without Borders,13348
Bungo Stray Dogs,13349
Vinyl,13350
Chewing Gum,13351
Batman: The Killing Joke,13352
The First Monday in May,13353
Cobain: Montage of Heck,13354
Full Frontal with Samantha Bee,13355
War on Everyone,13356
Butterfly Effect,13357
United Shades of America,13358
Cameraperson,13359
Togetherness,13360
Rokka - Braves of the Six Flowers,13361
The Wolfpack,13362
Army of One,13363
Princess Cut,13364
91 Days,13365
Zapped,13366
7 Days in Hell,13367
Bridget Jones's Baby,13368
The Pact,13369
Ben 10,13370
American Pastoral,13371
Animals.,13372
The Chris Gethard Show,13373
The Assignment,13374
The Brink,13375
Max Steel,13376
All the Way,13377
Batman: Return of the Caped Crusaders,13378
The Powerpuff Girls,13379
Little Big Shots,13380
Sunset Song,13381
Batman vs. Robin,13382
Beware the Slenderman,13383
Breakthrough,13384
Those Who Can't,13385
Danny Collins,13386
Spare Parts,13387
Scooby-Doo! and Kiss: Rock and Roll Mystery,13388
Justice League: Gods and Monsters,13389
"Be Cool, Scooby-Doo!",13390
Everything Is Copy,13391
Divorce,13392
Impractical Jokers: Inside Jokes,13393
Kareem: Minority of One,13394
Never-Ending Man: Hayao Miyazaki,13395
Wasteland,13396
Regular Show: The Movie,13397
The Ones Below,13398
Batman: Bad Blood,13399
Night Owls,13400
The Confirmation,13401
Golden Life,13402
Confirmation,13403
Norman: The Moderate Rise and Tragic Fall of a New York Fixer,13404
Kiznaiver,13405
Looking: The Movie,13406
Schwarzes Marken,13407
Every Brilliant Thing,13408
Halfworlds,13409
Tig Notaro: Boyish Girl Interrupted,13410
Mapplethorpe: Look at the Pictures,13411
Brother Nature,13412
The Casual Vacancy,13413
Blow Up of Blow-Up,13414
Viva,13415
Amy Schumer: Live at the Apollo,13416
Ingrid Bergman: In Her Own Words,13417
Bessie,13418
Nuclear Family,13419
Justice League vs. Teen Titans,13420
Lego Scooby-Doo!: Haunted Hollywood,13421
Collide,13422
Justice League: Throne of Atlantis,13423
Magnifica 70,13424
Ferrell Takes the Field,13425
Whitney Cummings: I'm Your Girlfriend,13426
Mighty Magiswords,13427
Nothing Left Unsaid: Gloria Vanderbilt & Anderson Cooper,13428
Mamon,13429
New Looney Tunes,13430
Robinson Crusoe,13431
Mel Brooks: Live at the Geffen,13432
Pete Holmes: Faces and Sounds,13433
Deep Time History,13434
Hack My Life,13435
Thought Crimes,13436
Mavis!,13437
Abortion: Stories Women Tell,13438
Alpha and Omega: The Big Fureeze,13439
3 Days of Terror: The Charlie Hebdo Attacks,13440
Scooby-Doo! Moon Monster Madness,13441
The Walk,13442
Batman Unlimited: Mechs vs. Mutants,13443
Digits,13444
Long Live the Royals,13445
Dream the Future,13446
El Hipnotizador,13447
LEGO DC Comics Super Heroes: Justice League - Gotham City Breakout,13448
Batman Unlimited: Monster Mayhem,13449
The Origami Code,13450
LEGO DC Comics Super Heroes: Justice League - Attack of the Legion of Doom!,13451
Batman Unlimited: Animal Instincts,13452
Stephen Hawking's Favorite Places,13453
Batkid Begins,13454
DC Super Hero Girls: Hero of the Year,13455
LEGO DC Comics Super Heroes: Justice League vs. Bizarro League,13456
Rachel Dratch's Late Night Snack,13457
Messy goes to OKIDO,13458
LEGO DC Comics Super Heroes: Justice League: Cosmic Clash,13459
Presenting Princess Shaw,13460
Marathon: The Patriots Day Bombing,13461
The Trans List,13462
The Leisure Class,13463
"3 ½ Minutes, 10 Bullets",13464
The Diplomat,13465
Jim: The James Foley Story,13466
Becoming Mike Nichols,13467
Americano,13468
Star Wars Parody Infomercials,13469
Class Divide,13470
Jackson,13471
Scooby-Doo! and WWE: Curse of the Speed Demon,13472
Mike Nichols: An American Master,13473
Underwater Wonders Of The National Parks,13474
Suited,13475
Spark: A Space Tail,13476
"It's Me, Hilary: The Man Who Drew Eloise",13477
Risky Drinking,13478
Southern Rites,13479
Toe Tag Parole: To Live and Die on Yard A,13480
A Girl in the River: The Price of Forgiveness,13481
"Clínica de Migrantes: Life, Liberty, and the Pursuit of Happiness",13482
How to Dance in Ohio,13483
A Mouse Tale,13484
"Heroin: Cape Cod, USA",13485
Dios Inc.,13486
Brillo Box (3¢ off),13487
Rosie O'Donnell: A Heartfelt Stand Up,13488
Viruses: Destruction And Creation,13489
Secret Life of Lakes,13490
Foreign Wars,13491
Space Probes!,13492
San Francisco 2.0,13493
The Poet of Havana,13494
Uri & Ella,13495
Meet the Donors: Does Money Talk?,13496
Secret Life Underground,13497
Requiem for the Dead: American Spring 2014,13498
Living With Lincoln,13499
Big World In A Small Garden,13500
Destination: Moon,13501
Larry Kramer In Love & Anger,13502
The Making Of David Attenborough's Light On Earth,13503
Kittenhood,13504
Wiener Dog Internationals,13505
Jason Silva - The Road To The Singularity,13506
The Silent Valley,13507
The Rise & Fall Of T-Rex,13508
Gold Rush in the Deep Sea,13509
The Apollo Moon Landings,13510
Jason Silva: Transhumanism,13511
The Story of German Beer,13512
The Latin Explosion: A New America,13513
Homegrown: The Counter-Terror Dilemma,13514
Habla y vota,13515
Solitary,13516
Emergency Contact,13517
Comedy Knockout,13518
Top Science Stories Of 2016,13519
Barry,13520
Fantastic Beasts: The Crimes of Grindelwald,13521
Paddington 2,13522
Young Sheldon,13523
Succession,13524
My Brilliant Friend,13525
Blade Runner 2049,13526
Crazy Rich Asians,13527
Ready Player One,13528
Dunkirk,13529
Big Little Lies,13530
Wellington Paranormal,13531
The Lego Batman Movie,13532
The House,13533
C.B. Strike,13534
Titans,13535
Sharp Objects,13536
It,13537
Ocean's Eight,13538
Aquaman,13539
I'm Sorry,13540
The Alienist,13541
The Deuce,13542
Joe Pera Talks With You,13543
Stath Lets Flats,13544
Kong: Skull Island,13545
Final Space,13546
Dragged Across Concrete,13547
Wonder Woman,13548
The Nun,13549
Justice League,13550
Robin Hood,13551
12 Strong,13552
Borg vs McEnroe,13553
Kin,13554
The Last O.G.,13555
Rampage,13556
The Snowman,13557
Craig of the Creek,13558
At Home with Amy Sedaris,13559
Annabelle: Creation,13560
Gunpowder,13561
Room 104,13562
Crashing,13563
Fahrenheit 451,13564
David Lynch: The Art Life,13565
Teen Titans Go! To the Movies,13566
Constantine: City of Demons - The Movie,13567
Profile,13568
"Night Is Short, Walk On Girl",13569
The Shivering Truth,13570
Tour de Pharmacy,13571
Lamput,13572
Robin Williams: Come Inside My Mind,13573
Mommy Dead and Dearest,13574
The Zen Diaries of Garry Shandling,13575
The Tale,13576
The 15:17 to Paris,13577
Elvis Presley: The Searcher,13578
The Wizard of Lies,13579
Batman Ninja,13580
Batman: Gotham by Gaslight,13581
2:22,13582
Early Man,13583
Spielberg,13584
Lucas the Spider,13585
The Misadventures of Romesh Ranganathan,13586
Summer Camp Island,13587
Folklore,13588
Jerrod Carmichael: 8,13589
On the Spectrum,13590
The Immortal Life of Henrietta Lacks,13591
Down a Dark Hall,13592
All I See Is You,13593
Justice League Dark,13594
Andre the Giant,13595
May It Last: A Portrait of the Avett Brothers,13596
Total DramaRama,13597
Flight of the Conchords: Live in London,13598
The Death of Superman,13599
Killing Gunther,13600
Camping,13601
Unlocked,13602
The Gospel According to André,13603
Surf's Up 2: WaveMania,13604
Miss Sherlock,13605
Sally4Ever,13606
Suicide Squad: Hell to Pay,13607
Batman and Harley Quinn,13608
Axios,13609
Arsenal,13610
Jane Fonda in Five Acts,13611
Apple & Onion,13612
Paterno,13613
Racer and the Jailbird,13614
The Problem with Apu,13615
My Dinner with Hervé,13616
What They Had,13617
Mosaic,13618
Batman vs. Two-Face,13619
Pete Holmes: Dirty Clean,13620
Teen Titans: The Judas Contract,13621
Random Acts of Flyness,13622
The Yellow Birds,13623
The Shop: Uninterrupted,13624
Ellen's Game of Games,13625
A Happening of Monumental Proportions,13626
Here and Now,13627
The History of Food,13628
Scooby-Doo! & Batman: The Brave and the Bold,13629
Ancient Earth,13630
OK K.O.! Let's Be Heroes,13631
Becoming Warren Buffett,13632
The Cold Blue,13633
Impractical Jokers: After Party,13634
The Carbonaro Effect: Inside Carbonaro,13635
Michelle Wolf: Nice Lady,13636
Vixen: The Movie,13637
Gun Shy,13638
Bright Lights: Starring Carrie Fisher and Debbie Reynolds,13639
David Bowie: The Last Five Years,13640
Road Trip,13641
Mel Brooks: Unwrapped,13642
The Bronze Garden,13643
Arthur's Law,13644
Being Serena,13645
Momentum Generation,13646
Chris Gethard: Career Suicide,13647
Nostalgia,13648
Mr. SOUL!,13649
O.G.,13650
Blinded by the Lights,13651
Fantasmagorias,13652
Scooby-Doo! Shaggy's Showdown,13653
"If You're Not In The Obit, Eat Breakfast",13654
First Dates Hotel,13655
"Diana, Our Mother: Her Life and Legacy",13656
Hackerville,13657
Prescription: Nutrition,13658
LEGO DC Super Heroes: The Flash,13659
Freedom Fighters: The Ray,13660
King in the Wilderness,13661
LEGO Scooby-Doo! Blowout Beach Bash,13662
United Skates,13663
Say Her Name: The Life and Death of Sandra Bland,13664
93Queen,13665
Hot Streets,13666
John McCain: For Whom the Bell Tolls,13667
The Final Year,13668
The Ollie & Moon Show,13669
LEGO DC Super Heroes - Aquaman: Rage Of Atlantis,13670
Meth Storm,13671
Manic,13672
Baltimore Rising,13673
Arthur Miller: Writer,13674
2 Dope Queens,13675
Breslin and Hamill: Deadline Artists,13676
Leonardo: The Mystery of the Lost Portrait,13677
Agnelli,13678
Age of Big Cats,13679
Atomic Homefront,13680
Drew Michael,13681
Porn for Newbies,13682
Original Sin,13683
Scooby-Doo! and the Gourmet Ghost,13684
DC Super Hero Girls: Intergalactic Games,13685
Talk Show the Game Show,13686
The Truth About Killer Robots,13687
Esme & Roy,13688
Sacred Spaces,13689
The Secret Life of Couples,13690
Vitamania: The Sense and Nonsense of Vitamins,13691
I Am Evidence,13692
Rock and a Hard Place,13693
The Newspaperman: The Life and Times of Ben Bradlee,13694
Beyond Reasonable Doubt,13695
LEGO DC Super Hero Girls: Super-Villain High,13696
Too Beautiful: Our Right to Fight,13697
Grisse,13698
The Oslo Diaries,13699
Ballmastrz: 9009,13700
Infinite Rainbows,13701
What I Feel for You,13702
Mostly 4 Millennials,13703
A Dangerous Son,13704
The Number on Great-Grandpa's Arm,13705
The Sentence,13706
Bleed Out,13707
Warning: This Drug May Kill You,13708
Swiped: Hooking Up in the Digital Age,13709
The Teenage Psychic,13710
The Jellies,13711
Foster,13712
Cries from Syria,13713
SeNT,13714
Wyatt Cenac's Problem Areas,13715
Laff Mobb's Laff Tracks,13716
War Dog: A Soldier's Best Friend,13717
Traffic Stop,13718
Birth Of The Solar System,13719
Icebox,13720
It's a Hard Truth Ain't It,13721
Stalin's James Bond,13722
Student Athlete,13723
T.J. Miller: Meticulously Ridiculous,13724
Living Universe,13725
Beating Death: The Science of Survival,13726
DC Super Hero Girls: Legends of Atlantis,13727
Outside the Bubble: On the Road with Alexandra Pelosi,13728
Ali & Cavett: The Tale of the Tapes,13729
Tokyo Project,13730
America's World War I Centennial,13731
The Words That Built America,13732
Scanning The Pyramids,13733
It Will be Chaos,13734
The Emperor's Newest Clothes,13735
Bill Maher: Live From Oklahoma,13736
Stolen Daughters: Kidnapped By Boko Haram,13737
Netizens,13738
Who Killed the Neanderthal?,13739
George Lopez: The Wall,13740
Notes from the Field,13741
#GeorgeWashington,13742
The Hunt for Dark Matter,13743
"The Games of the V Olympiad Stockholm, 1912",13744
Miniverse,13745
Masai Mara: The Big Hunt,13746
15: A Quinceañera Story,13747
Our Violent Sun,13748
Mystery Signal From Space,13749
The Hunt for the Slave Ship Guerrero,13750
RX: Early Detection - A Cancer Journey with Sandra Lee,13751
Orlando Leyba: Adorable,13752
Queen of the World,13753
The Bachelor Winter Games,13754
Gente de Zona: En Letra De Otro,13755
We Are Not Done Yet,13756
Paid Off with Michael Torpey,13757
Gilberto Santa Rosa: 40 y Contando,13758
Sin Cielo,13759
Pedro Capo En Letra De Otro,13760
Real Time with Bill Maher: Anniversary Special,13761
Progress,13762
The Flight Attendant,13763
Gentleman Jack,13764
The Night House,13765
Ghosts,13766
Snowpiercer,13767
Euphoria,13768
Raised by Wolves,13769
Chernobyl,13770
The Righteous Gemstones,13771
Tenet,13772
Jujutsu Kaisen,13773
Joker,13774
Miracle Workers,13775
Promising Young Woman,13776
Watchmen,13777
Doctor Sleep,13778
The Outsider,13779
The Empty Man,13780
Pennyworth,13781
His Dark Materials,13782
"I Love You, Now Die: The Commonwealth v. Michelle Carter",13783
The Inventor: Out for Blood in Silicon Valley,13784
Doom Patrol,13785
The Other Two,13786
The Undoing,13787
Warrior,13788
Smiling Friends,13789
Beforeigners,13790
Primal,13791
The New Mutants,13792
News of the World,13793
Batwoman,13794
Greenland,13795
Nancy Drew,13796
Lovecraft Country,13797
Harley Quinn,13798
Tacoma FD,13799
How To with John Wilson,13800
Close Enough,13801
Shazam!,13802
Freaky,13803
I Know This Much Is True,13804
Forensic Files II,13805
Perry Mason,13806
Three Busy Debras,13807
Love Life,13808
Avenue 5,13809
Years and Years,13810
A Black Lady Sketch Show,13811
Long Shot,13812
The Vow,13813
South Side,13814
Awkwafina Is Nora from Queens,13815
Birds of Prey (and the Fantabulous Emancipation of One Harley Quinn),13816
The Personal History of David Copperfield,13817
Godzilla: King of the Monsters,13818
RUN,13819
It Chapter Two,13820
Class Action Park,13821
Kursk,13822
DC's Stargirl,13823
Prodigal Son,13824
Catherine the Great,13825
Wonder Woman 1984,13826
Weathering with You,13827
Dr. Stone,13828
Two Weeks to Live,13829
Infinity Train,13830
McMillions,13831
The Promised Neverland,13832
Looney Tunes Cartoons,13833
Scoob!,13834
The Plot Against America,13835
I May Destroy You,13836
Leaving Neverland,13837
Let Him Go,13838
Roald Dahl's The Witches,13839
The Heist of the Century,13840
Superintelligence,13841
Frayed,13842
I'll Be Gone in the Dark,13843
White House Farm,13844
Annabelle Comes Home,13845
The Curse of La Llorona,13846
Jett,13847
Kajillionaire,13848
Blinded by the Light,13849
David Byrne's American Utopia,13850
Bad Education,13851
Mrs. Fletcher,13852
Murder on Middle Beach,13853
Steven Universe Future,13854
Please Hold,13855
30 Coins,13856
Let Them All Talk,13857
All Rise,13858
Tiger,13859
Tower of God,13860
Nancy Drew and the Hidden Staircase,13861
We Are Who We Are,13862
The Third Day,13863
Mogul Mowgli,13864
Deadwood: The Movie,13865
Linda Ronstadt: The Sound of My Voice,13866
Industry,13867
La Jauría,13868
An American Pickle,13869
Veneno,13870
Unpregnant,13871
Batman: Hush,13872
Beartown,13873
Los Espookys,13874
The New Pope,13875
When You Clean a Stranger's Home,13876
Heaven's Gate: The Cult of Cults,13877
Legendary,13878
Fatale,13879
Inheritance,13880
The God of High School,13881
Justice League Dark: Apokolips War,13882
Scooby-Doo and Guess Who?,13883
Adventure Time: Distant Lands,13884
David Makes Man,13885
Identifying Features,13886
Katy Keene,13887
Dating Amber,13888
The Head,13889
The Trial of Christine Keeler,13890
Valley of Tears,13891
Promare,13892
I Hate Suzie,13893
Steven Universe: The Movie,13894
All My Life,13895
The Bee Gees: How Can You Mend a Broken Heart,13896
Domino,13897
Pure,13898
Superman: Red Son,13899
Euphoria: Trouble Don't Last Always,13900
In/Spectre,13901
Impractical Jokers: The Movie,13902
Expecting Amy,13903
The Dress,13904
Batman: Death in the Family,13905
Sublet,13906
Keep Your Hands Off Eizouken!,13907
We're Here,13908
I Used to Go Here,13909
Success,13910
Who Killed Garrett Phillips?,13911
Betty,13912
La Unidad,13913
The Case Against Adnan Syed,13914
Half Brothers,13915
Selena + Chef,13916
Diego Maradona,13917
Ride Your Wave,13918
Hard,13919
The Weight of Gold,13920
The Immortal,13921
Teen Titans Go! vs. Teen Titans,13922
A West Wing Special to Benefit When We All Vote,13923
The Dog House,13924
gen:LOCK,13925
Noblesse,13926
The Mustang,13927
John Lewis: Good Trouble,13928
"Crazy, Not Insane",13929
Gary Gulman: The Great Depresh,13930
Patria,13931
Trigonometry,13932
Adult Material,13933
La Afinadora de Árboles,13934
Lego DC Batman: Family Matters,13935
Killerman,13936
Our Boys,13937
Home Videos,13938
Mortal Kombat Legends: Scorpion's Revenge,13939
Welcome to Chechnya,13940
Laetitia,13941
El Pionero,13942
One Way or Another,13943
Possessions,13944
The Bridge,13945
The Quarry,13946
Rose Matafeo: Horndog,13947
Rendez-vous,13948
Atlanta's Missing and Murdered: The Lost Children,13949
Human Capital,13950
L'ennemi japonais à Hollywood,13951
The Apollo,13952
House of Ho,13953
Charm City Kings,13954
One Careful Owner,13955
Calladita,13956
Superman: Man of Tomorrow,13957
Western Stars,13958
Baby God,13959
Justice League vs. the Fatal Five,13960
Son of Monarchs,13961
Agents of Chaos,13962
Shaq Life,13963
Santos Dumont,13964
Craftopia,13965
Dan Soder: Son of a Gary,13966
Very Ralph,13967
Showbiz Kids,13968
The Perfect Weapon,13969
Native Son,13970
Victor and Valentino,13971
What's My Name | Muhammad Ali,13972
At the Heart of Gold: Inside the USA Gymnastics Scandal,13973
Joint Venture,13974
Deathstroke: Knights & Dragons - The Movie,13975
A World of Calm,13976
12 Dates of Christmas,13977
The World Between Us,13978
The Sleepers,13979
Bully. Coward. Victim. The Story of Roy Cohn,13980
Full Bloom,13981
Sermon on the Mount,13982
Alabama Snake,13983
HBO Latino Presents: A Tiny Audience,13984
Natalie Wood: What Remains Behind,13985
Chelsea Handler: Evolution,13986
Dream Raider,13987
Amazing Dinoworld,13988
One Night in Bangkok,13989
Wonder Woman: Bloodlines,13990
Share,13991
Midnight Family,13992
Reign of the Supermen,13993
Tigtone,13994
My Heart Goes Boom!,13995
Jimmy Carter: Rock & Roll President,13996
Other Parents,13997
Tropical Cop Tales,13998
Cross the Line,13999
Daniel Sloss: X,14000
The Swamp,14001
White Eye,14002
The Garden of Evening Mists,14003
Out in the Open,14004
Vida perfecta,14005
Stylish with Jenna Lyons,14006
Well Groomed,14007
537 Votes,14008
Todxs Nós,14009
I Miss You,14010
The Misery Index,14011
The Wolves,14012
LEGO DC: Shazam! Magic and Monsters,14013
Gösta,14014
Invisibles,14015
One for All,14016
Ice on Fire,14017
If I Were Rich Man,14018
Adventure of the Ring,14019
The Fresh Prince of Bel-Air Reunion,14020
Pseudo,14021
Lazor Wulf,14022
YOLO Crystal Fantasy,14023
The Mystery of D.B. Cooper,14024
Gemusetto Machu Picchu,14025
Tig n' Seek,14026
Tuff Money,14027
El verano que vivimos,14028
Shakira in Concert: El Dorado World Tour,14029
On the Record,14030
Pompeii: Disaster Street,14031
Vengeance: Killer Coworkers,14032
Kill Chain: The Cyber War on America's Elections,14033
The Fungies!,14034
"Turu, the Wacky Hen",14035
We Bare Bears: The Movie,14036
Detention Adventure,14037
Schoolgirls,14038
Ravi Patel's Pursuit of Happiness,14039
Liberty: Mother of Exiles,14040
Stockton on My Mind,14041
The Monster at the End of This Story,14042
Culpa,14043
The Scheme,14044
Ramy Youssef: Feelings,14045
Rosa's Wedding,14046
Ernie & Joe,14047
Days of the Whale,14048
Coastal Elites,14049
The Not-Too-Late Show with Elmo,14050
Foodie Love,14051
Love Monster,14052
Versailles Rediscovered: The Sun King's Vanished Palace,14053
The Secret Lives Of Big Cats,14054
The Wedding Unplanner,14055
Game of Thrones: The Last Watch,14056
The Name of the Son,14057
Territorio,14058
Our Mothers,14059
"Yvonne Orji: Momma, I Made It!",14060
Coffee Shop Names,14061
Cooking the Perfect Burger,14062
Beth Stelling: Girl Daddy,14063
Haute Dog,14064
"The Bronx, USA",14065
Revolution Rent,14066
Transhood,14067
Torn Apart: Separated at the Border,14068
On Tour with Asperger's Are Us,14069
40 Years a Prisoner,14070
My Favorite Shapes by Julio Torres,14071
HI$TORY,14072
Wig,14073
Bucket List: Australia,14074
Gina Brillon: Easily Offended,14075
Pyramid Builders: New Clues,14076
In the Shadow of the Towers: Stuyvesant High on 9/11,14077
Moonlight Sonata: Deafness in Three Movements,14078
The Soul of America,14079
After Truth: Disinformation and the Cost of Fake News,14080
One Nation Under Stress,14081
Bucket List: South America,14082
Sherlock Holmes and the Great Escape,14083
Mush-Mush & the Mushables,14084
The History of Home Narrated by Nick Offerman,14085
Yerba Buena,14086
What Happened on September 11,14087
Yusuf Hawkins: Storm Over Brooklyn,14088
Hidden Russia,14089
Princess of the Row,14090
Yabba-Dabba Dinosaurs!,14091
Equal,14092
Polar Bears,14093
In Other Words,14094
Squish,14095
Running with Beto,14096
Colin Quinn & Friends: A Parking Lot Comedy Show,14097
Song of Parkland,14098
Alternate Endings: Six New Ways to Die in America,14099
Between the World and Me,14100
Lindsey Vonn: The Final Season,14101
Cornfield Shipwreck,14102
Young Hearts,14103
The Art of Political Murder,14104
Going Nuts: Tales from the Squirrel World,14105
"1, 2, 3, All Eyes On Me",14106
Women of Troy,14107
Autism: The Sequel,14108
Singletown,14109
Simmer,14110
"Siempre, Luis",14111
A Storybook Ending,14112
The Dishwasher,14113
Calvary,14114
Erik Rivera: Super White,14115
Unmasking Jihadi John: Anatomy of a Terrorist,14116
Muy Gay Too Mexicano,14117
Hidden Japan,14118
Prehistoric Worlds,14119
Tsunamis: Facing a Global Threat,14120
What You Gonna Do When the World's on Fire?,14121
Chateau Vato,14122
4th and Forever: Muck City,14123
Don't Let The Pigeon Do Storytime,14124
Amaraica,14125
Si,14126
The Foquita: El 10 de la Calle,14127
Mia's Magic Playground,14128
Whitmer Thomas: The Golden One,14129
Saudi Women's Driving School,14130
Dynamic Genomes,14131
Fandango at the Wall,14132
Science vs Terrorism,14133
Sterling,14134
Huracán,14135
The Woodstock Bus,14136
Bright Now,14137
Lil Rel Howery: Live in Crenshaw,14138
Buzz,14139
Yun,14140
Any One of Us,14141
Oprah Winfrey Presents: After Neverland,14142
D-Day: Wings of Victory,14143
Under The Grapefruit Tree: The CC Sabathia Story,14144
Linda and the Mockingbirds,14145
"Extinction: Going, Going, Gone",14146
Unmothered,14147
Scandalous: The Untold Story of the National Enquirer,14148
Bittu,14149
Seeing America with Megan Rapinoe,14150
The Many Lives of Nick Buoniconti,14151
Mezquite's Heart,14152
La Musiquita Por Dentro,14153
Love Can't Wait,14154
Breathe the Night,14155
Migrations: Herds on the Move,14156
Meet the Mustelids,14157
Amanda Seales: I Be Knowin',14158
Migrations: Frequent Flyers,14159
Migrations: The Big Swim,14160
Gorillas: Rumble in the Jungle,14161
Hack the Moon: Unsung Heroes of Apollo,14162
Cooking the Ultimate Steak,14163
Rainforest Home,14164
Life’s a Beach,14165
These Birds Were Made for Walking,14166
The Anniversary,14167
Fine China,14168
Burning Ojai: Our Fire Story,14169
By the End of the Week,14170
Growing Up Milwaukee,14171
The Prescription,14172
The Undocumented Lawyer,14173
A La Calle,14174
La leyenda negra,14175
The Daunting Fortress of Richard the Lionheart,14176
On the Trail: Inside the 2020 Primaries,14177
My Sesame Street Friends,14178
Homeschool Musical: Class of 2020,14179
Acuitzeramo,14180
Farruko: En letra de otro,14181
True Justice: Bryan Stevenson's Fight for Equality,14182
Rizo,14183
Anacronte,14184
Finding the Way Home,14185
Food Lore,14186
My Gift: A Christmas Special From Carrie Underwood,14187
Little Con Lili,14188
The Cost of Winning,14189
Lupe,14190
The Power of We: A Sesame Street Special,14191
Belichick & Saban: The Art of Coaching,14192
Uprooted: The Journey of Jazz Dance,14193
Wild Card: The Downfall of a Radio Loudmouth,14194
Dọlápọ̀ Is Fine,14195
Shayla Rivera: It's Not Rocket Science,14196
At Last,14197
Halfway,14198
"Área chica, infierno grande",14199
De Lo Mio,14200
Habla Now,14201
HA Festival: The Art of Comedy,14202
Nick Guerra: Love me at my worst,14203
Black Boy Joy,14204
Invisible Stories (Nextblkgrl),14205
Cities of the Sea,14206
Havana Street Party Presents Orishas,14207
The Cypher,14208
Jerry Garcia: It's Not My Weekend,14209
We Are the Dream: The Kids of the Oakland MLK Oratorical Fest,14210
The Batman,14211
Tokyo Vice,14212
We Own This City,14213
Our Flag Means Death,14214
Death on the Nile,14215
Julia,14216
The Staircase,14217
Dune,14218
Winning Time: The Rise of the Lakers Dynasty,14219
Minx,14220
Made For Love,14221
Hacks,14222
The Gilded Age,14223
The Baby,14224
Drive My Car,14225
Nightmare Alley,14226
The Matrix Resurrections,14227
Nobody,14228
Station Eleven,14229
The French Dispatch,14230
Dear Evan Hansen,14231
King Richard,14232
The King's Man,14233
The Invisible Pilot,14234
The Survivor,14235
Peacemaker,14236
The Last Duel,14237
The Tourist,14238
The Forever Purge,14239
Superman & Lois,14240
The Eyes of Tammy Faye,14241
The White Lotus,14242
"The Way Down: God, Greed, and the Cult of Gwen Shamblin",14243
Mare of Easttown,14244
Somebody Somewhere,14245
Starstruck,14246
Blade Runner: Black Lotus,14247
Tony Hawk: Until the Wheels Fall Off,14248
Hitman's Wife's Bodyguard,14249
F9,14250
Kimi,14251
Antlers,14252
In the Heights,14253
Moonshot,14254
Walker,14255
DMZ,14256
Jerrod Carmichael: Rothaniel,14257
Malignant,14258
The Suicide Squad,14259
Not So Pretty,14260
The Thaw,14261
Halloween Kills,14262
Kung Fu,14263
Landscapers,14264
It's a Sin,14265
The Sex Lives of College Girls,14266
Spring Awakening: Those You've Known,14267
Scenes from a Marriage,14268
Zack Snyder's Justice League,14269
The Nevers,14270
Shiva Baby,14271
Godzilla vs. Kong,14272
Brené Brown: Atlas of the Heart,14273
Language Lessons,14274
The Informant,14275
No Sudden Move,14276
Judas and the Black Messiah,14277
The Fallout,14278
The Many Saints of Newark,14279
Reminiscence,14280
And Just Like That...,14281
The Crime of the Century,14282
The Girl Before,14283
Catwoman: Hunted,14284
Mortal Kombat,14285
Phoenix Rising,14286
Chad,14287
100 Foot Wave,14288
Tokyo Revengers,14289
The Little Things,14290
Cry Macho,14291
"Batman: The Long Halloween, Part One",14292
Bill Maher: #Adulting,14293
The Conjuring: The Devil Made Me Do It,14294
Harry Potter 20th Anniversary: Return to Hogwarts,14295
Undercurrent: The Disappearance of Kim Wall,14296
Space Jam: A New Legacy,14297
Those Who Wish Me Dead,14298
Harry Potter: Hogwarts Tournament of Houses,14299
Gaming Wall St,14300
Injustice,14301
Fantastic Beasts: A Natural History,14302
To Your Eternity,14303
Q: Into the Storm,14304
Brothers by Blood,14305
Fast Foodies,14306
Street Gang: How We Got to Sesame Street,14307
Trinity of Shadows,14308
"If I Can't Have Love, I Want Power",14309
8-Bit Christmas,14310
"What Happened, Brittany Murphy?",14311
Voyagers,14312
Locked Down,14313
Land,14314
Life of Crime: 1984-2020,14315
When We Were Bullies,14316
Jagged,14317
Friends: The Reunion,14318
Theodosia,14319
Oslo,14320
Game Theory with Bomani Jones,14321
"Batman: The Long Halloween, Part Two",14322
One Perfect Shot,14323
Sort Of,14324
Exterminate All the Brutes,14325
Batman: Soul of the Dragon,14326
"Woodstock 99: Peace, Love, and Rage",14327
The Murders at Starved Rock,14328
The Lady and the Dale,14329
Finding Magic Mike,14330
Limbo,14331
Four Hours at the Capitol,14332
Go-Big Show,14333
Tsukimichi -Moonlit Fantasy-,14334
In the Same Breath,14335
Mecha Builders,14336
Allen v. Farrow,14337
FBOY Island,14338
Tom & Jerry,14339
Gossip Girl,14340
Justice Society: World War II,14341
El Planeta,14342
Listening to Kenny G,14343
Queen Stars Brazil,14344
South ParQ: Vaccination Special,14345
Generation Hustle,14346
Ruxx,14347
Beanie Mania,14348
Painting With John,14349
That Damn Michael Che,14350
Kamikaze,14351
Paradise,14352
Mortal Kombat Legends: Battle of the Realms,14353
Genera+ion,14354
Jellystone,14355
Take Out with Lisa Ling,14356
The Garcias,14357
TINA,14358
Adrienne,14359
Aquaman: King of Atlantis,14360
Isabel,14361
Boogie,14362
Ten Year Old Tom,14363
Marlon Wayans Presents: The Headliners,14364
Gensan Punch,14365
Love and Baseball,14366
The Intruder,14367
Czech It Out!,14368
The Super Bob Einstein Movie,14369
Earwig and the Witch,14370
Thousand Fangs,14371
Dodo,14372
Euphoria: F*ck Anyone Who’s Not A Sea Blob,14373
Las Bravas F.C.,14374
Icahn: The Restless Billionaire,14375
On the Job,14376
About Last Night,14377
The Slow Hustle,14378
We Baby Bears,14379
Santa Inc.,14380
A Forbidden Orange,14381
Traffickers: Inside the Golden Triangle,14382
Moses Storm: Trash White,14383
The Mopes,14384
Juice WRLD: Into the Abyss,14385
Tom and Jerry in New York,14386
The Last Cruise,14387
Birdgirl,14388
The Prince,14389
Frederick Douglass: In Five Speeches,14390
Para - We Are King,14391
Mr. Saturday Night,14392
The Killing of Kenneth Chamberlain,14393
Rhodes to the Top,14394
Batman: The Audio Adventures,14395
Fake Famous,14396
The Republic of Sarah,14397
How to Survive a Pandemic,14398
Obama: In Pursuit of a More Perfect Union,14399
Crabs in a Barrel,14400
Tig Notaro: Drawn,14401
"My Mom, Your Dad",14402
"Pray, Obey, Kill",14403
15 Minutes of Shame,14404
A Cinderella Story: Starstruck,14405
Teenage Euthanasia,14406
PAUSE with Sam Jay,14407
Catch and Kill: The Podcast Tapes,14408
DMX: Don't Try to Understand,14409
Dear Rider: The Jake Burton Story,14410
The American Guest,14411
All That Glitters: Britain's Next Jewellery Star,14412
Backyard Bar Wars,14413
"Bilardo, the Soccer Doctor",14414
Carole King & James Taylor: Just Call Out My Name,14415
The Hype,14416
The Forever Prisoner,14417
Chillin Island,14418
Wahl Street,14419
Black and Missing,14420
Queer You Are,14421
Terry Bradshaw: Going Deep,14422
Dafne and the Rest,14423
A Choice of Weapons: Inspired by Gordon Parks,14424
This Is Not a War Story,14425
Ancient Engineering,14426
NYC Epicenters 9/11➔2021½,14427
Welcome to Utmark,14428
Betrayal at Attica,14429
Brie's Bake Off Challenge,14430
Mamá o papá,14431
Hard Knocks In Season: The Indianapolis Colts,14432
Vlad & Niki,14433
And Just Like That… The Documentary,14434
Drew Michael: Red Blue Green,14435
Small Town News: KPVM Pahrump,14436
Dreamland: The Burning of Black Wall Street,14437
Persona: The Dark Truth Behind Personality Tests,14438
LFG,14439
Namoo,14440
Head of the Class,14441
Amongst Men,14442
Elliott from Earth,14443
40 Means Nothing,14444
Baketopia,14445
Astral Journey,14446
The Beauty of Blackness,14447
Love Spells,14448
Sandy + Chef,14449
Fireboys,14450
At the Ready,14451
Rap Battlefield,14452
Simple As Water,14453
Ellen's Next Great Designer,14454
"There Is No ""I"" in Threesome",14455
Women Is Losers,14456
Our Towns,14457
Dolores: The Truth About the Wanninkhof Case,14458
2021 Rock & Roll Hall of Fame Induction Ceremony,14459
The Day Sports Stood Still,14460
The Legend of the Underground,14461
Level Playing Field,14462
Black Art: In the Absence of Light,14463
Hood River,14464
The Price of Freedom,14465
The Event,14466
A Costume for Nicolas,14467
Os Ausentes,14468
The Méliès Mystery,14469
El cuartito,14470
Ricky Velez: Here's Everything,14471
Reign of the Superwomen,14472
Ancient Yellowstone,14473
Swimsuit,14474
Pure,14475
Through Our Eyes,14476
Hotel Coppelia,14477
Insecure: The End,14478
Eyes on the Prize: Hallowed Ground,14479
Sweet Life: Los Angeles,14480
The Big Shot with Bethenny,14481
Big Trick Energy,14482
Little Ellen,14483
The Runaway Bunny,14484
Lucy the Human Chimp,14485
Aida Rodriguez: Fighting Words,14486
Juan Luis Guerra 4.40: Entre Mar y Palmeras,14487
Cracked,14488
Covid Diaries NYC,14489
One True Singer,14490
Romeo Santos: King of Bachata,14491
Deep Down,14492
"Phoebe Robinson: Sorry, Harriet Tubman",14493
Goyo: En Letra de Otro,14494
"Diego, The Last Goodbye",14495
Single Mother by Choice,14496
4th and Forever: Alcoa,14497
When the Sun Sets,14498
Doug to the Rescue,14499
Mass Ave,14500
The Snakes,14501
Juanpa + Chef,14502
Who's By Your Side,14503
Reefa,14504
Shadows,14505
Breathless,14506
Neh,14507
Havana Street Party Presents: Beatriz Luengo,14508
Comedy Chingonas,14509
Furry Friends Forever: Elmo Gets a Puppy,14510
Reopening Night,14511
Oscar Micheaux - The Superhero of Black Filmmaking,14512
Marlon Wayans: You Know What It Is,14513
Ahir Shah: Dots,14514
Generation Why?,14515
Double Cross with Blake Griffin,14516
Sër Bi,14517
Romeo Santos: Utopia Live from MetLife Stadium,14518
Algo Azul,14519
Entre Nos: What She Said,14520
Entre Nos: The Winners 2,14521
The Infamous Future,14522
Five Came Back: The Reference Films,14523
Taxi Driver,14524
Deliverance,14525
Monty Python and the Holy Grail,14526
The Dirty Dozen,14527
Monty Python's Flying Circus,14528
Life of Brian,14529
Dirty Harry,14530
Bonnie and Clyde,14531
The Blue Lagoon,14532
The Guns of Navarone,14533
The Professionals,14534
Richard Pryor: Live in Concert,14535
White Christmas,14536
Cairo Station,14537
Hitler: A Career,14538
FTA,14539
Alexandria… Why?,14540
The Land,14541
Dostana,14542
Saladin the Victorious,14543
Alibaba Aur 40 Chor,14544
The Blazing Sun,14545
Dark Waters,14546
We Are All for the Fatherland,14547
Singapore,14548
Monty Python's Fliegender Zirkus,14549
"Beirut, Oh Beirut",14550
The Return of the Prodigal Son,14551
Khoon Khoon,14552
Manoranjan,14553
Ujala,14554
Whispers,14555
Chadi Jawani Budhe Nu,14556
Bandie,14557
Seinfeld,14558
Full Metal Jacket,14559
Once Upon a Time in America,14560
When Harry Met Sally...,14561
Steel Magnolias,14562
Police Academy,14563
Christine,14564
Knight Rider,14565
Thomas & Friends,14566
Saved by the Bell,14567
Awakenings,14568
Wheel of Fortune,14569
National Lampoon's Christmas Vacation,14570
Eddie Murphy Raw,14571
She's Gotta Have It,14572
Major Dad,14573
Endless Love,14574
Danger Mouse,14575
Vaashi,14576
Mobile Suit Gundam: Char's Counterattack,14577
Mobile Suit Gundam II: Soldiers of Sorrow,14578
Fireman Sam,14579
Sam Kinison: Breaking the Rules,14580
Waiting for the Hearse,14581
Mobile Suit Gundam III: Encounters in Space,14582
Monty Python Live at the Hollywood Bowl,14583
Disco Dancer,14584
Agneepath,14585
Parrot Sketch Not Included: Twenty Years of Monty Python,14586
Too Young The Hero,14587
A Stoning in Fulham County,14588
The Ryan White Story,14589
Dil,14590
Adam: His Song Continues,14591
The George McKenna Story,14592
In Defense of a Married Man,14593
Mujrim,14594
Aakhri Adaalat,14595
"Alexandria, Again and Forever",14596
Duniya,14597
Strange Voices,14598
Jaal,14599
Quiet Victory: The Charlie Wedemeyer Story,14600
High Risk,14601
Muqaddar Ka Faisla,14602
Pyar Ke Do Pal,14603
Sohni Mahiwal,14604
Ek Jaan Hain Hum,14605
An Egyptian Story,14606
The Little Wars,14607
Unspeakable Acts,14608
Mission: Impossible,14609
Stargate SG-1,14610
Se7en,14611
Pokémon,14612
Forrest Gump,14613
Snatch,14614
The Talented Mr. Ripley,14615
One Piece,14616
The Challenge,14617
Cowboy Bebop,14618
Starship Troopers,14619
Mission: Impossible II,14620
Neon Genesis Evangelion,14621
Gattaca,14622
Léon: The Professional,14623
Gilmore Girls,14624
Natural Born Killers,14625
The Quick and the Dead,14626
You've Got Mail,14627
Power Rangers,14628
Big Daddy,14629
Vampires,14630
Yu-Gi-Oh!,14631
Donnie Brasco,14632
The Magic School Bus,14633
Goosebumps,14634
InuYasha,14635
A River Runs Through It,14636
"Girl, Interrupted",14637
Last Action Hero,14638
All That,14639
My Girl,14640
Wyatt Earp,14641
Eraser,14642
Neon Genesis Evangelion: The End of Evangelion,14643
Vegas Vacation,14644
In the Line of Fire,14645
Little Women,14646
U.S. Marshals,14647
Barney & Friends,14648
Anaconda,14649
Kenan & Kel,14650
The Replacements,14651
Seven Years in Tibet,14652
The Net,14653
Cliffhanger,14654
Menace II Society,14655
Johnny Mnemonic,14656
3 Ninjas Kick Back,14657
Edge of Seventeen,14658
My First Errand,14659
The Devil's Own,14660
Cardcaptor Sakura,14661
Spawn,14662
Adventures of Sonic the Hedgehog,14663
Croupier,14664
Girlfriends,14665
The Next Karate Kid,14666
Geronimo: An American Legend,14667
Double Team,14668
Heavy,14669
The Players Club,14670
The Parkers,14671
Heartbreak High,14672
Oggy and the Cockroaches,14673
Kuch Kuch Hota Hai,14674
Children of God,14675
Knight Rider 2000,14676
Okupas,14677
Hum Aapke Hain Koun..!,14678
Dil Se..,14679
Jerry Seinfeld: I'm Telling You for the Last Time,14680
H,14681
Sankofa,14682
Herod's Law,14683
Wild Tango,14684
The Last Days,14685
Sam Kinison: Live in Vegas,14686
Bombay,14687
Escalona,14688
Mann,14689
Soldier,14690
Sam Kinison: Family Entertainment Hour,14691
Sinbad: Son of a Preacher Man,14692
Damini,14693
Hum Saath Saath Hain,14694
Destiny,14695
Chronicle of a Disappearance,14696
Muthu,14697
Jeans,14698
Monty Python: Live at Aspen,14699
Minsara Kanavu,14700
Avvai Shanmugi,14701
Anjaam,14702
A Triumph of the Heart: The Ricky Bell Story,14703
Phir Bhi Dil Hai Hindustani,14704
Children of Shatila,14705
West Beirut,14706
Govindha Govindha,14707
Out of Life,14708
Gumrah,14709
Sinbad: Nothin' but the Funk,14710
Sinbad: Afros and Bellbottoms,14711
Fiza,14712
Before the Flying Circus,14713
The Other,14714
Yodha,14715
The Emigrant,14716
Hello Brother,14717
Dushmani,14718
One Last Shot,14719
Nightmare in Columbia County,14720
Have You Ever Seen Fireflies? - Theatre Play,14721
Shikari,14722
Breaking Bad,14723
The Walking Dead,14724
Supernatural,14725
The Mist,14726
Mean Girls,14727
The Great British Baking Show,14728
30 Rock,14729
Borgen,14730
Catch Me If You Can,14731
Grey's Anatomy,14732
Arrested Development,14733
Heartland,14734
The Staircase,14735
Old School,14736
NCIS,14737
Avatar: The Last Airbender,14738
Anchorman: The Legend of Ron Burgundy,14739
Friday Night Lights,14740
The IT Crowd,14741
Inception,14742
The Spectacular Spider-Man,14743
The Departed,14744
Zoey 101,14745
War of the Worlds,14746
DEATH NOTE,14747
The Vampire Diaries,14748
Naruto,14749
Wanted,14750
Casino Royale,14751
My Little Pony: Friendship Is Magic,14752
The Terminal,14753
Michael Clayton,14754
Road to Perdition,14755
Victorious,14756
Big Fish,14757
The Hurt Locker,14758
Troy,14759
Sherlock Holmes,14760
Trailer Park Boys,14761
Love Actually,14762
Get Smart,14763
Quantum of Solace,14764
The Blind Side,14765
Apocalypse Now Redux,14766
Identity,14767
I Am Legend,14768
The Fairly OddParents,14769
Grown Ups,14770
The Girl Next Door,14771
Ned's Declassified School Survival Guide,14772
Public Enemies,14773
Not Another Teen Movie,14774
Blow,14775
Hancock,14776
iCarly,14777
The Pursuit of Happyness,14778
Monster,14779
Rambo,14780
Something's Gotta Give,14781
Harold & Kumar Go to White Castle,14782
Thir13en Ghosts,14783
Merlin,14784
Transformers: Prime,14785
Cloudy with a Chance of Meatballs,14786
The Mole,14787
Offspring,14788
Halloween,14789
Code Geass: Lelouch of the Rebellion,14790
Jackass: The Movie,14791
The Lake House,14792
The Girl Next Door,14793
The Book of Eli,14794
Blood Diamond,14795
Just Like Heaven,14796
Ip Man,14797
21,14798
Gurren Lagann,14799
Let Me In,14800
Dead Set,14801
Winx Club,14802
Miss Congeniality 2: Armed and Fabulous,14803
The Bucket List,14804
Octonauts,14805
Sonic X,14806
Scary Movie 4,14807
The Sweetest Thing,14808
How Do You Know,14809
Mr. Bean's Holiday,14810
The Interpreter,14811
John Q,14812
3 Idiots,14813
The One,14814
H2O: Just Add Water,14815
The Texas Chainsaw Massacre,14816
Still Game,14817
The Cat in the Hat,14818
Tears of the Sun,14819
Due Date,14820
Black Butler,14821
Blood and Bone,14822
The 4400,14823
The Men Who Stare at Goats,14824
Strawberry Shortcake,14825
Cleaner,14826
Big Time Rush,14827
Monster House,14828
Good Luck Chuck,14829
"10,000 BC",14830
Cop Out,14831
The Cave,14832
Starsky & Hutch,14833
New York Minute,14834
Rumor Has It...,14835
Comedian,14836
Catch and Release,14837
Midnight Diner,14838
Lagaan: Once Upon a Time in India,14839
Total Drama Island,14840
Kath & Kim,14841
No Direction Home: Bob Dylan,14842
Friends with Money,14843
Ip Man 2,14844
Life As We Know It,14845
Death at a Funeral,14846
Dreamer: Inspired By a True Story,14847
Jackass 2.5,14848
Premonition,14849
Metallica: Some Kind of Monster,14850
The Texas Chainsaw Massacre: The Beginning,14851
The Contractor,14852
Ouran High School Host Club,14853
Masha and the Bear,14854
Louis C.K.: Hilarious,14855
Mobile Suit Gundam Unicorn,14856
Wakfu,14857
Deck the Halls,14858
Takers,14859
Vampire Knight,14860
Like Stars on Earth,14861
Did You Hear About the Morgans?,14862
Stuart Little 2,14863
Ben & Holly's Little Kingdom,14864
Half Past Dead,14865
Code Lyoko,14866
DreamWorks Shrek's Swamp Stories,14867
Christmas with the Kranks,14868
The Game,14869
Monty Python: Almost the Truth (The Lawyer's Cut),14870
Alpha and Omega,14871
Pororo the Little Penguin,14872
Den-noh Coil,14873
Open Season 2,14874
Initial D,14875
Naruto Shippuden the Movie,14876
Gifted Hands: The Ben Carson Story,14877
The Legend of the Nahuala,14878
One Piece: Strong World,14879
Chaos,14880
Waist Deep,14881
Zig and Sharko,14882
Trailer Park Boys: The Movie,14883
Johnny Test,14884
Tito,14885
Even the Rain,14886
Katt Williams: The Pimp Chronicles Pt. 1,14887
Bo on the Go!,14888
Udaan,14889
Om Shanti Om,14890
Trailer Park Boys: Countdown to Liquor Day,14891
Kabhi Khushi Kabhie Gham,14892
Kal Ho Naa Ho,14893
Jab We Met,14894
From Within,14895
Black Friday,14896
Kung Fu Panda Awesome Secrets,14897
Jodhaa Akbar,14898
Dinosaur King,14899
"Cairo 6,7,8",14900
Zach Galifianakis: Live at the Purple Onion,14901
First Sunday,14902
El Escamoso,14903
Inuyasha the Movie: Affections Touching Across Time,14904
Swades,14905
Bon Cop Bad Cop,14906
Horrid Henry,14907
The Boy Who Cried Werewolf,14908
Rang De Basanti,14909
The Mafia Dolls,14910
Vientos de agua,14911
Timmy Time,14912
Iris,14913
Guru,14914
Welcome,14915
Jim Gaffigan: King Baby,14916
Dil Chahta Hai,14917
Anbe Sivam,14918
Tony Manero,14919
A Lion in the House,14920
Bleach the Movie: Fade to Black,14921
Delta Farce,14922
My Suicide,14923
Phir Hera Pheri,14924
Naruto Shippuden the Movie: The Lost Tower,14925
Divine Intervention,14926
Da Kath & Kim Code,14927
Trotro,14928
Kevin Hart: I'm a Grown Little Man,14929
Bleach the Movie: Hell Verse,14930
Naruto Shippuden the Movie: Bonds,14931
Chup Chup Ke,14932
Naruto Shippuden the Movie: The Will of Fire,14933
Fashion,14934
Arahan,14935
DreamWorks Spooky Stories,14936
Oscar's Oasis,14937
Whisky,14938
Ajab Prem Ki Ghazab Kahani,14939
Te quiero,14940
Doing Hard Time,14941
Sir! No Sir!,14942
Race,14943
Sivaji: The Boss,14944
Inuyasha the Movie 2: The Castle Beyond the Looking Glass,14945
Interview with a Serial Killer,14946
Edge of the Universe,14947
G.O.R.A.,14948
Guzaarish,14949
Dreamworks Happy Holidays from Madagascar,14950
Raajneeti,14951
Monty Python Conquers America,14952
Jaane Tu... Ya Jaane Na,14953
Accident,14954
Chalte Chalte,14955
Naruto: Ninja Clash in the Land of Snow,14956
Taxi No. 9 2 11,14957
Yuva,14958
Cocaine,14959
The Cartel,14960
Wake Up Sid,14961
"One Piece: Episode of Chopper Plus: Bloom in the Winter, Miracle Cherry Blossom",14962
Awara Paagal Deewana,14963
The Blue Umbrella,14964
Naruto: Guardians of the Crescent Moon Kingdom,14965
Ishqiya,14966
Life in a Metro,14967
Nuevo Rico Nuevo Pobre,14968
Monty Python's Personal Best,14969
I Hate Luv Storys,14970
Main Hoon Na,14971
Billu,14972
Paheli,14973
"LSD: Love, Sex aur Dhokha",14974
One Piece: The Desert Princess and the Pirates: Adventure in Alabasta,14975
Break Ke Baad,14976
Kaminey,14977
Fuga,14978
Zozo,14979
Luck by Chance,14980
Trailer Park Boys: Say Goodnight to the Bad Guys,14981
Chhota Bheem,14982
Naruto: Legend of the Stone of Gelel,14983
Manorama Six Feet Under,14984
Dhobi Ghat,14985
Inuyasha the Movie 4: Fire on the Mystic Island,14986
Fated to Love You,14987
Dev.D,14988
Karthik Calling Karthik,14989
Dostana,14990
Behind Enemy Lines,14991
A Lion in the House,14992
Romantik Komedi,14993
Kurbaan,14994
Pecados capitales,14995
Once Upon a Time in Mumbaai,14996
Delhi-6,14997
Inuyasha the Movie 3: Swords of an Honorable Ruler,14998
Bluffmaster!,14999
Golmaal Returns,15000
Oye Lucky! Lucky Oye!,15001
Kaal,15002
Shootout at Lokhandwala,15003
Kannathil Muthamittal,15004
Madness in the Desert,15005
Einsatzgruppen: The Nazi Death Squads,15006
What's Your Raashee?,15007
Kyaa Kool Hai Hum,15008
My Führer,15009
Splatter,15010
Eternal Summer,15011
The Ultimatum,15012
The Figurine (Araromire),15013
Jim Gaffigan: Beyond the Pale,15014
Mumbai Meri Jaan,15015
Spookley the Square Pumpkin,15016
Kevin James: Sweat the Small Stuff,15017
Mukhsin,15018
This Is the Life,15019
The Unjust,15020
The Trailer Park Boys Xmas Special,15021
C Kkompany,15022
Bosta,15023
Osuofia in London,15024
Linewatch,15025
We Are Family,15026
Love in a Puff,15027
The Qin Empire,15028
Lakshya,15029
Thomas & Friends: Thomas and the Jet Engine,15030
At Dolphin Bay,15031
El cartel 2 - La guerra total,15032
Cocomong,15033
Agyaat,15034
Vizontele,15035
Do Dooni Chaar,15036
Welcome to Sajjanpur,15037
Peepli Live,15038
The Legend of Bhagat Singh,15039
Khawatir,15040
Banyuki,15041
Main Aurr Mrs Khanna,15042
Ishq Vishk,15043
Kismat Konnection,15044
Twins Mission,15045
Frank & Cindy,15046
Salt of This Sea,15047
Apaharan,15048
Gangaajal,15049
Laugh Out Loud,15050
The Fierce Wife,15051
Ijé: The Journey,15052
Wedding Planner,15053
Harishchandrachi Factory,15054
Sergio,15055
The Kite,15056
Beast Stalker,15057
Aamir,15058
The Hospital,15059
Chhota Bheem Aur Krishna,15060
Palermo Hollywood,15061
Connected,15062
EMI,15063
Autumn's Concerto,15064
Kucch To Hai,15065
Fida,15066
Breakout,15067
My Amnesia Girl,15068
Pink Zone,15069
Krishna Cottage,15070
Mission Istaanbul,15071
Black & White,15072
Under the Bombs,15073
Kyo Kii... Main Jhuth Nahin Bolta,15074
The Prince Who Turns into a Frog,15075
Old Thieves: The Legend of Artegio,15076
Stray Bullet,15077
Well Done Abba,15078
Kisaan,15079
Once a Gangster,15080
Perazhagan,15081
Together,15082
"Do Paise Ki Dhoop, Chaar Aane Ki Baarish",15083
Pomegranates and Myrrh,15084
Kuselan,15085
Chance Pe Dance,15086
Dhan Dhana Dhan Goal,15087
Aagey Se Right,15088
Falafel,15089
Hattrick,15090
My MVP Valentine,15091
Like Twenty Impossibles,15092
Look for a Star,15093
Koi Aap Sa,15094
Unriddle,15095
Talentime,15096
The Family Court,15097
Dhoondte Reh Jaaoge,15098
A Very Special Love,15099
Chhota Bheem & Krishna: Pataliputra- City of the Dead,15100
Ezra,15101
Mighty Raju,15102
Frontiers of Dreams and Fears,15103
A Love Story,15104
Le Robe De Mariage Des Cieux,15105
Bheem vs Aliens,15106
The Truth,15107
Tango with Me,15108
To and from New York,15109
Osuofia in London 2,15110
Brother's Shadow,15111
Rabun,15112
Shameless,15113
Zero Dark Thirty,15114
The Amazing Spider-Man,15115
Teenage Mutant Ninja Turtles,15116
The Dark Knight Rises,15117
Mission: Impossible - Ghost Protocol,15118
New Girl,15119
Call the Midwife,15120
Black Mirror,15121
Margin Call,15122
Django Unchained,15123
Longmire,15124
Hunter x Hunter,15125
Ink Master,15126
Les Misérables,15127
Argo,15128
Last Tango in Halifax,15129
JoJo's Bizarre Adventure,15130
Kung Fu Panda 2,15131
Contagion,15132
Arrow,15133
Ninjago: Masters of Spinjitzu,15134
Sword Art Online,15135
The Legend of Korra,15136
Sherlock Holmes: A Game of Shadows,15137
Contraband,15138
Savages,15139
The Borgias,15140
Comedians in Cars Getting Coffee,15141
Top Boy,15142
Dark Shadows,15143
Total Recall,15144
Transformers: Rescue Bots,15145
Lilyhammer,15146
The Smurfs,15147
Soul Surfer,15148
LOL,15149
Unknown,15150
Rise of the Guardians,15151
Teen Mom 2,15152
Here Comes the Boom,15153
Berserk: The Golden Age Arc I - The Egg of the King,15154
Blue Exorcist,15155
MeatEater,15156
X-Men,15157
Cuckoo,15158
Rurouni Kenshin Part I: Origins,15159
Everything Must Go,15160
Silenced,15161
Rita,15162
Larva,15163
My Babysitter's a Vampire,15164
Jackass 3.5,15165
Pablo Escobar: The Drug Lord,15166
Magi,15167
Barbie: Life in the Dreamhouse,15168
Kuroko's Basketball,15169
Hostel: Part III,15170
The Rite,15171
Quartet,15172
Arthur Christmas,15173
John Mulaney: New in Town,15174
Wolverine,15175
Hop,15176
Red Riding Hood,15177
The History of Future Folk,15178
A Very Harold & Kumar Christmas,15179
Escape from Planet Earth,15180
La Reina del Sur,15181
One Piece Film: Z,15182
TIGER & BUNNY,15183
Bully,15184
"Chaos, Disorder",15185
Sebastian Maniscalco: What's Wrong with People?,15186
Inborn Pair,15187
Smile PreCure!,15188
Singham,15189
EastSiders,15190
Robocar Poli,15191
Berserk: The Golden Age Arc II - The Battle for Doldrey,15192
Zindagi Na Milegi Dobara,15193
LEGO Friends,15194
Sleepless Nights,15195
What About Dick?,15196
Inventing David Geffen,15197
Little Baby Bum,15198
Outback Truckers,15199
A Princess for Christmas,15200
Middle of Nowhere,15201
Donald Glover: Weirdo,15202
LEGO City,15203
Inside West Coast Customs,15204
Delhi Belly,15205
Undefeated,15206
Barfi!,15207
6 Bullets,15208
7 Khoon Maaf,15209
Naruto Shippuden the Movie: Blood Prison,15210
The Trial of Adolf Eichmann,15211
Don't Go Breaking My Heart,15212
Jim Gaffigan: Mr. Universe,15213
A Second Chance,15214
Big Time Movie,15215
Paan Singh Tomar,15216
Sniper: Reloaded,15217
Shor in the City,15218
FRED 3: Camp Fred,15219
Pyaar Ka Punchnama,15220
El Reemplazante,15221
Chillar Party,15222
Talaash,15223
Coming Forth by Day,15224
The Great Magician,15225
Arjun: The Warrior Prince,15226
Toll Booth,15227
No One Killed Jessica,15228
Justin Time,15229
Ferrari Ki Sawaari,15230
Tiger & Bunny: The Beginning,15231
Meet the Adebanjos,15232
Masameer,15233
The Dirty Picture,15234
The Ultimate Braai Master,15235
Kath & Kimderella,15236
Rowdy Rathore,15237
OMG: Oh My God!,15238
Ek Main Aur Ekk Tu,15239
A Beautiful Life,15240
Mugamoodi,15241
Game,15242
Bodyguard,15243
Material,15244
Kyaa Super Kool Hain Hum,15245
Players,15246
Aiyyaa,15247
Office Girls,15248
Tere Naal Love Ho Gaya,15249
Ragini MMS,15250
The Glamorous Imperial Concubine,15251
Grandmaster,15252
26 Years,15253
Michael,15254
"All's Well, Ends Well",15255
Heroine,15256
Lavell Crawford: Can a Brother Get Some Love?,15257
Kalakalappu,15258
Chhota Bheem & Krishna in Mayanagari,15259
Chhota Bheem In Dholakpur to Kathmandu,15260
Drunken to Love You,15261
An Elf's Story,15262
Bbuddah Hoga Terra Baap,15263
Luv Shuv Tey Chicken Khurana,15264
Bwakaw,15265
Blood Money,15266
Shaitan,15267
Department,15268
Masha's tales,15269
Asmaa,15270
The Oath,15271
Thaandavam,15272
Chota Bheem Aur Ganesh in the Amazing Odyssey,15273
Question Mark,15274
Chhota Bheem: Journey to Petra,15275
Husbands in Goa,15276
Chhota Bheem and the Broken Amulet,15277
Takki,15278
Blitz Patrollie,15279
Moshe Kasher: Live in Oakland,15280
The Mistress,15281
The Rise of Kirmada,15282
Vettai,15283
Muran,15284
A World Not Ours,15285
Zokkomon,15286
My Friend Pinto,15287
Taxi Ballad,15288
Here Comes the Rain,15289
One More Try,15290
Chhota Bheem Master of Shaolin,15291
No Other Woman,15292
The In-Laws,15293
Sisterakas,15294
Yours Fatefully,15295
"Love, Now",15296
Phone Swap,15297
"Darling, Something's Wrong with Your Head",15298
Peaky Blinders,15299
Outlander,15300
Attack on Titan,15301
The Originals,15302
The Blacklist,15303
Married at First Sight,15304
The Flash,15305
Paddington,15306
Reign,15307
It Follows,15308
The Imitation Game,15309
The 100,15310
Rush,15311
Nightcrawler,15312
Are You The One?,15313
St. Vincent,15314
The Conjuring,15315
Gotham,15316
How to Train Your Dragon 2,15317
Oldboy,15318
House of Cards,15319
Big Eyes,15320
Begin Again,15321
How to Get Away with Murder,15322
BoJack Horseman,15323
Olympus Has Fallen,15324
Madam Secretary,15325
Dark Skies,15326
Jane the Virgin,15327
Henry Danger,15328
Insidious: Chapter 2,15329
Creep,15330
Barefoot,15331
Orange Is the New Black,15332
The Giver,15333
The Thundermans,15334
Wentworth,15335
Mandela: Long Walk to Freedom,15336
Z Nation,15337
The Green Inferno,15338
Empire State,15339
Penguins of Madagascar,15340
Marco Polo,15341
A Walk Among the Tombstones,15342
The Call,15343
Scary Movie 5,15344
From Dusk Till Dawn: The Series,15345
Sofia the First,15346
Philomena,15347
Redemption,15348
Seventh Son,15349
The Seven Deadly Sins,15350
The Butler,15351
Sam & Cat,15352
Texas Chainsaw 3D,15353
Cloudy with a Chance of Meatballs 2,15354
Metallica: Through the Never,15355
Derek,15356
Young & Hungry,15357
Mr. Peabody & Sherman,15358
Sailor Moon Crystal,15359
The Frozen Ground,15360
Lovesick,15361
Shrek the Musical,15362
The Railway Man,15363
Velvet,15364
Tiny House Nation,15365
Get on Up,15366
Angry Birds Toons,15367
Shtisel,15368
Hemlock Grove,15369
Rabbids Invasion,15370
Who Am I,15371
Zach Stone Is Gonna Be Famous,15372
The Irregular at Magic High School,15373
Resurrection: Ertugrul,15374
The Battered Bastards of Baseball,15375
The Next Step,15376
Walk of Shame,15377
Cowspiracy: The Sustainability Secret,15378
The Smurfs 2,15379
"I, Frankenstein",15380
"Nicky, Ricky, Dicky & Dawn",15381
The November Man,15382
PK,15383
The Cat in the Hat Knows a Lot About That!,15384
Dreamworks How to Train Your Dragon Legends,15385
The Heirs,15386
Bonnie & Clyde,15387
Bill Burr: I'm Sorry You Feel That Way,15388
Copenhagen,15389
Mako: Island of Secrets,15390
Black Ink Crew New York,15391
Thanks for Sharing,15392
Queen,15393
Talking Tom and Friends,15394
The Haunted Hathaways,15395
Virunga,15396
Jackass Presents: Bad Grandpa .5,15397
Nagi-Asu: A Lull in the Sea,15398
Mike Birbiglia: My Girlfriend's Boyfriend,15399
Effie Gray,15400
Elena,15401
The Haunting in Connecticut 2: Ghosts of Georgia,15402
Pac-Man and the Ghostly Adventures,15403
The Nut Job,15404
Yowamushi Pedal,15405
Ever After High,15406
Dérapages,15407
Senora Acero,15408
Lalaloopsy,15409
Haider,15410
Omar,15411
We Steal Secrets: The Story of WikiLeaks,15412
Search Party,15413
VeggieTales in the House,15414
Stand by Me Doraemon,15415
Black Money Love,15416
Berserk: The Golden Age Arc III - The Advent,15417
The Square,15418
2 States,15419
Moving Art,15420
Turbo FAST,15421
BoJack Horseman Christmas Special,15422
All Hail King Julien,15423
The Short Game,15424
Highway,15425
Jinxed,15426
Dragons: Dawn Of The Dragon Racers,15427
20 Minutes,15428
Dabbe: The Possession,15429
Ralphie May: Imperfectly Yours,15430
Mary Kom,15431
"The Other One: The Long, Strange Trip of Bob Weir",15432
Fukrey,15433
Free Birds,15434
Race 2,15435
Incomplete Life,15436
LEGO Marvel Super Heroes: Maximum Overload,15437
Birth Reborn,15438
The Berlin File,15439
Monty Python: The Meaning of Live,15440
Imperial Dreams,15441
Monty Python: Live (Mostly),15442
Dokidoki! PreCure,15443
Booba,15444
LEGO DC Comics Super Heroes: Batman Be-Leaguered,15445
Zbrodnia,15446
The Boss: Anatomy of a Crime,15447
"That Winter, the Wind Blows",15448
Once Upon a Time in Mumbai Dobaara!,15449
Jim Jefferies: Bare,15450
Pizza,15451
Boss,15452
Madras Cafe,15453
Dharmakshetra,15454
Masha's Spooky Stories,15455
Ankhon Dekhi,15456
Kai Po Che!,15457
Anjaan,15458
ABCD,15459
Blind Detective,15460
Satyagraha,15461
Buddies,15462
Khoobsurat,15463
Sammy & Co,15464
The Perfect Dictatorship,15465
Bride for Rent,15466
Selfie,15467
Chashme Baddoor,15468
Bombay Talkies,15469
Humpty Sharma Ki Dulhania,15470
Ragini MMS 2,15471
Mission Blue,15472
Chennai Express,15473
Silent,15474
The Meaning of Monty Python,15475
Saheb Biwi Aur Gangster Returns,15476
Raja Natwarlal,15477
My Beautiful Broken Brain,15478
Jim Gaffigan: Obsessed,15479
Eyes of a Thief,15480
Miss Granny,15481
Aziz Ansari: Buried Alive,15482
Print the Legend,15483
The Butterfly's Dream,15484
Tea Time,15485
Mitt,15486
Trailer Park Boys - Live in F**kin' Dublin,15487
Ungli,15488
From One Second to the Next,15489
"Raja, Rasoi Aur Anya Kahaniyaan",15490
Coming Soon,15491
Dazzling Mirage,15492
Boss & Me,15493
Born in Gaza,15494
Tiger & Bunny: The Rising,15495
My Own Man,15496
SDU: Sex Duties Unit,15497
City of God: 10 Years Later,15498
October 1,15499
The Amazing Praybeyt Benjamin,15500
Against the Tide,15501
Free to Play,15502
Inkaar,15503
Dabbe 5: Curse of the Jinn,15504
Diamonds in the Sky,15505
Chhota Bheem and the ShiNobi Secret,15506
Bhaji in Problem,15507
Dedh Ishqiya,15508
She's The One,15509
Wedding Association,15510
Chelsea Handler: Uganda Be Kidding Me Live,15511
Ghadi,15512
Swearnet: The Movie,15513
E-Team,15514
SampleThis,15515
El Mago Pop,15516
Ghanchakkar,15517
100 Things to Do Before High School,15518
Seven Souls in the Skull Castle,15519
Giraffada,15520
Pagpag: Siyam na Buhay,15521
Anaamika,15522
The Midas Touch,15523
Chhota Bheem in the Incan Adventure,15524
Mars at Sunrise,15525
It Takes a Man and a Woman,15526
Gori Tere Pyaar Mein,15527
What the Fish,15528
World at Your Feet,15529
A Place in the Stars,15530
Heritages,15531
Trailer Park Boys: Live at the North Pole,15532
One by Two,15533
Romantik Komedi 2: Bekarlığa Veda,15534
Two Fathers,15535
Chhota Bheem the Crown of Valhalla,15536
The Land of Cards,15537
Gollu Aur Pappu,15538
Bobby Jasoos,15539
Refugiado,15540
Chhota Bheem Aur Hanuman,15541
That Thing Called Tadhana,15542
Xenos,15543
Must Be... Love,15544
Motu Patlu in Wonderland,15545
She's Dating the Gangster,15546
Swearnet Live,15547
Himmatwala,15548
Chhota Bheem & Krishna vs Zimbara,15549
Theeya Velai Seiyyanum Kumaru,15550
A Fairly Odd Summer,15551
Deliha,15552
Chhota Bheem Neeli Pahaadi,15553
Four Sisters and a Wedding,15554
Cold Harbour,15555
Confusion Na Wa,15556
Flower Girl,15557
Blind Intersections,15558
Doctor Bello,15559
Chhota Bheem Dus pe Dus,15560
Sigaram Thodu,15561
Starting Over Again,15562
Naan Sigappu Manithan,15563
Motu Patlu: Deep Sea Adventure,15564
The War Against Women,15565
The Royal Bengal Tiger,15566
Settai,15567
Condom Lead,15568
Mystic Whispers,15569
Na Bangaaru Talli,15570
Wyatt Cenac: Brooklyn,15571
Mumbai Delhi Mumbai,15572
Ojo's in d' House,15573
Better Call Saul,15574
Alone,15575
Stranger Things,15576
Schitt's Creek,15577
The Good Place,15578
One-Punch Man,15579
Hunt for the Wilderpeople,15580
The Last Kingdom,15581
Food Wars! Shokugeki no Soma,15582
Hell or High Water,15583
The Crown,15584
Legend,15585
Blair Witch,15586
War Dogs,15587
Lucifer,15588
Forged in Fire,15589
The OA,15590
Blackhat,15591
The Take,15592
Nocturnal Animals,15593
Raw,15594
The Hateful Eight,15595
The Magicians,15596
Miraculous: Tales of Ladybug & Cat Noir,15597
Queen of the South,15598
Grace and Frankie,15599
Designated Survivor,15600
Slasher,15601
60 Days In,15602
Fauda,15603
Call My Agent!,15604
Travelers,15605
Pan,15606
The Gift,15607
Wild Card,15608
Medici: Masters of Florence,15609
Leah Remini: Scientology and the Aftermath,15610
Bloodline,15611
Crazy Ex-Girlfriend,15612
Narcos,15613
DC's Legends of Tomorrow,15614
Norsemen,15615
Shooter,15616
Marcella,15617
Into the Badlands,15618
"Hail, Caesar!",15619
Scream: The TV Series,15620
iZombie,15621
Crimson Peak,15622
Supergirl,15623
Sense8,15624
Bāhubali: The Beginning,15625
Kim's Convenience,15626
Ouija: Origin of Evil,15627
Wynonna Earp,15628
Unbreakable Kimmy Schmidt,15629
Sinister 2,15630
The Edge of Seventeen,15631
Dark Matter,15632
London Has Fallen,15633
Flowers,15634
A Silent Voice: The Movie,15635
Versailles,15636
Good Witch,15637
Kung Fu Panda 3,15638
Hush,15639
Glitch,15640
Mr. Right,15641
The Boy,15642
Wet Hot American Summer: First Day of Camp,15643
Frontier,15644
PJ Masks,15645
Love,15646
Servant of the People,15647
Zoo,15648
Crashing,15649
Steve Jobs,15650
The Conjuring 2,15651
The Disastrous Life of Saiki K.,15652
Home,15653
Chappie,15654
Gantz:O,15655
BUNK'D,15656
In a Valley of Violence,15657
A Monster Calls,15658
Van Helsing,15659
Christine,15660
Quantico,15661
Loving,15662
ERASED,15663
The Danish Girl,15664
F is for Family,15665
Master of None,15666
Hap and Leonard,15667
Easy,15668
Occupied,15669
Under the Shadow,15670
3%,15671
The Ranch,15672
The DUFF,15673
Bordertown,15674
Unfriended,15675
Closet Monster,15676
Self/less,15677
Making a Murderer,15678
The Fundamentals of Caring,15679
"Hello, My Name Is Doris",15680
Spectral,15681
La Casa,15682
Other People,15683
Wanted,15684
Circle,15685
Fuller House,15686
Secret City,15687
Mobile Suit Gundam: Iron-Blooded Orphans,15688
Batman: The Killing Joke,15689
Chef's Table,15690
He Never Died,15691
American Ultra,15692
Locked Up,15693
Degrassi: Next Class,15694
13th,15695
Aquarius,15696
Frequency,15697
Before I Wake,15698
Blue Jay,15699
Greenleaf,15700
Advantageous,15701
Into the Inferno,15702
Gilmore Girls: A Year in the Life,15703
Collateral Beauty,15704
Last Chance U,15705
Beasts of No Nation,15706
ARQ,15707
The Forest,15708
Roman Empire,15709
Reply 1988,15710
"What Happened, Miss Simone?",15711
Rebellion,15712
The Get Down,15713
The Bye Bye Man,15714
Trollhunters: Tales of Arcadia,15715
Ip Man 3,15716
Voltron: Legendary Defender,15717
The Letdown,15718
Ajin,15719
Transformers: Robots In Disguise,15720
The Space Between Us,15721
Demonic,15722
Winter on Fire: Ukraine's Fight for Freedom,15723
Mascots,15724
The Siege of Jadotville,15725
Visaranai,15726
Lady Dynamite,15727
By the Sea,15728
Boyka: Undisputed IV,15729
Team Foxcatcher,15730
Signal,15731
Paranoid,15732
The Ridiculous 6,15733
Bo Burnham: Make Happy,15734
El marginal,15735
A Very Secret Service,15736
The Do-Over,15737
Suffragette,15738
Headshot,15739
Flaked,15740
Jem and the Holograms,15741
Danger Mouse,15742
Sleight,15743
Hot Girls Wanted,15744
The Distinguished Citizen,15745
"Crouching Tiger, Hidden Dragon: Sword of Destiny",15746
White Rabbit Project,15747
Mindhorn,15748
Cinderella and Four Knights,15749
I Am the Pretty Thing That Lives in the House,15750
Pee-wee's Big Holiday,15751
You're My Boss,15752
The Cuba Libre Story,15753
White Girl,15754
The Haunted House,15755
Frank & Lola,15756
The Visit,15757
Sunny Bunnies,15758
Dinotrux,15759
Zumbo's Just Desserts,15760
Barry,15761
David Brent: Life on the Road,15762
Dawn of the Croods,15763
The Adventures of Puss in Boots,15764
Grizzy & the Lemmings,15765
Güeros,15766
Front Cover,15767
Terrace House: Boys & Girls in the City,15768
Rocco,15769
Club de Cuervos,15770
T@gged,15771
Ratchet & Clank,15772
Crazyhead,15773
The Darkness,15774
The Windsors,15775
The K2,15776
Marco Polo: One Hundred Eyes,15777
Netflix Presents: The Characters,15778
W/ Bob & David,15779
The Mr. Peabody & Sherman Show,15780
Between,15781
Love O2O,15782
Puffin Rock,15783
Care Bears and Cousins,15784
Tramps,15785
Dragons: Race to the Edge,15786
LEGO Marvel Super Heroes: Avengers Reassembled!,15787
Marauders,15788
Case,15789
The Method,15790
Special Correspondents,15791
La Niña,15792
Baaghi,15793
Midnight Diner: Tokyo Stories,15794
Tallulah,15795
Inside the World's Toughest Prisons,15796
Conspiracy,15797
Bert Kreischer: The Machine,15798
The Deep,15799
Rosario Tijeras,15800
Amanda Knox,15801
Sniper: Ghost Shooter,15802
Bella and the Bulldogs,15803
Results,15804
Sebastian Maniscalco: Why Would You Do That?,15805
Chelsea Does,15806
The Young Messiah,15807
Molang,15808
Ask the Storybots,15809
Heidi,15810
Term Life,15811
For the Love of Spock,15812
John Mulaney: The Comeback Kid,15813
Incarnate,15814
Message from the King,15815
Cooked,15816
Kung Fu Panda: Secrets of the Scroll,15817
World of Winx,15818
Inspector Gadget,15819
Anthony Jeselnik: Thoughts and Prayers,15820
LEGO Jurassic World: The Indominus Escape,15821
Kong: King of the Apes,15822
Real Rob,15823
Tokyo Trial,15824
The Warriors Gate,15825
Beat Bugs,15826
Tig,15827
Lego Bionicle: The Journey to One,15828
Intersection,15829
No Tomorrow,15830
Drishyam,15831
Taxi Driver,15832
Skylanders Academy,15833
The Dreamseller,15834
Tales by Light,15835
Lavender,15836
Ali Wong: Baby Cobra,15837
Hyena Road,15838
Septembers of Shiraz,15839
A Very Murray Christmas,15840
Divines,15841
Kuromukuro,15842
Audrie & Daisy,15843
Hip Hop Evolution,15844
Chef's Table: France,15845
Project Mc²,15846
Always Be My Maybe,15847
Pandora,15848
Nightmare Teacher,15849
Keith Richards: Under the Influence,15850
"Surviving Compton: Dre, Suge and Michel'le",15851
Colin Quinn: The New York Story,15852
Secrets of Great British Castles,15853
Hawaizaada,15854
Rainbow Ruby,15855
Riot,15856
Simon,15857
Richie Rich,15858
Kevin Hart: What Now?,15859
Legends of the Hidden Temple,15860
Marseille,15861
Veteran,15862
Opening Night,15863
Raman Raghav 2.0,15864
The 101-Year-Old Man Who Skipped Out on the Bill and Disappeared,15865
Another Miss Oh,15866
6 Years,15867
Paquita Salas,15868
Unnatural Selection,15869
Shaun the Sheep: The Farmer's Llamas,15870
Un + une,15871
Ok Kanmani,15872
True Memoirs of an International Assassin,15873
H20: Mermaid Adventures,15874
High & Low The Movie,15875
Dear My Friends,15876
Strange Weather,15877
The Sound of Your Heart,15878
The Lighthouse of the Orcas,15879
The Good Cop,15880
Servant Of The People 2,15881
Sons of the Caliphate,15882
Kathleen Madigan: Bothering Jesus,15883
Heneral Luna,15884
Ordinary World,15885
El Chema,15886
Mohenjo Daro,15887
Captive,15888
Dil Dhadakne Do,15889
"Hello, My Twenties!",15890
Haters Back Off,15891
Toro,15892
Good Morning Call,15893
Witch Hunt: A Century of Murder,15894
Riphagen the Untouchable,15895
Gabbar Is Back,15896
Demetri Martin: Live (At The Time),15897
4K Fireplace,15898
Spotless,15899
7 Years,15900
Cheer Squad,15901
Talvar,15902
Brothers,15903
Gabriel Iglesias: I'm Sorry for What I Said When I Was Hungry,15904
Fartsa,15905
The Paper,15906
Pyaar Ka Punchnama 2,15907
Much Loved,15908
Word Party,15909
Ralphie May: Unruly,15910
A Second Chance,15911
Rebirth,15912
Lang Tong,15913
Manson Family Vacation,15914
Popples,15915
Gridlocked,15916
StoryBots Super Songs,15917
Jimmy Carr: Funny Business,15918
Aziz Ansari: Live at Madison Square Garden,15919
The Next Skin,15920
Chris Tucker: Live,15921
"Dana Carvey: Straight White Male, 60",15922
Justin Timberlake + The Tennessee Kids,15923
Russell Peters: Almost Famous,15924
Sin senos sí hay paraíso,15925
Jim Jefferies: Freedumb,15926
Asperger's Are Us,15927
Tony Robbins: I Am Not Your Guru,15928
Hunterrr,15929
Belgica,15930
Chelsea,15931
Kapoor & Sons,15932
Udta Punjab,15933
Tamasha,15934
Mossad 101,15935
Breaking the Bank,15936
All About Asado,15937
Vanished 46,15938
Chronically Metropolitan,15939
The Miracle,15940
Fate/Grand Order: First Order,15941
White Nights,15942
Toon,15943
Hannibal Buress: Comedy Camisado,15944
Anjelah Johnson: Not Fancy,15945
72 Cutest Animals,15946
Force 2,15947
Fitoor,15948
Triumph in the Skies,15949
In the Shadow of Iris,15950
The White Helmets,15951
Mucize,15952
The Ivory Game,15953
Our Lovers,15954
If I were an Animal,15955
Home: Adventures with Tip & Oh,15956
Beauty and the Bestie,15957
A Touch of Green,15958
Tom Segura: Mostly Stories,15959
Hibana: Spark,15960
Dhanak,15961
Jonah,15962
Chocolate City: Vegas Strip,15963
I'll Sleep When I'm Dead,15964
The Truth Seekers,15965
Atelier,15966
Project Marathwada,15967
ABCD 2,15968
My Runway,15969
Ali Baba and the 7 Dwarfs,15970
Te3n,15971
"Chatô, The King of Brazil",15972
The Guardian Brothers,15973
Budhia Singh: Born to Run,15974
72 Dangerous Places to Live,15975
Mercy,15976
City of Joy,15977
XOXO,15978
Layla M.,15979
Open Season: Scared Silly,15980
Jessica Darling's It List,15981
Garfunkel and Oates: Trying to be Special,15982
Slam,15983
The Blind Christ,15984
Shaandaar,15985
Kulipari: An Army of Frogs,15986
Rainbow Time,15987
Kazoops!,15988
Little Things,15989
The Flower of Aleppo,15990
The Worthy,15991
The Princess Weiyoung,15992
Terrace House: Aloha State,15993
You Are My Sunday,15994
Black,15995
The Lion Woman,15996
Trailer Park Boys: Out of the Park: Europe,15997
7:19,15998
Chasing Cameron,15999
Cosmos Laundromat,16000
Schubert in Love,16001
Frank and Cindy,16002
Dharam Sankat Mein,16003
Old Money,16004
Coach Snoop,16005
Stories by Rabindranath Tagore,16006
Puerto Ricans in Paris,16007
Love O2O,16008
Fifty,16009
Три кота,16010
"Liar, Liar, Vampire",16011
The Governor,16012
Patton Oswalt: Talking for Clapping,16013
Selfie 69,16014
LEGO Friends: The Power of Friendship,16015
Ricardo O'Farrill: Abrazo Genial,16016
My Mother's Wound,16017
Iliza Shlesinger: Confirmed Kills,16018
Umrika,16019
Journey to Greenland,16020
One More Time,16021
Michael Che Matters,16022
'76,16023
Halal Love,16024
100 Meters,16025
Brent Morin: I'm Brent Morin,16026
Joe Rogan: Triggered,16027
Kyaa Kool Hain Hum 3,16028
Olmo and the Seagull,16029
The Beginning of Life,16030
Offline: Are You Ready for the Next Level?,16031
Phantom,16032
Unchained fate,16033
MindGamers,16034
David Cross: Making America Great Again,16035
Barcelona: A Love Untold,16036
Dinosaur World,16037
Luna Petunia,16038
Sofía Niño de Rivera: Exposed,16039
The Doll,16040
U Turn,16041
I Love You,16042
Very Big Shot,16043
Fearless,16044
The Heirs,16045
Barakah Meets Barakah,16046
Bottersnikes & Gumbles,16047
Pettson and Findus: The Best Christmas Ever,16048
Iliza Shlesinger: Freezing Hot,16049
Katti Batti,16050
My Sunshine,16051
Mike Epps: Don't Take It Personal,16052
Ghost Patrol,16053
Ludo,16054
Born in Syria,16055
Theo Von: No Offense,16056
Ricardo O'Farrill: abrazo navideño,16057
"Trailer Park Boys: Drunk, High and Unemployed: Live In Austin",16058
#Rucker50,16059
The Breakup Playlist,16060
Thomas & Friends: Full Steam To The Rescue!,16061
S Storm,16062
HiGH&LOW: The Red Rain,16063
The Massively Mixed-Up Middle School Mystery,16064
Those who fear are dead,16065
Poshter Girl,16066
3000 Nights,16067
Wazir,16068
Motu Patlu: King Of Kings,16069
The Love Affair,16070
Everyday I Love You,16071
Jeff Foxworthy & Larry the Cable Guy: We've Been Thinking,16072
Spark,16073
The CEO,16074
Jen Kirkman: I'm Gonna Die Alone (And I Feel Fine),16075
Pac’s Scary Halloween,16076
Love Storm,16077
Reggie Watts: Spatial,16078
Close Your Eyes Before It's Dark,16079
Best Lover,16080
Aerials,16081
Chhota Bheem in African Safari,16082
Meet The in-Laws,16083
Hans Teeuwen: Echte Rancune,16084
Chris D'Elia: Incorrigible,16085
Miss in Kiss,16086
Ordinary People,16087
"Have You Ever Fallen in Love, Miss Jiang?",16088
Kara Bela,16089
Vince & Kath & James,16090
Santa Pac's Merry Berry Day,16091
Carlos Ballarta: el amor es de putos,16092
Sen Benim HerŞeyimsin,16093
Saawan,16094
A Chaster Marriage,16095
Misunderstanding,16096
Eddie: Strongman,16097
Extremis,16098
Cedric the Entertainer: Live from the Ville,16099
Wedding Association 2: Circumcision,16100
One in a Billion,16101
Brahman Naman,16102
XV Beyond the Tryline,16103
Virunga: Gorillas in Peril,16104
Santa Banta Pvt Ltd,16105
Jada,16106
Grandmother's Farm Part 2,16107
Dieter Nuhr: Nuhr in Berlin,16108
Ave Maria,16109
Niyazi Gül Dörtnala,16110
Sila Samayangalil,16111
Secret of Success,16112
Love Is a Story,16113
Motu Patlu Aur Khazaane Ki Race,16114
Husband Factor,16115
Husband Factor: Resurrection,16116
The Tour,16117
The Super Parental Guardians,16118
Oloibiri,16119
Sam Kinison: The Scream Continues,16120
Gang of the Caribbean,16121
Kiss of Life,16122
Souk Bazaar,16123
Everything About Her,16124
The Creative Indians,16125
Saudi Arabia Uncovered,16126
A Man Returned,16127
Road To High & Low,16128
Back to 1989,16129
The Arbitration,16130
The Last Egg,16131
Jandino: Whatever it Takes,16132
Gbomo Gbomo Express,16133
Janoskians: Untold and Untrue,16134
The Dream Job,16135
Crazy Beautiful You,16136
Tariqi: My Way,16137
Mind Game,16138
Snervous Tyler Oakley,16139
Sommore: The Reign Continues,16140
Hajwala: The Missing Engine,16141
Just the Way You Are,16142
Dedemin Fişi,16143
The Unmarried Wife,16144
Bibik Bibikku,16145
My Stupid Boss,16146
The Third Party,16147
Ojukokoro (Greed),16148
Lakeeran,16149
Time Out,16150
Derry Girls,16151
The Sinner,16152
Leave No Trace,16153
Ozark,16154
Blade Runner 2049,16155
Dark,16156
12 Strong,16157
Legacies,16158
Manifest,16159
Riverdale,16160
Wind River,16161
Sorry to Bother You,16162
Dunkirk,16163
Cobra Kai,16164
Vice,16165
Mindhunter,16166
Phantom Thread,16167
Money Heist,16168
All American,16169
You,16170
Molly's Game,16171
Den of Thieves,16172
Lost in Space,16173
Bodyguard,16174
Rise of the Teenage Mutant Ninja Turtles,16175
American Vandal,16176
Godless,16177
Somebody Feed Phil,16178
Manhunt,16179
The Haunting of Hill House,16180
CHiPS,16181
The Ballad of Buster Scruggs,16182
Babylon Berlin,16183
Altered Carbon,16184
Castlevania,16185
Dirty John,16186
Darkest Hour,16187
Dynasty,16188
Won't You Be My Neighbor?,16189
Good Girls,16190
HAPPY!,16191
Wet Hot American Summer: Ten Years Later,16192
Workin' Moms,16193
Maniac,16194
Wild Wild Country,16195
The Ritual,16196
Anne with an E,16197
Okja,16198
The End of the F***ing World,16199
Trolls: The Beat Goes On!,16200
Atypical,16201
Final Score,16202
A Series of Unfortunate Events,16203
Charmed,16204
Rumble: The Indians Who Rocked the World,16205
The Nightingale,16206
Alias Grace,16207
Cold Case Files,16208
One Day at a Time,16209
Forgotten,16210
Backtrace,16211
The Bureau of Magical Things,16212
Santa Clarita Diet,16213
Safe,16214
Stranger,16215
Set It Up,16216
Crooked House,16217
The Cloverfield Paradox,16218
What Happened to Monday,16219
Gerald's Game,16220
Roma,16221
Adrift,16222
The Beguiled,16223
Disenchantment,16224
Big Mouth,16225
Ghostland,16226
Knightfall,16227
GLOW,16228
The Bad Batch,16229
Oats Studios,16230
Tully,16231
Watership Down,16232
The Guernsey Literary & Potato Peel Pie Society,16233
BAKI,16234
The Foreigner,16235
"Can't Stop, Won't Stop: A Bad Boy Story",16236
Outlaw King,16237
Destination Wedding,16238
The Kominsky Method,16239
Black Spot,16240
Elite,16241
The Keepers,16242
13 Reasons Why,16243
Bird Box,16244
The Babysitter,16245
Imposters,16246
Teasing Master Takagi-san,16247
Narcos: Mexico,16248
Black Lightning,16249
Salt Fat Acid Heat,16250
The Package,16251
Replicas,16252
Cam,16253
Mystery Science Theater 3000,16254
Deadwind,16255
My Next Guest Needs No Introduction With David Letterman,16256
Seven Seconds,16257
Queer Eye,16258
Violet Evergarden,16259
Rascal Does Not Dream of Bunny Girl Senpai,16260
Level 16,16261
Abducted in Plain Sight,16262
The Meyerowitz Stories (New and Selected),16263
James Acaster: Repertoire,16264
I Don't Feel at Home in This World Anymore,16265
Step Sisters,16266
Devilman Crybaby,16267
The Shack,16268
Hilda,16269
Calibre,16270
Apostle,16271
Beirut,16272
To All the Boys I've Loved Before,16273
Collateral,16274
Cells at Work!,16275
My Little Pony: Equestria Girls,16276
The Dragon Prince,16277
Mirai,16278
Rust Valley Restorers,16279
Bāhubali 2: The Conclusion,16280
Berlin Syndrome,16281
Icarus,16282
Five Came Back,16283
She-Ra and the Princesses of Power,16284
The Kindergarten Teacher,16285
Chilling Adventures of Sabrina,16286
1922,16287
Veronica,16288
Little Italy,16289
Hold the Dark,16290
Mute,16291
The Perfection,16292
Red Joan,16293
Bright,16294
Evil Genius,16295
Everything Sucks!,16296
Kodachrome,16297
The Discovery,16298
Nightflyers,16299
Dark Tourist,16300
Extinction,16301
The Book of Henry,16302
Creep 2,16303
Speed Kills,16304
Black Mirror: Bandersnatch,16305
The Night Comes for Us,16306
Cargo,16307
Pine Gap,16308
When We First Met,16309
Dear White People,16310
Mudbound,16311
Troy: Fall of a City,16312
Anon,16313
The Forest,16314
Cable Girls,16315
"Jim & Andy: The Great Beyond - Featuring a Very Special, Contractually Obligated Mention of Tony Clifton",16316
A-X-L,16317
Hell Fest,16318
Aggretsuko,16319
Malevolent,16320
Jack Whitehall: Travels with My Father,16321
Two Sentence Horror Stories,16322
Dirty Money,16323
Requiem,16324
The Rain,16325
Sunderland 'Til I Die,16326
Happy as Lazzaro,16327
Nailed It!,16328
My Mister,16329
Bakugan: Battle Planet,16330
Everybody Knows,16331
Dave Chappelle,16332
Damnation,16333
Innocent,16334
Great News,16335
22 July,16336
Falls Around Her,16337
Better Than Us,16338
Insatiable,16339
Sand Castle,16340
Zoids Wild,16341
Explained,16342
Buster's Mal Heart,16343
The Toys That Made Us,16344
On Body and Soul,16345
Ben Is Back,16346
Perfume,16347
Mr. Sunshine,16348
Private Life,16349
Mirage,16350
Ravenous,16351
RBG,16352
An Evening with Beverly Luff Linn,16353
Friends from College,16354
Mary Magdalene,16355
Disjointed,16356
Sisters,16357
Dumplin',16358
Tau,16359
Creeped Out,16360
Skins,16361
Wormwood,16362
Duck Butter,16363
Never Stop Dreaming: The Life and Legacy of Shimon Peres,16364
The Zookeeper's Wife,16365
"Game Over, Man!",16366
Polly Pocket,16367
Steve Martin and Martin Short: An Evening You Will Forget for the Rest of Your Life,16368
Victoria & Abdul,16369
Hampstead,16370
Hannah Gadsby: Nanette,16371
War Machine,16372
Bad Genius,16373
Norm Macdonald Has a Show,16374
Kakegurui,16375
Al Hayba,16376
The Kissing Booth,16377
Tidelands,16378
The Forgiven,16379
Gypsy,16380
King of Thieves,16381
Minecraft: Story Mode,16382
The Titan,16383
Security,16384
Transformers: Cyberverse,16385
Mowgli: Legend of the Jungle,16386
Abstract: The Art of Design,16387
A Futile and Stupid Gesture,16388
White Gold,16389
How It Ends,16390
Death Note,16391
Wanderlust,16392
The Boss Baby: Back in Business,16393
The After Party,16394
Perfect Bid: The Contestant Who Knew Too Much,16395
The Other Side of the Wind,16396
Unauthorized Living,16397
To the Bone,16398
Goon: Last of the Enforcers,16399
The Innocent Man,16400
Unit 42,16401
Hot Girls Wanted: Turned On,16402
We the Animals,16403
Reversing Roe,16404
Beyond Skyline,16405
VeggieTales in the City,16406
Valor,16407
The Bar,16408
The Hollow,16409
Errementari: The Blacksmith and the Devil,16410
Illang: The Wolf Brigade,16411
Shirkers,16412
A Bad Moms Christmas,16413
B: The Beginning,16414
Hotel Transylvania: The Series,16415
Welcome Home,16416
The Hook Up Plan,16417
Piercing,16418
The Outsider,16419
Car Masters: Rust to Riches,16420
Indian Horse,16421
On My Block,16422
Spy Kids: Mission Critical,16423
Andhadhun,16424
Unicorn Store,16425
Hot Date,16426
My Happy Family,16427
Paradise PD,16428
Cloudy with a Chance of Meatballs,16429
Newness,16430
Monster High: Electrified,16431
No Escape Room,16432
Somewhere Between,16433
Baby,16434
Sick Note,16435
Hitler's Circle of Evil,16436
Haunted,16437
If I Leave Here Tomorrow: A Film About Lynyrd Skynyrd,16438
Immortals,16439
The Week Of,16440
iBoy,16441
The Standups,16442
May the Devil Take You,16443
The Bride of Habaek,16444
The Breaker Upperers,16445
When Heroes Fly,16446
El Chapo,16447
If I Hadn't Met You,16448
What the Health,16449
Hi Score Girl,16450
The Long Dumb Road,16451
Long Shot,16452
Dude,16453
The Debt Collector,16454
Sugar Rush,16455
The Casketeers,16456
Handsome Devil,16457
Win It All,16458
Tottaa Pataaka Item Maal,16459
Trolls Holiday,16460
Joan Didion: The Center Will Not Hold,16461
The Guest,16462
The Incredible Jessica James,16463
Siberia,16464
Ugly Delicious,16465
The Resistance Banker,16466
John Mulaney: Kid Gorgeous at Radio City,16467
Girlboss,16468
Because This Is My First Life,16469
Just Between Lovers,16470
The Saint,16471
In Darkness,16472
The Innocents,16473
Transformers: Rescue Bots Academy,16474
Bill Nye Saves the World,16475
I Am a Killer,16476
Sierra Burgess Is a Loser,16477
Sad Hill Unearthed,16478
Ibiza,16479
Shimmer Lake,16480
Suburra: Blood on Rome,16481
Hey Arnold! The Jungle Movie,16482
Tabula Rasa,16483
Spirit: Riding Free,16484
Little Witch Academia,16485
Fullmetal Alchemist,16486
Animal World,16487
The Good Cop,16488
The Protector,16489
Wheelman,16490
Pop Team Epic,16491
Voice,16492
Cristela Alonzo: Lower Classy,16493
Brain on Fire,16494
Patriot Act with Hasan Minhaj,16495
Bleach,16496
The Epic Tales of Captain Underpants,16497
The Mire,16498
You Get Me,16499
Rotten,16500
Murder Mountain,16501
"My Teacher, My Obsession",16502
Voyeur,16503
Bathtubs Over Broadway,16504
Scissor Seven,16505
Psychokinesis,16506
Alexa & Katie,16507
Chip and Potato,16508
Adam Sandler: 100% Fresh,16509
Girl from Nowhere,16510
Girl,16511
The Polka King,16512
The House of Flowers,16513
Blame!,16514
First They Killed My Father,16515
The Magic School Bus Rides Again,16516
MFKZ,16517
The Worst Witch,16518
Dogs,16519
Magic for Humans,16520
QB1: Beyond the Lights,16521
Show Dogs,16522
Black Earth Rising,16523
7 Days Out,16524
Girlfriend's Day,16525
Welcome to the Family,16526
The Resurrection of Gavin Stone,16527
3Below: Tales of Arcadia,16528
A Love So Beautiful,16529
Millennials,16530
One of Us,16531
Taylor Swift: Reputation Stadium Tour,16532
Cathedral of the Sea,16533
Signs,16534
Bonus Family,16535
Nicky Jam: El Ganador,16536
Godzilla: Planet of the Monsters,16537
Like Father,16538
Black,16539
Fireworks,16540
She's Gotta Have It,16541
Godzilla: The Planet Eater,16542
Amar,16543
Birth of the Dragon,16544
Outside In,16545
Borderliner,16546
Lu Over the Wall,16547
Memories of the Alhambra,16548
Irreplaceable You,16549
Chosen,16550
The Royal House of Windsor,16551
The Confession Tapes,16552
Ad Vitam,16553
Sandy Wexler,16554
Alex Strangelove,16555
Gaga: Five Foot Two,16556
Free Rein,16557
The Indian Detective,16558
Sacred Games,16559
Get Me Roger Stone,16560
The Queen of Flow,16561
River's Edge,16562
Dogs of Berlin,16563
Animal Crackers,16564
Meteor Garden,16565
Shot in the Dark,16566
Rainbow Rangers,16567
Unsolved: The Murders of Tupac and The Notorious B.I.G.,16568
Daniel Sloss: Live Shows,16569
The Beauty Inside,16570
Cry Babies Magic Tears,16571
Love Daily,16572
Mr. Roosevelt,16573
Clive Davis: The Soundtrack of Our Lives,16574
The Mechanism,16575
Ricky Gervais: Humanity,16576
Lady J,16577
The Christmas Chronicles,16578
The Photographer of Mauthausen,16579
Bill Nye: Science Guy,16580
Welcome to Waikiki,16581
Quincy,16582
Thieves of the Wood,16583
Blood Pact,16584
Cuba and the Cameraman,16585
The World Is Yours,16586
Final Fantasy XIV: Dad of Light,16587
Toc Toc,16588
Fate/Apocrypha,16589
Greenhouse Academy,16590
Champions,16591
Cleo & Cuquin,16592
Acts of Vengeance,16593
Carrie Pilby,16594
The Clapper,16595
Fun Mom Dinner,16596
The Land of Steady Habits,16597
November 13: Attack on Paris,16598
Okko's Inn,16599
SKY Castle,16600
Our Souls at Night,16601
Man Like Mobeen,16602
BuyBust,16603
Escape from Mr. Lemoncello's Library,16604
I Am Jonas,16605
Life Sentence,16606
MILF,16607
Springsteen On Broadway,16608
Solo,16609
Bullet Head,16610
Small Crimes,16611
Unrest,16612
Ingobernable,16613
Eternal Love,16614
"Take the Ball, Pass the Ball",16615
Ashes of Love,16616
Lawless Lawyer,16617
Cyborg 009: Call of Justice,16618
Reprisal,16619
The Princess Switch,16620
High Society,16621
Gormiti,16622
The Ottoman Lieutenant,16623
Whose Streets?,16624
The Open House,16625
The A List,16626
Trevor Noah: Son of Patricia,16627
Little Evil,16628
The Curious Creations of Christine McConnell,16629
Clean with Passion for Now,16630
GHOUL,16631
Christmas with a Prince,16632
"Norm Macdonald: Hitler's Dog, Gossip & Trickery",16633
Kiss Me First,16634
Barbie: Dreamhouse Adventures,16635
Diablero,16636
Erased,16637
Instant Hotel,16638
Bending the Arc,16639
Day of the Dead: Bloodline,16640
Monkey Twins,16641
Retablo,16642
A Korean Odyssey,16643
John Leguizamo's Latin History for Morons,16644
Power Rangers Ninja Steel,16645
Warrior,16646
Orbiter 9,16647
White Fang,16648
Life,16649
Sand Storm,16650
Generation Iron 3,16651
Jo Koy: Live from Seattle,16652
"Oh, Hello on Broadway",16653
Camarón: The Film,16654
The Outcasts,16655
Something in the Rain,16656
Gnome Alone,16657
13 Reasons Why: Beyond the Reasons,16658
How to Be Really Bad,16659
Julie's Greenroom,16660
Prison Playbook,16661
The Angel,16662
Brainchild,16663
Apaches,16664
Father of the Year,16665
The B-Side: Elsa Dorfman's Portrait Photography,16666
Puss in Book: Trapped in an Epic Tale,16667
Demetri Martin: The Overthinker,16668
The Death and Life of Marsha P. Johnson,16669
Revolutionary Love,16670
Happy Anniversary,16671
Dope,16672
Neo Yokio,16673
Dry Martina,16674
El Camino Christmas,16675
Crazy Delicious,16676
Marlon,16677
Bumping Mics with Jeff Ross & Dave Attell,16678
The Fix,16679
Bobby Kennedy for President,16680
The Legacy of a Whitetail Deer Hunter,16681
Clinical,16682
Godzilla: City on the Edge of Battle,16683
The Yard,16684
Familiar Wife,16685
Medal of Honor,16686
Llama Llama,16687
My Masterpiece,16688
Ronnie Coleman: The King,16689
True and the Rainbow Kingdom,16690
Hasan Minhaj: Homecoming King,16691
The Climb,16692
Secret Superstar,16693
Wolf,16694
Back Street Girls -GOKUDOLS-,16695
A Twelve-Year Night,16696
Dear Ex,16697
Manhunt,16698
Ultimate Beastmaster,16699
The Piano Forest,16700
WHAT DID JACK DO?,16701
Flavors of Youth,16702
Burn Out,16703
Victim Number 8,16704
Modest Heroes,16705
Jenni Rivera: Mariposa de Barrio,16706
Iliza Shlesinger: Elder Millennial,16707
Sirius the Jaeger,16708
The Seven Deadly Sins: Prisoners of the Sky,16709
Kakegurui,16710
The Battleship Island,16711
Sanju,16712
Ultraviolet,16713
Point Blank,16714
"Ron White: If You Quit Listening, I'll Shut Up",16715
Craig Ferguson: Tickle Fight,16716
Sarkar,16717
Casting JonBenet,16718
They'll Love Me When I'm Dead,16719
Strong Island,16720
Come Sunday,16721
The Most Hated Woman in America,16722
Lommbock,16723
The Final Table,16724
Time: The Kalief Browder Story,16725
Aya,16726
Wedding Unplanned,16727
Trump: An American Dream,16728
Spyder,16729
The New Legends of Monkey,16730
The Killer,16731
Lust Stories,16732
Robot Trains,16733
The Most Unknown,16734
Flint Town,16735
The Motive,16736
Mercury 13,16737
Vai Anitta,16738
Eerie,16739
The Inmate,16740
Death by Magic,16741
The Day I Met El Chapo: The Kate del Castillo Story,16742
Tig Notaro: Happy To Be Here,16743
Benji,16744
The Little Vampire 3D,16745
Time Share,16746
Surviving Escobar - Alias JJ,16747
My Sassy Girl,16748
Lego Jurassic World: The Secret Exhibit,16749
Beyond Stranger Things,16750
Rip Tide,16751
Holy Camp!,16752
Samurai Gourmet,16753
Alaska Is a Drag,16754
Mob Psycho 100,16755
Parmanu: The Story of Pokhran,16756
Zero,16757
Castle and Castle,16758
Amateur,16759
Pottersville,16760
Re: Mind,16761
A Christmas Prince: The Royal Wedding,16762
The Bleeding Edge,16763
Lowriders,16764
Becoming Champions,16765
Derren Brown: The Push,16766
The Warning,16767
Hero Mask,16768
Yummy Mummies,16769
NY Prison Break: The Seduction of Joyce Mitchell,16770
S.W.A.T.: Under Siege,16771
Live,16772
Wild District,16773
Selection Day,16774
6 Balloons,16775
Chasing Coral,16776
Next Gen,16777
Trailer Park Boys: Out of the Park: USA,16778
The Big Family Cooking Showdown,16779
"Ram Dass, Going Home",16780
Edgar Rice Burroughs' Tarzan and Jane,16781
First Match,16782
Sunday's Illness,16783
I Am Not an Easy Man,16784
Justice,16785
Seth Rogen's Hilarity for Charity,16786
Charming,16787
Falsa identidad,16788
Christmas Wedding Planner,16789
Budapest,16790
44 Cats,16791
All I Wish,16792
Strongest Deliveryman,16793
Angamaly Diaries,16794
ReMastered: Tricky Dick & The Man in Black,16795
Live Up To Your Name,16796
Ingress: The Animation,16797
Fred Armisen: Standup for Drummers,16798
Thi Mai,16799
Fastest Car,16800
Battle,16801
Bad Guys: Vile City,16802
Holy Goalie,16803
Saving Capitalism,16804
The Platform,16805
Bibi & Tina: Perfect Pandemonium,16806
The Degenerates,16807
Mom,16808
Children of the Whales,16809
Christmas Inheritance,16810
An Imperfect Murder,16811
LEGO Marvel Super Heroes: Guardians of the Galaxy - The Thanos Threat,16812
Killing Hasselhoff,16813
The Rise of Phoenixes,16814
Shepherds and Butchers,16815
The Skin of the Wolf,16816
The Holiday Calendar,16817
Zac & Mia,16818
Deidra & Laney Rob a Train,16819
Sahara,16820
Take Your Pills,16821
And Breathe Normally,16822
Abby Hatcher,16823
My Only Love Song,16824
A Little Help with Carol Burnett,16825
ReBoot: The Guardian Code,16826
Naked,16827
Secret Agent Selection: WW2,16828
Love and Fortune,16829
Drug Lords,16830
The Invisible Guardian,16831
Fate/Extra Last Encore,16832
Jim Jefferies: This Is Me Now,16833
Cities of Last Things,16834
Si saben cómo me pongo ¿Pa' qué me invitan?,16835
Luis Miguel: The Series,16836
It's for Your Own Good,16837
Busted!,16838
The Laws of Thermodynamics,16839
Boca Juniors Confidential,16840
Handsome: A Netflix Mystery Movie,16841
Dinotrux: Supercharged,16842
Hometown Holiday,16843
Inside the Criminal Mind,16844
Jailbreak,16845
"Roxanne, Roxanne",16846
Quién te cantará,16847
Something Huge,16848
Sparta,16849
Lucid Dream,16850
Carbone,16851
Bhavesh Joshi Superhero,16852
Nothing to Hide,16853
A.I.C.O. -Incarnation-,16854
The Awakening of Motti Wolkenbruch,16855
Luo Bao Bei,16856
My Shy Boss,16857
100 Days My Prince,16858
Afflicted,16859
Bill Burr: Walk Your Way Out,16860
Dancing Queen,16861
Million Yen Women,16862
Fugitiva,16863
The Legend of Cocaine Island,16864
Barbie: Dolphin Magic,16865
Birdshot,16866
Pucca: Love Recipe,16867
Steel Rain,16868
Christmas with a View,16869
A Miraculous Christmas Special: Tales of Ladybug and Cat Noir,16870
Greg Davies: You Magnificent Beast,16871
Relatable,16872
Catfight,16873
Paradise Lost,16874
Ali's Wedding,16875
Toilet: A Love Story,16876
When Angels Sleep,16877
72 Dangerous Animals: Asia,16878
The Stolen,16879
Perú: Tesoro Escondido,16880
Break,16881
My Dead Ex,16882
Misty,16883
Black Is Beltza,16884
Terrorism Close Calls,16885
Edge of Fear,16886
My ID is Gangnam Beauty,16887
Girls Incarcerated,16888
Ryan Hamilton: Happy Face,16889
End Game,16890
Bad Seeds,16891
Smoking,16892
Shéhérazade,16893
The Mansion,16894
Yucatán,16895
Mike Birbiglia: Thank God for Jokes,16896
Us and Them,16897
Pad Man,16898
On My Skin,16899
Sun Dogs,16900
Derren Brown: Miracle,16901
Manto,16902
Little Boxes,16903
Move,16904
Raising the Bar,16905
Hymn of Death,16906
Bomb Scared,16907
Terrace House: Opening New Doors,16908
Undercover Law,16909
Baazaar,16910
Ittefaq,16911
Myths & Monsters,16912
Giant,16913
Chris Rock: Tamborine,16914
72 Dangerous Animals: Latin America,16915
Take Me,16916
Ee Nagaraniki Emaindi,16917
Patton Oswalt: Annihilation,16918
LEGO Marvel Super Heroes: Black Panther - Trouble in Wakanda,16919
Rory Scovel Tries Stand-Up for the First Time,16920
Revenger,16921
The Crossing,16922
Coin Heist,16923
Bitter Daisies,16924
LEGO Friends: Girls on a Mission,16925
Joy,16926
Hakkunde,16927
Jagga Jasoos,16928
The Joel McHale Show with Joel McHale,16929
Getaway Plan,16930
The Velvet Collection,16931
The Drug King,16932
Jab Harry Met Sejal,16933
Katt Williams: Great America,16934
Derren Brown: Sacrifice,16935
Kibaoh Klashers,16936
Struggle: The Life and Lost Art of Szukalski,16937
Sky Ladder: The Art of Cai Guo-Qiang,16938
The Fortress,16939
Qarib Qarib Singlle,16940
Last Hope,16941
My Secret Romance,16942
Disconnect,16943
Feminists: What Were They Thinking?,16944
Duck Duck Goose,16945
A Christmas Prince,16946
Azali,16947
Ainori Love Wagon: Asian Journey,16948
All About the Washingtons,16949
All Hail King Julien: Exiled,16950
The Who Was? Show,16951
Switched,16952
Aiyaary,16953
Kantaro: The Sweet Tooth Salaryman,16954
Legend Quest,16955
Ask the Doctor,16956
SPF-18,16957
Kulipari: Dream Walker,16958
Hari Kondabolu: Warn Your Relatives,16959
Seeing Allred,16960
Resurface,16961
Heroin(e),16962
Empire Games,16963
The Tribe,16964
The Plagues of Breslau,16965
Sudani from Nigeria,16966
Pope Francis: A Man of His Word,16967
Candy Jar,16968
Neal Brennan: 3 Mics,16969
FIGHTWORLD,16970
"To Each, Her Own",16971
Kuroko's Basketball the Movie: Last Game,16972
Rock my Heart,16973
Mersal,16974
Jerry Before Seinfeld,16975
The Last Shaman,16976
All Good,16977
Bareilly Ki Barfi,16978
First Team: Juventus,16979
Expedition Happiness,16980
Dany Boon: Des Hauts-De-France,16981
Baadshaho,16982
Edha,16983
Rapture,16984
C/o Kancharapalem,16985
Black Crows,16986
Super Drags,16987
Battlefish,16988
Jack Whitehall: At Large,16989
The Rachel Divide,16990
Trevor Noah: Afraid of the Dark,16991
The Tree of Blood,16992
Nothing to Lose,16993
SWORDGAI The Animation,16994
Larva Island,16995
Accidentally In Love,16996
Spivak,16997
"Love, Surreal and Odd",16998
Jefe,16999
Million Pound Menu,17000
Sir,17001
The Break with Michelle Wolf,17002
Jim Gaffigan: Cinco,17003
Half Girlfriend,17004
Daughters of Destiny,17005
Ex-Shaman,17006
The American Meme,17007
Amazing Interiors,17008
The Comedy Lineup,17009
The Art of Loving: Story of Michalina Wislocka,17010
Paul Hollywood's Big Continental Road Trip,17011
Dovlatov,17012
Borges,17013
Stretch Armstrong & the Flex Fighters,17014
El testigo,17015
1983,17016
Weed the People,17017
Maktub,17018
Love per Square Foot,17019
Wrong Kind of Black,17020
Harvey Street Kids,17021
Stay Here,17022
Perdida,17023
Serial Killer with Piers Morgan,17024
The Girl from the Song,17025
Going for Gold,17026
Mubarakan,17027
Dragon Pilot: Hisone and Masotan,17028
Blazing Transfer Students,17029
Argon,17030
Qismat,17031
Fire Chasers,17032
Sara's Notebook,17033
Ali Wong: Hard Knock Wife,17034
Tom Segura: Disgraceful,17035
Limitless,17036
AMO,17037
Unrequited Love,17038
Paskal,17039
The Grown-Ups,17040
Been So Long,17041
Soorma,17042
Angela's Christmas,17043
The Mars Generation,17044
Kalushi : The Story of Solomon Mahlangu,17045
The Maus,17046
Family Blood,17047
Pihu,17048
Superlopez,17049
Judd Apatow: The Return,17050
Armed to the Teeth,17051
Sarah Silverman: A Speck of Dust,17052
Pa Paandi,17053
Nobody Speak: Trials of the Free Press,17054
Aapla Manus,17055
Dismissal,17056
Christmas Catch,17057
F.R.E.D.I.,17058
Love Beats Rhymes,17059
Robozuna,17060
Naam Shabana,17061
Brian Regan: Nunchucks and Flamethrowers,17062
#realityhigh,17063
We Speak Dance,17064
DeRay Davis: How to Act Black,17065
Def Comedy Jam 25,17066
The Gift,17067
Take My Brother Away,17068
Paranormal Investigation,17069
LEGO Elves: Secrets of Elvendale,17070
Motown Magic,17071
The Suit,17072
Dave Chappelle: Equanimity & The Bird Revelation,17073
Amy Schumer: The Leather Special,17074
Samantha!,17075
Bon Cop Bad Cop 2,17076
A Very Country Christmas,17077
Paprika,17078
Close Enemies,17079
A Fortunate Man,17080
Pup Star: Better 2Gether,17081
The 3rd Eye,17082
Barbra: The Music ... The Mem'ries ... The Magic!,17083
Age of Rebellion,17084
Unbridled,17085
Sabrina,17086
Maz Jobrani: Immigrant,17087
48 Christmas Wishes,17088
Falling in Love Like a Romantic Drama,17089
Nailed It! Holiday!,17090
How to Get Over a Breakup,17091
Pachamama,17092
Katherine Ryan: In Trouble,17093
#ABtalks,17094
Part-Time Idol,17095
Standup and Away! with Brian Regan,17096
Ascharya Fuck It,17097
Super Monsters,17098
Dear Son,17099
Sofía Niño de Rivera: Natural Selection,17100
Nappily Ever After,17101
Judwaa 2,17102
Christina P: Mother Inferior,17103
Ari Shaffir: Double Negative,17104
Forgive Us Our Debts,17105
Milada,17106
Lost Song,17107
Check The Store Next Door,17108
First and Last,17109
Buddy Thunderstruck,17110
Oh My Ghost,17111
Right Here Right Now,17112
Monkart,17113
The Many Faces of Ito,17114
ID-0,17115
Mustang Island,17116
Cycle,17117
Westside,17118
Paradox,17119
Sparring,17120
The Chase,17121
Age of Tanks,17122
Invisible,17123
Regiment Diaries,17124
Tiffany Haddish: She Ready! From the Hood to Hollywood!,17125
Party Monster: Scratching the Surface,17126
Goyo: The Boy General,17127
5 Star Christmas,17128
Ani... Dr. Kashinath Ghanekar,17129
Suzzanna: Buried Alive,17130
Stree,17131
A Champion Heart,17132
Burning Sands,17133
Judah Friedlander: America Is the Greatest Country in the United States,17134
Take the 10,17135
Aurora,17136
The Bros,17137
Jim Norton: Mouthful of Shame,17138
Merku Thodarchi Malai,17139
Clair Obscur,17140
Ponysitters Club,17141
Blanche Gardin: I Talk to Myself,17142
Being Napoleon,17143
The Milk System,17144
The Price of Success,17145
Kuntilanak,17146
Dhh,17147
REA(L)OVE,17148
Malena Pichot: Estupidez compleja,17149
The Girl Allergic to Wi-Fi,17150
Mauli,17151
On Children,17152
Samouni Road,17153
Chief Daddy,17154
CIA: Comrade In America,17155
The Sound of Your Heart: Reboot,17156
Bayonet,17157
In the Family,17158
Bert Kreischer: Secret Time,17159
Gad Gone Wild,17160
Counterpunch,17161
El Potro: lo mejor del amor,17162
Rajma Chawal,17163
Cupcake & Dino - General Services,17164
Russell Howard: Recalibrate,17165
Deranged,17166
Marlon Wayans: Woke-ish,17167
Monster Island,17168
Best.Worst.Weekend.Ever.,17169
Liberated: The New Sexual Revolution,17170
Your Son,17171
Kingdom of Us,17172
Prince of Peoria,17173
Njan Prakashan,17174
Target,17175
Maria Bamford: Old Baby,17176
Gad Elmaleh: American Dream,17177
Rodney King,17178
Made in Mexico,17179
Alter Ego,17180
Te Ata,17181
The Last Hour,17182
Loudon Wainwright III: Surviving Twin,17183
"Michael Bolton's Big, Sexy Valentine's Day Special",17184
A Sort of Family,17185
In Line,17186
All the Reasons to Forget,17187
Buddy Thunderstruck: The Maybe Pile,17188
Laerte-se,17189
Awe!,17190
Notes from Dunblane: Lessons from a School Shooting,17191
ReMastered: Who Shot the Sheriff,17192
Period. End of Sentence.,17193
Good Game: The Beginning,17194
Tattoo of Revenge,17195
Love Jacked,17196
Animas,17197
The Bridge,17198
The Last Runaway,17199
Turkish Dance School,17200
Bigger Than Africa,17201
Lionheart,17202
Russell Brand: Re:Birth,17203
El club de los buenos infieles,17204
Jeff Dunham: Relative Disaster,17205
The Most Assassinated Woman in the World,17206
Semesta,17207
Stars in the Sky: A Hunting Story,17208
Cook Off,17209
Kevin James: Never Don't Give Up,17210
Heaven Without People,17211
My Birthday Song,17212
Taramani,17213
Love.com,17214
Born Racer,17215
Aggretsuko: We Wish You A Metal Christmas,17216
Manu,17217
Exes Baggage,17218
Teefa in Trouble,17219
Up Among the Stars,17220
Food on the Go,17221
Nigerian Prince,17222
Bangkok Love Stories 2: Innocence,17223
Treehouse Detectives,17224
Isoken,17225
God Calling,17226
The Judgement,17227
The Lost Brother,17228
Weapon of Choice,17229
Lucas Brothers: On Drugs,17230
A StoryBots Christmas,17231
YG Future Strategy Office,17232
The Doll 2,17233
Free Rein: The Twelve Neighs of Christmas,17234
Fishtronaut: The Movie,17235
Freej Al Taibeen,17236
The Trader,17237
For Here or to Go?,17238
Ayotzinapa: The Turtle's Pace,17239
Rodney Carrington: Here Comes the Truth,17240
Coffee for All,17241
No One Will Ever Know,17242
Fanatyk,17243
Listen,17244
Can't Help Falling in Love,17245
Genius,17246
Motu Patlu Kung Fu Kings 4 The Challenge of Kung Fu Brothers,17247
Marc Maron: Too Real,17248
Mission Kathmandu: The Adventures of Nelly & Simon,17249
Joe Rogan: Strange Times,17250
Lynne Koplitz: Hormonal Beast,17251
What She Put on the Table,17252
Vir Das: Abroad Understanding,17253
A Taiwanese Tale of Two Cities,17254
Learning Songs by Little Baby Bum: Nursery Rhyme Friends,17255
Joaquín Reyes: Una y no más,17256
The Insomnia Club,17257
Pickpockets,17258
Club de Cuervos Presents: The Ballad of Hugo Sánchez,17259
Munafik 2,17260
Super Monsters and the Wish Star,17261
Running Man,17262
W. Kamau Bell: Private School Negro,17263
Poster Boys,17264
The Lost Café,17265
Jimmy: The True Story of a True Idiot,17266
Zion,17267
The Hows of Us,17268
Two Catalonias,17269
"Out of Many, One",17270
Marriage Palace,17271
A House of Blocks,17272
Out of Thin Air,17273
Droppin' Cash: Los Angeles,17274
Bygones Be Bygones,17275
Finally Found Someone,17276
Chris D'Elia: Man on Fire,17277
Baby Ballroom,17278
The Reservoir Game,17279
Pacíficum,17280
Aruna & Her Palate,17281
Rafinha Bastos: Ultimatum,17282
Justice: Qalb Al Adala,17283
Meghnadbodh Rohoshyo,17284
Mahi NRI,17285
Solo el amor,17286
Seeking a Man,17287
El Diesel,17288
Franco Escamilla: Por La Anécdota,17289
Memories of Love,17290
A Boy Named Flora A,17291
The Hollywood Masters,17292
Fantastica,17293
Smaller and Smaller Circles,17294
"El Especial de Alex Fernández, el Especial",17295
Vir Das: Losing It,17296
Vanjagar Ulagam,17297
Penalty Kick,17298
Pulang,17299
Brad Paisley's Comedy Rodeo,17300
Dance & Sing With True,17301
The Could've-Gone-All-the-Way Committee,17302
Garbage,17303
Tracy Morgan: Staying Alive,17304
Follow This,17305
Gurgaon,17306
Todo lo que sería Lucas Lauriente,17307
#FriendButMarried,17308
Gun City,17309
Todd Barry: Spicy Honey,17310
My Travel Buddy,17311
Mo Amer: The Vagabond,17312
Puppy Star Christmas,17313
Noblemen,17314
Back to Q82,17315
Ladies First,17316
Pretty Man,17317
Voulez-vous rire avec moi ce soir?,17318
Recovery Boys,17319
King of Boys,17320
Little Miss Sumo,17321
Late Life: The Chien-Ming Wang Story,17322
A 3 Minute Hug,17323
Son Of Adam,17324
What Did I Mess,17325
"Edmilson Filho: Notas, Comedy about Relationships",17326
Seven Sundays,17327
Pandigai,17328
Brij Mohan Amar Rahe!,17329
Pahuna: The Little Visitors,17330
Adhugo,17331
Luciano Mellera: Infantiloide,17332
Coco y Raulito: Carrusel de ternura,17333
Jindua,17334
A Witches' Ball,17335
HiGH&LOW The Movie 3: Final Mission,17336
Eve's Apple,17337
Ana e Vitória,17338
Frat Star,17339
King of Peking,17340
Secrets in the Hot Spring,17341
Jonaki,17342
Into the Wind,17343
Agustín Aristarán: Soy Rada,17344
Joshua: Teenager vs. Superpower,17345
Al-Khawaga's Dilemma,17346
Aditi Mittal: Things They Wouldn't Let Me Say,17347
Fary Is the New Black,17348
Hadithi za Kumekucha: Fatuma,17349
DTC –Yukemuri Junjo Hen– from HiGH&LOW,17350
Alejandro Riaño: Especial de stand up,17351
Shiva VS Autobots,17352
My Ex & Whys,17353
Night of Knots,17354
Bonboné,17355
Hedefim Sensin,17356
Catching Feelings,17357
Sei,17358
Pup Star: World Tour,17359
A Man for The Weekend,17360
For the Broken Hearted,17361
ReMastered: Who Killed Jam Master Jay?,17362
Motu Patlu in Dragon World,17363
HiGH&LOW The Movie 2: End of Sky,17364
Thug Life,17365
Beat Bugs: All Together Now,17366
Doob,17367
Three Words to Forever,17368
Table Manners,17369
First Love,17370
Super Monsters Save Halloween,17371
Love You to the Stars and Back,17372
Na stojáka v kině,17373
Motu Patlu: Mission Moon,17374
Music Teacher,17375
Daniel Sosa: Sosafado,17376
B. A. Pass 2,17377
DreamWorks Home: For the Holidays,17378
The Royal Hibiscus Hotel,17379
Pinky Memsaab,17380
Crossroads: One Two Jaga,17381
Project Papa,17382
Alan Saldaña: mi vida de pobre,17383
Mama's Boy,17384
Shiva: The Secret World Of Vedas City,17385
Natalia Valdebenito: El especial,17386
Dilan 1990,17387
Love and Shukla,17388
Mau Nieto: viviendo sobrio… desde el bar,17389
Mrs. Miracle Animals: An Squirrel's Princess Bride,17390
Alexis de Anda: Mea Culpa,17391
My Travel Buddy 2,17392
Ghost Hunting,17393
Lara and the Beat,17394
Carlos Ballarta: furia ñera,17395
Marco Luque - We are together,17396
Felipe Neto: My Life Makes No Sense,17397
True: Wonderful Wishes,17398
Yoo Byung Jae: Discomfort Zone,17399
The Perfect Match,17400
Blessed Benefit,17401
Salam - The First ****** Nobel Laureate,17402
Here to Heart,17403
Catch.er,17404
Ricardo Quevedo: Hay gente así,17405
Shubh Aarambh,17406
A Drowning Man,17407
Mr. Chandramouli,17408
Posesif,17409
Until Midnight,17410
"I, Potro",17411
Fakkah Fuzz: Almost Banned,17412
Arango y Sanint: Ríase el show,17413
Jani Dueñas: Grandes fracasos de ayer y hoy,17414
Kartini: Princess of Java,17415
Motu Patlu in the City of Gold,17416
Adel Karam: Live from Beirut,17417
Ayana,17418
Nathicharami,17419
Facing Mecca,17420
True: Magical Friends,17421
Next Enti?,17422
Hantu Kak Limah,17423
Todd Glass: Act Happy,17424
Fernando Sanjiao: Hombre,17425
Yoo Byung Jae: Too Much Information,17426
Mawlana,17427
Elf Pets: Santa's St. Bernards Save Christmas,17428
Potato Potahto,17429
Little Singham,17430
Harith Iskander: I Told You So,17431
Zoé: Panoramas,17432
La Leyenda del Diamante,17433
Santo cachón,17434
Luna Petunia Return to Amazia,17435
Bahasha,17436
Enissa Amani: Ehrenwort,17437
The Unknown Hitman: The Story of El Cholo Adrián,17438
Puriyaatha Puthir,17439
Simplemente Manu NNa,17440
Babamın Ceketi,17441
Silence Is Welcome,17442
Life Plan A and B,17443
Grillo vs Grillo,17444
Neevevaro,17445
Sebastián Marcelo Wainraich,17446
Baby Mamas,17447
The Honeymoon Stand Up Special,17448
Lovefucked,17449
Fan of Amoory,17450
Satria Heroes: Revenge of the Darkness,17451
Stretch Armstrong: The Breakout,17452
Hajwala 2: Mysterious Mission,17453
Spiritual House,17454
Rise: Ini Kalilah,17455
Echcharikkai,17456
Verses of Love 2,17457
Kavin Jay : Everybody Calm Down!,17458
Unexpectedly Yours,17459
Afronta!,17460
Lilli,17461
Prince of Peoria: A Christmas Moose Miracle,17462
Highland: Thailand's Marijuana Awakening,17463
Match,17464
Komola Rocket,17465
D.L. Hughley: Contrarian,17466
Panoptic,17467
Joe Mande's Award-Winning Comedy Special,17468
Deliha 2,17469
Fabrizio Copano: solo pienso en mí,17470
Jen Kirkman: Just Keep Livin'?,17471
Wedy Atkalam,17472
Oga Bolaji,17473
Si Doel the Movie,17474
The Umbrella Academy,17475
The Secret of Skinwalker Ranch,17476
Virgin River,17477
The Gentlemen,17478
Demon Slayer: Kimetsu no Yaiba,17479
"Love, Death & Robots",17480
In the Dark,17481
Vinland Saga,17482
Tuca & Bertie,17483
Russian Doll,17484
Jurassic World: Camp Cretaceous,17485
The Witcher,17486
Bridgerton,17487
Control Z,17488
After Life,17489
A Call to Spy,17490
Surviving R. Kelly,17491
Are You Afraid of the Dark?,17492
The UnXplained,17493
The Queen's Gambit,17494
"Roswell, New Mexico",17495
Sex Education,17496
Dead to Me,17497
Capitani,17498
I Think You Should Leave with Tim Robinson,17499
Formula 1: Drive to Survive,17500
The Last Dance,17501
Locke & Key,17502
Outer Banks,17503
Emily in Paris,17504
The Rental,17505
Unbelievable,17506
Kingdom,17507
I'm Thinking of Ending Things,17508
The Irishman,17509
Blown Away,17510
Marianne,17511
Space Force,17512
Love on the Spectrum,17513
Never Have I Ever,17514
Extraction,17515
The Stranger,17516
My Octopus Teacher,17517
Synchronic,17518
The Promised Neverland,17519
"Yes, God, Yes",17520
Dracula,17521
The Platform,17522
Enola Holmes,17523
The Comey Rule,17524
The Old Guard,17525
Black Summer,17526
His House,17527
Marriage Story,17528
The Daily Life of the Immortal King,17529
Scary Stories to Tell in the Dark,17530
The Devil All the Time,17531
Lunana: A Yak in the Classroom,17532
Fantastic Fungi,17533
The King,17534
Alice in Borderland,17535
The Dark Crystal: Age of Resistance,17536
When They See Us,17537
Rambo: Last Blood,17538
The Haunting of Bly Manor,17539
1BR,17540
Trading Paint,17541
Sweet Magnolias,17542
Sweetheart,17543
Summerland,17544
Official Secrets,17545
Warrior Nun,17546
Pieces of a Woman,17547
21 Bridges,17548
6 Underground,17549
Mank,17550
I Care a Lot,17551
Don't F**k with Cats: Hunting an Internet Killer,17552
The Midnight Gospel,17553
El Camino: A Breaking Bad Movie,17554
Always Be My Maybe,17555
The Defeated,17556
The Social Dilemma,17557
Straight Up,17558
The Outpost,17559
Disappearance at Clifton Hill,17560
The Hateful Eight: Extended Version,17561
Triple Frontier,17562
Eurovision Song Contest: The Story of Fire Saga,17563
The Family,17564
Into the Night,17565
The Wandering Earth,17566
The Forgotten Battle,17567
Feel Good,17568
After We Collided,17569
In the Shadow of the Moon,17570
Code 8,17571
Crash Landing on You,17572
Fractured,17573
Ragnarok,17574
365 Days,17575
Love Is Blind,17576
Young Wallander,17577
Hollywood,17578
Our Planet,17579
The Chef Show,17580
Big Timber,17581
Raising Dion,17582
I Am Mother,17583
Ava,17584
The Trial of the Chicago 7,17585
Sweet Home,17586
The Dirt,17587
Ratched,17588
Can You Keep a Secret?,17589
The Politician,17590
Murder Mystery,17591
Da 5 Bloods,17592
The Midnight Sky,17593
The Cursed,17594
Top Boy,17595
Dorohedoro,17596
The Society,17597
Unorthodox,17598
The Twelve,17599
Barbarians,17600
Wine Country,17601
The Movies That Made Us,17602
The Wrong Missy,17603
She,17604
Five Feet Apart,17605
Brahms: The Boy II,17606
After,17607
Cursed,17608
Someone Great,17609
Lego Jurassic World: Legend of Isla Nublar,17610
Last Breath,17611
Living with Yourself,17612
Giri/Haji,17613
The Two Popes,17614
Rebecca,17615
The Wind,17616
The Spy,17617
Bad Trip,17618
Pokémon Journeys: The Series,17619
The Half of It,17620
Dolemite Is My Name,17621
The Prom,17622
Jeffrey Epstein: Filthy Rich,17623
Bogdan Boner: Egzorcysta,17624
Ophelia,17625
The Valhalla Murders,17626
Ma Rainey's Black Bottom,17627
The Last Czars,17628
The Call,17629
Hillbilly Elegy,17630
Selling Sunset,17631
Glow Up: Britain's Next Make-Up Star,17632
I Am Not Okay with This,17633
Paradise Hills,17634
WHAT / IF,17635
The Highwaymen,17636
Unsolved Mysteries,17637
Fast Color,17638
Cheer,17639
DC Super Hero Girls,17640
The Order,17641
Occupation: Rainfall,17642
Countdown,17643
Down to Earth with Zac Efron,17644
"Extremely Wicked, Shockingly Evil and Vile",17645
Kipo and the Age of Wonderbeasts,17646
We Summon the Darkness,17647
Ghost in the Shell: SAC_2045,17648
The Paper Tigers,17649
The Untamed,17650
Between Two Ferns: The Movie,17651
Too Hot to Handle,17652
The Game Changers,17653
Dick Johnson Is Dead,17654
Velvet Buzzsaw,17655
Another Life,17656
Love & Anarchy,17657
L.A.'s Finest,17658
Greatest Events of WWII in Colour,17659
Tiger King,17660
The Old Ways,17661
Undercover,17662
The Art of Incarceration,17663
The Laundromat,17664
Pokémon the Movie: Secrets of the Jungle,17665
Project Power,17666
In the Tall Grass,17667
Criminal: UK,17668
#Alive,17669
Tremors: Shrieker Island,17670
Traitors,17671
Merli: Dare to Know,17672
Backstreet Rookie,17673
Dare Me,17674
The English Game,17675
Hotel Del Luna,17676
Tread,17677
Paddleton,17678
Wu Assassins,17679
Lost Girls,17680
Fyre,17681
The Gentlemen's League,17682
The Wolf's Call,17683
To the Lake,17684
Pokemon the Movie: Mewtwo Strikes Back - Evolution,17685
The Red Sea Diving Resort,17686
Teenage Bounty Hunters,17687
Thackeray,17688
Away,17689
Charlie Says,17690
Crip Camp: A Disability Revolution,17691
Floor is Lava,17692
Julie and the Phantoms,17693
Polar,17694
The Silence,17695
How to Sell Drugs Online (Fast),17696
Ultraman,17697
Spenser Confidential,17698
Anima,17699
Dark Desire,17700
Ip Man 4: The Finale,17701
The Circle,17702
David Attenborough: A Life on Our Planet,17703
BEASTARS,17704
Messiah,17705
Doom: Annihilation,17706
Get Organized with The Home Edit,17707
Daybreak,17708
The Pharmacist,17709
I Lost My Body,17710
American Pie Presents: Girls' Rules,17711
Cut Throat City,17712
Blood of Zeus,17713
Schulz Saves America,17714
High Flying Bird,17715
The Water Man,17716
Northern Rescue,17717
Itaewon Class,17718
The Lost Husband,17719
IO,17720
Rocks,17721
Horse Girl,17722
Over the Moon,17723
Kiss the Ground,17724
Quicksand,17725
This Changes Everything,17726
Eli,17727
The Boy Who Harnessed the Wind,17728
Jiu Jitsu,17729
American Murder: The Family Next Door,17730
Start-Up,17731
Sintonia,17732
Atlantics,17733
It's Okay to Not Be Okay,17734
Her Private Life,17735
Equinox,17736
The Woods,17737
Rim of the World,17738
Middleditch & Schwartz,17739
The Vanished,17740
2 Hearts,17741
Bonding,17742
Avengement,17743
A Shaun the Sheep Movie: Farmageddon,17744
Conversations with a Killer: The Ted Bundy Tapes,17745
The Edge of All We Know,17746
Rolling Thunder Revue: A Bob Dylan Story by Martin Scorsese,17747
American Factory,17748
Fear City: New York vs The Mafia,17749
Inside Bill's Brain: Decoding Bill Gates,17750
Wasp Network,17751
Klaus,17752
The Uncanny Counter,17753
GREAT PRETENDER,17754
We Can Be Heroes,17755
All the Bright Places,17756
The Last Blockbuster,17757
The Great Hack,17758
The Baker and the Beauty,17759
V Wars,17760
High Score,17761
Night in Paradise,17762
The Disciple,17763
Special,17764
Street Food,17765
Oh My Baby,17766
The Boys in the Band,17767
Miss Americana,17768
High Seas,17769
Chambers,17770
The Forty-Year-Old Version,17771
The Letter for the King,17772
Lies and Deceit,17773
Transformers: War for Cybertron: Siege,17774
Audrey,17775
The Devil Next Door,17776
Calm with Horses,17777
Skylines,17778
White Lines,17779
Girl on the Third Floor,17780
Spinning Out,17781
Tales of the City,17782
Stateless,17783
Power Rangers Beast Morphers,17784
Vita & Virginia,17785
Captain Underpants: Epic Choice-o-rama,17786
Darwin's Game,17787
The Perfect Date,17788
Osmosis,17789
Tidying Up with Marie Kondo,17790
Love Wedding Repeat,17791
Disclosure,17792
Framing John DeLorean,17793
The Decline,17794
Patsy & Loretta,17795
What Lies Below,17796
The Sleepover,17797
Milkwater,17798
Selena: The Series,17799
Magamuni,17800
LEGO City Adventures,17801
Dash & Lily,17802
Bill Burr: Paper Tiger,17803
Carmen Sandiego,17804
Toy Boy,17805
Sergio,17806
The Lift Boy,17807
Made You Look: A True Story About Fake Art,17808
Vagabond,17809
The Swarm,17810
A Whisker Away,17811
Fatima,17812
Dave Chappelle: Sticks & Stones,17813
Aunty Donna's Big Ol House of Fun,17814
Caliphate,17815
Heaven Official's Blessing,17816
Tell Me Who I Am,17817
Wizards: Tales of Arcadia,17818
Concrete Cowboy,17819
"Live Twice, Love Once",17820
Astronomy Club: The Sketch Show,17821
The Boss Baby: Get That Baby!,17822
Uncorked,17823
The Last Summer,17824
Grand Army,17825
Next in Fashion,17826
Persona,17827
Killer Inside: The Mind of Aaron Hernandez,17828
Poms,17829
Barbie: Princess Adventure,17830
Nobody Sleeps in the Woods Tonight,17831
The Reason I Jump,17832
Violet Evergarden: The Movie,17833
Garth Brooks: The Road I'm On,17834
Biohackers,17835
The I-Land,17836
Jo Koy: Comin’ In Hot,17837
"The Mind, Explained",17838
The Operative,17839
Carole & Tuesday,17840
Arthdal Chronicles,17841
Green Eggs and Ham,17842
Challenger: The Final Flight,17843
See You Yesterday,17844
The Willoughbys,17845
Unabomber: In His Own Words,17846
Song Exploder,17847
Dragons: Rescue Riders,17848
Close,17849
The Ghost Bride,17850
The Silence of Others,17851
Cuties,17852
Hoops,17853
An Easy Girl,17854
Nate Bargatze: The Tennessee Kid,17855
The Babysitter: Killer Queen,17856
7SEEDS,17857
Mr. Iglesias,17858
Paranormal,17859
Gameboys,17860
The Liberator,17861
Tall Girl,17862
Cadaver,17863
The Baby-Sitters Club,17864
Get Even,17865
The Gift,17866
Prank Encounters,17867
Let It Snow,17868
Trinkets,17869
Holidate,17870
Sightless,17871
The Last Thing He Wanted,17872
ZZ Top: That Little Ol' Band from Texas,17873
Ju-On: Origins,17874
Dolly Parton's Heartstrings,17875
The Duchess,17876
October Faction,17877
Hache,17878
Super Deluxe,17879
System Crasher,17880
Unbreakable Kimmy Schmidt: Kimmy vs. the Reverend,17881
Medical Police,17882
My Unfamiliar Family,17883
Puerta 7,17884
The Last Kids on Earth,17885
Jenny Slate: Stage Fright,17886
The Barrier,17887
Valeria,17888
Trash Truck,17889
Lying and Stealing,17890
I'm No Longer Here,17891
Children of the Sea,17892
Dragonheart: Vengeance,17893
The Bonfire of Destiny,17894
9to5: The Story of A Movement,17895
Gentefied,17896
To All the Boys: P.S. I Still Love You,17897
Mystic Pop-up Bar,17898
BNA,17899
Hubie Halloween,17900
Designated Survivor: 60 Days,17901
Vampires vs. the Bronx,17902
Trial by Media,17903
Cannon Busters,17904
The Coldest Game,17905
Anthony Jeselnik: Fire in the Maternity Ward,17906
"Good Morning, Verônica",17907
AJ and the Queen,17908
Chef's Table: BBQ,17909
Rainbow High,17910
Turn Up Charlie,17911
The Stand In,17912
Earthquake Bird,17913
Falling Inn Love,17914
The Wedding Guest,17915
Miles Davis: Birth of the Cool,17916
Sneakerheads,17917
Family Business,17918
The Eddy,17919
Kevin Hart: Don't F**k This Up,17920
Don't Listen,17921
Altered Carbon: Resleeved,17922
Have a Good Trip: Adventures in Psychedelics,17923
The Mess You Leave Behind,17924
"Nisman. The Prosecutor, the President and the Spy",17925
Love 101,17926
The Lonely Island Presents: The Unauthorized Bash Brothers Experience,17927
Invader ZIM: Enter the Florpus,17928
Forensic,17929
The Confession Killer,17930
Kota Factory,17931
The Fable,17932
Broken,17933
How High 2,17934
Violet Evergarden: Eternity and the Auto Memories Doll,17935
A Love So Beautiful,17936
Lenox Hill,17937
The Stronghold,17938
Dream Home Makeover,17939
The Alcàsser Murders,17940
Coded Bias,17941
The Kindness of Strangers,17942
The Disappearance of Madeleine McCann,17943
Connected,17944
The InBESTigators,17945
I Am Woman,17946
Bigfoot Family,17947
Freud,17948
Death of Me,17949
Black Space,17950
Interior Design Masters,17951
No Good Nick,17952
Lost Bullet,17953
History 101,17954
Screwball,17955
Tigertail,17956
A Fall from Grace,17957
Ghosts of War,17958
Under the Eiffel Tower,17959
Trailer Park Boys: The Animated Series,17960
The Great Heist,17961
A Cinderella Story: Christmas Wish,17962
Friendsgiving,17963
Jerry Seinfeld: 23 Hours to Kill,17964
Michelle Wolf: Joke Show,17965
Death to 2020,17966
Lingua Franca,17967
The Least Expected Day: Inside the Movistar Team 2019,17968
Surviving R. Kelly: The Impact,17969
Article 15,17970
The Life Ahead,17971
The Hater,17972
Desperados,17973
My Holo Love,17974
Ares,17975
Romance Is a Bonus Book,17976
The Chosen One,17977
Dave Chappelle: The Kennedy Center Mark Twain Prize,17978
Ne Zha,17979
Becoming,17980
Home for Christmas,17981
Sebastian Maniscalco: Stay Hungry,17982
Captain Underpants: Mega Blissmas,17983
Delhi Crime,17984
Pup Academy,17985
The Possessed,17986
Fast & Furious Spy Racers,17987
1994,17988
Miracle in Cell No. 7,17989
Hospital Playlist,17990
The Playbook,17991
The Occupant,17992
100 Humans: Life's Questions. Answered.,17993
Japan Sinks: 2020,17994
The Ripper,17995
Killer Ratings,17996
Gabriel Iglesias: One Show Fits All,17997
The Cabin with Bert Kreischer,17998
Nikki Glaser: Bangin',17999
Detention,18000
Queen Sono,18001
The Sky Is Pink,18002
Alien Worlds,18003
Rise of Empires: Ottoman,18004
Losers,18005
Money Heist: The Phenomenon,18006
Words Bubble Up Like Soda Pop,18007
Freaks – You're One of Us,18008
The King: Eternal Monarch,18009
Basketball or Nothing,18010
How to Fix a Drug Scandal,18011
Deaf U,18012
Hannah Gadsby: Douglas,18013
Merry Happy Whatever,18014
We Are the Wave,18015
Rilakkuma and Kaoru,18016
Time to Hunt,18017
Love Alarm,18018
Nobody's Looking,18019
"Sex, Explained",18020
Almost Love,18021
The Neighbor,18022
We Are the Champions,18023
We Die Young,18024
Jo Koy: In His Elements,18025
The Last Days of American Crime,18026
Taylor Tomlinson: Quarter-Life Crisis,18027
Who Killed Little Gregory?,18028
Until Dawn,18029
Lunatics,18030
The Speed Cubers,18031
Apache: The Life of Carlos Tevez,18032
Vampires,18033
Jamtara – Sabka Number Ayega,18034
When the Camellia Blooms,18035
Human Nature,18036
Record of Youth,18037
Dating Around,18038
Les de l'hoquei,18039
Benchwarmers 2: Breaking Balls,18040
Holiday in the Wild,18041
Self Made: Inspired by the Life of Madam C.J. Walker,18042
The Last Word,18043
Jingle Jangle: A Christmas Journey,18044
The Unlisted,18045
Circus of Books,18046
Transformers: War for Cybertron: Earthrise,18047
Tiny Pretty Things,18048
Dangerous Lies,18049
The Endless Trench,18050
Brené Brown: The Call to Courage,18051
Your Name Engraved Herein,18052
Dance of the Forty One,18053
Me Against You: Mr. S's Vendetta,18054
Summertime,18055
Inside Man: Most Wanted,18056
Luna Nera,18057
Extracurricular,18058
Always a Witch,18059
Tom Segura: Ball Hog,18060
Rugal,18061
Secret Obsession,18062
Ultramarine Magmell,18063
Monarca,18064
Exhibit A,18065
"Breakfast, Lunch & Dinner",18066
Iron Fists and Kung Fu Kicks,18067
American Son,18068
"Bikram: Yogi, Guru, Predator",18069
Bethany Hamilton: Unstoppable,18070
The Unsettling,18071
The Goop Lab,18072
Pandemic: How to Prevent an Outbreak,18073
Coffee & Kareem,18074
Walk. Ride. Rodeo.,18075
Brother,18076
Run On,18077
The Innocence Files,18078
Silver Skates,18079
Hyperdrive,18080
Best Leftovers Ever!,18081
Thomas & Friends: Marvelous Machinery,18082
Debt Collectors,18083
One Spring Night,18084
Drug Squad: Costa del Sol,18085
#blackAF,18086
The Body Remembers When the World Broke Open,18087
Power Players,18088
Mighty Express,18089
Typewriter,18090
Kengan Ashura,18091
Restaurants on the Edge,18092
Diagnosis,18093
Badla,18094
Wonder Boy,18095
The Show Must Go On: The Queen + Adam Lambert Story,18096
Mike Birbiglia: The New One,18097
Bloodride,18098
You vs. Wild,18099
Game Over,18100
Babies,18101
Historical Roasts,18102
The Forest of Love,18103
Omniscient,18104
Mortel,18105
Elisa & Marcela,18106
The Hard Way,18107
The Edge of Democracy,18108
The Crimes That Bind,18109
Put Your Head on My Shoulder,18110
"Love, Guaranteed",18111
The Kissing Booth 2,18112
Undercover Brother 2,18113
La Révolution,18114
Chocolate,18115
Dear Mother,18116
The Circle France,18117
The Trial,18118
Touch Your Heart,18119
The F**k-It List,18120
The Minions of Midas,18121
LEGO Marvel Spider-Man: Vexed by Venom,18122
Ni de coña,18123
Betaal,18124
My Country: The New Age,18125
The Letter Reader,18126
Rookie Historian Goo Hae-Ryung,18127
Legend of Exorcism,18128
Homecoming: A Film by Beyoncé,18129
Ricky Zoom,18130
NiNoKuni,18131
Hard Kill,18132
World Famous Lover,18133
"Hi Bye, Mama!",18134
The 2nd,18135
BREAK IT ALL: The History of Rock in Latin America,18136
The Surgeon's Cut,18137
Nobody Knows I'm Here,18138
John Mulaney & The Sack Lunch Bunch,18139
Pets United,18140
Aziz Ansari: Right Now,18141
Seized,18142
Dolly Parton: Here I Am,18143
My First First Love,18144
Shadow,18145
Women of the Night,18146
(Un)Well,18147
Abyss,18148
The Naked Director,18149
Asphalt Burning,18150
A Secret Love,18151
SAINT SEIYA: Knights of the Zodiac,18152
All My Friends Are Dead,18153
Rose Island,18154
The Grizzlies,18155
Nadiya Bakes,18156
The Son,18157
American Woman,18158
The School Nurse Files,18159
Skylines,18160
Kidnapping Stella,18161
Jim Jefferies: Intolerant,18162
Work It,18163
Burning Cane,18164
A Sun,18165
A Babysitter's Guide to Monster Hunting,18166
In Family I Trust,18167
Criminal: Spain,18168
Roped,18169
Do Do Sol Sol La La Sol,18170
A Remarkable Tale,18171
Was It Love?,18172
Curon,18173
LEGO Marvel Avengers: Climate Conundrum,18174
Making The Witcher,18175
Athlete A,18176
Trouble,18177
Rocko's Modern Life: Static Cling,18178
Catch! Teenieping,18179
Holiday on Mars,18180
Blood & Water,18181
So My Grandma's a Lesbian!,18182
Mosul,18183
Sing On!,18184
Lovestruck in the City,18185
Jarhead: Law of Return,18186
Twice Upon a Time,18187
Til Death Do Us Part,18188
Immigration Nation,18189
Terrace House: Tokyo 2019-2020,18190
Magical Andes,18191
Mythomaniac,18192
The Trials of Gabriel Fernandez,18193
Go!,18194
Tiny Creatures,18195
45 RPM,18196
ReMastered: The Two Killings of Sam Cooke,18197
The Circle Brazil,18198
Search: WWW,18199
Grass Is Greener,18200
Followers,18201
The Big Show Show,18202
Brotherhood,18203
Cooked With Cannabis,18204
Private Lives,18205
The Club,18206
David Foster: Off the Record,18207
Double World,18208
Dragon's Dogma,18209
Carmel: Who Killed Maria Marta?,18210
The Big Flower Fight,18211
Flavorful Origins,18212
The King's Avatar,18213
Can You Hear Me?,18214
Rogue City,18215
Watchman,18216
Unstoppable,18217
Kolaiyuthir Kaalam,18218
"Best Wishes, Warmest Regards: A Schitt's Creek Farewell",18219
Only Mine,18220
Tom Papa: You're Doing Great!,18221
Skin Decision: Before and After,18222
How I Became a Super Hero,18223
It's Bruno!,18224
Oktoberfest: Beer & Blood,18225
Unknown Origins,18226
Shaun the Sheep: Adventures from Mossy Bottom,18227
Criminal: France,18228
Three Days of Christmas,18229
Dragon Rider,18230
The American Barbecue Showdown,18231
Ala Vaikunthapurramuloo,18232
"Frankenstein's Monster's Monster, Frankenstein",18233
Hook,18234
Almost Happy,18235
Win the Wilderness: Alaska,18236
Drive,18237
Footfairy,18238
Marc Maron: End Times Fun,18239
Her Mother's Killer,18240
Stand by Me Doraemon 2,18241
Otherhood,18242
BLACKPINK: Light Up the Sky,18243
Street Food: Latin America,18244
Ammar,18245
Hope Frozen,18246
Patton Oswalt: I Love Everything,18247
Sextuplets,18248
ReMastered: Devil at the Crossroads,18249
Justine,18250
Archibald's Next Big Thing,18251
Paava Kadhaigal,18252
Frontera Verde,18253
The Legend of White Snake,18254
Eye for an Eye,18255
Ethos,18256
Masaba Masaba,18257
Absurd Planet,18258
If Anything Happens I Love You,18259
Rhythm + Flow,18260
My Perfect Landing,18261
Feel the Beat,18262
"Oh, Ramona!",18263
Furie,18264
"Whose Vote Counts, Explained",18265
Rattlesnake,18266
Rich in Love,18267
El Dragón: Return of a Warrior,18268
Criminal: Germany,18269
Who Killed Malcolm X?,18270
Coven,18271
Ready to Mingle,18272
M8 - When Death Rescues Life,18273
Out of My League,18274
The Forest of Love: Deep Cut,18275
Best of Stand-up 2020,18276
Jimmy Carr: The Best of Ultimate Gold Greatest Hits,18277
The Paramedic,18278
Let's Dance,18279
A Life of Speed: The Juan Manuel Fangio Story,18280
Kardec,18281
4 latas,18282
Kevin Hart: Zero F**ks Given,18283
Reality Z,18284
Awake: The Million Dollar Game,18285
Inhuman Kiss,18286
Mystery Lab,18287
Drifting Dragons,18288
Beyblade Burst Rise,18289
Taco Chronicles,18290
Whispers,18291
Go! Live Your Way,18292
Back with the Ex,18293
Ashley Garcia: Genius in Love,18294
What We Wanted,18295
The Legacy of the Bones,18296
Serious Men,18297
Sky High,18298
Michael McIntyre: Showman,18299
Night on Earth,18300
"The Witcher Bestiary Season 1, Part 2",18301
Svaha: The Sixth Finger,18302
SanPa: Sins of the Savior,18303
Legacy of Lies,18304
El Final del Paraíso,18305
Definition Please,18306
The Business of Drugs,18307
Alien TV,18308
Malibu Rescue: The Series,18309
Black Dog,18310
Wanda Sykes: Not Normal,18311
Love Aaj Kal,18312
All Day and a Night,18313
Heroes of Goo Jit Zu,18314
Emily's Wonder Lab,18315
Wish Upon a Unicorn,18316
The Black Godfather,18317
The Witcher: A Look Inside the Episodes,18318
Dino Girl Gauko,18319
Korean Pork Belly Rhapsody,18320
The Iliza Shlesinger Sketch Show,18321
Grand-Daddy Day Care,18322
The Queen and the Conqueror,18323
The Stranded,18324
You Cannot Hide,18325
The Last Laugh,18326
Pete Davidson: Alive from New York,18327
Sin City,18328
Katherine Ryan: Glitter Room,18329
Well-Intended Love,18330
Seventeen,18331
The Idhun Chronicles,18332
Mismatched,18333
Jack Whitehall: I'm Only Joking,18334
Bulletproof 2,18335
Shawn Mendes: In Wonder,18336
"Coronavirus, Explained",18337
Alice Júnior,18338
School Life,18339
El Pepe: A Supreme Life,18340
The Good Detective,18341
Glitch Techs,18342
Family Reunion,18343
Brews Brothers,18344
Last One Standing,18345
Seis Manos,18346
Anitta: Made in Honório,18347
Hikaru Utada Laughter in the Dark Tour 2018,18348
Raat Akeli Hai,18349
Patria,18350
The Ruthless,18351
Bolívar: Una lucha admirable,18352
Lady Driver,18353
Under the Riccione Sun,18354
Tijuana,18355
Stolen Away,18356
Extreme Engagement,18357
Yankee,18358
Good Sam,18359
Funny Boy,18360
Monzón: A Knockout Blow,18361
Girls from Ipanema,18362
Kevin Hart: Irresponsible,18363
Airplane Mode,18364
Paradise Beach,18365
Petta,18366
LA Originals,18367
Graceful Friends,18368
The Crowned Clown,18369
Romance Doll,18370
A California Christmas,18371
The Writer,18372
Secrets of the Saqqara Tomb,18373
MOTHER,18374
revisions,18375
Indian Matchmaking,18376
Alien Warfare,18377
The Bridge Curse,18378
COMEDIANS of the world,18379
Huge in France,18380
Ghost Stories,18381
Over Christmas,18382
Funan,18383
Sturgill Simpson Presents Sound & Fury,18384
Examination of Conscience,18385
The Knight Before Christmas,18386
Black Beach,18387
Hospital,18388
Ella Fitzgerald: Just One of Those Things,18389
Leila,18390
Enter the Anime,18391
Offering to the Storm,18392
Trigger Warning with Killer Mike,18393
Our Planet: Behind the Scenes,18394
Levius,18395
The Victims' Game,18396
Possessed,18397
The Devil Punisher,18398
The Binding,18399
Back of the Net,18400
Knock Down the House,18401
Romeo Akbar Walter,18402
Izzy's Koala World,18403
La Línea: Shadow of Narco,18404
Seven,18405
Parchís: the Documentary,18406
Trial 4,18407
Memories of a Teenager,18408
Notes for My Son,18409
Rising Phoenix,18410
A Love Song for Latasha,18411
Made in China,18412
A Perfect Crime,18413
Scams,18414
Welcome to Sudden Death,18415
Operation Christmas Drop,18416
World's Most Wanted,18417
Eeb Allay Ooo!,18418
The Influence,18419
The Healing Powers of Dude,18420
Brave Blue World,18421
DNA,18422
Rising High,18423
The Irishman: In Conversation,18424
Spelling the Dream,18425
Rogue Warfare: Death of a Nation,18426
Monster Run,18427
Someone Has to Die,18428
Crime Diaries: Night Out,18429
All For Love,18430
Youth v Gov,18431
The Prince of Tennis,18432
Really Love,18433
Guilty,18434
Rhys Nicholson: Live at the Athenaeum,18435
Dragons: Rescue Riders: Secrets of the Songwing,18436
Wira,18437
Malaal,18438
Chief of Staff,18439
Ronny Chieng: Asian Comedian Destroys America!,18440
All Together Now,18441
Nadiya's Time to Eat,18442
Luka Chuppi,18443
Hong Kong West Side Stories,18444
Bheeshma,18445
Calum von Moger: Unbroken,18446
Octonauts and the Caves of Sac Actun,18447
18 Presents,18448
Handsome Siblings,18449
Panipat,18450
Cinderela Pop,18451
Isi & Ossi,18452
Yanxi Palace: Princess Adventures,18453
Fatal Affair,18454
The Millions,18455
Maria,18456
Residue,18457
The Silence of the Marsh,18458
Beats,18459
Eric Andre: Legalize Everything,18460
Pinky Malinky,18461
Wheels of Fortune,18462
Christmas Crossfire,18463
Twelve Forever,18464
The Scary House,18465
A Little Thing Called First Love,18466
Flinch,18467
My Dear Warrior,18468
Nowhere Man,18469
Room 2806: The Accusation,18470
Picture a Scientist,18471
Xico's Journey,18472
Team Kaylie,18473
"Hello, Privilege. It's Me, Chelsea",18474
"Berlin, Berlin",18475
The Main Event,18476
How To Ruin Christmas,18477
Kannum Kannum Kollaiyadithaal,18478
"ariana grande: excuse me, i love you",18479
Jailbirds,18480
Bobbleheads: The Movie,18481
The Christmas Chronicles: Part Two,18482
Octonauts and the Great Barrier Reef,18483
Malibu Rescue,18484
It Takes a Lunatic,18485
The Princess Switch: Switched Again,18486
Bert Kreischer: Hey Big Boy,18487
Midnight at the Magnolia,18488
Girls with Balls,18489
A Kid from Coney Island,18490
Soni,18491
Malang,18492
Mrs. Serial Killer,18493
Tragic Jungle,18494
Dancing with the Birds,18495
Rubaru Roshni,18496
The Man Without Gravity,18497
The Search,18498
Rhyme Time Town,18499
Shine Your Eyes,18500
Cagaster of an Insect Cage,18501
The Little Switzerland,18502
Mucho Mucho Amor: The Legend of Walter Mercado,18503
Menendez: The Day of the Lord,18504
Single Slipper Size - 7,18505
Happy Old Year,18506
37 Seconds,18507
Keeping the Bees,18508
Once Upon a Time in Lingjian Mountain,18509
Psycho,18510
Social Distance,18511
Say I Do,18512
Simon Amstell: Set Free,18513
The Most Dangerous Man in Europe,18514
Bard of Blood,18515
Jinn,18516
Dragon Quest: Your Story,18517
Jack Whitehall: Christmas with my Father,18518
Full Out 2: You Got This!,18519
Tune in for Love,18520
#AnneFrank. Parallel Stories,18521
Who Would You Take to a Deserted Island?,18522
Sarah Cooper: Everything's Fine,18523
Paris Is Us,18524
Home Game,18525
The Path of the Anaconda,18526
A Christmas Prince: The Royal Baby,18527
All the Freckles in the World,18528
Oprah Winfrey Presents: When They See Us Now,18529
Go! Go! Cory Carson,18530
Out of the Clear Blue Sky,18531
Triad Princess,18532
Quiet,18533
Fortune Feimster: Sweet & Salty,18534
Gather,18535
Sitting in Limbo,18536
Bombay Rose,18537
Jo Pil-ho: The Dawning Rage,18538
Maradona in Mexico,18539
ReMastered: The Miami Showband Massacre,18540
Amy Schumer: Growing,18541
Motichoor Chaknachoor,18542
Chris D'Elia: No Pain,18543
A New York Christmas Wedding,18544
Classmates Minus,18545
Little Big Women,18546
I Hear You,18547
Charlie's Colorforms City,18548
Kissing Game,18549
Nailed It! Spain,18550
"Lorena, Light-footed Woman",18551
Adú,18552
Playing with Fire,18553
My Husband Won't Fit,18554
Indoo Ki Jawani,18555
Franco Escamilla: bienvenido al mundo,18556
Door Ke Darshan,18557
"Sí, Mi Amor",18558
Class of '83,18559
Somewhere Only We Know,18560
Jungle Beat: The Movie,18561
Villain,18562
Bigflo & Oli: Hip Hop Frenzy,18563
Million Dollar Beach House,18564
Shanghai Fortress,18565
Kabir Singh,18566
Seth Meyers: Lobby Baby,18567
Firebrand,18568
Deadly Switch,18569
Whitney Cummings: Can I Touch It?,18570
Hyena,18571
Stay Tuned!,18572
Jeff Dunham: Beside Himself,18573
Uma Maheswara Ugra Roopasya,18574
Gunjan Saxena: The Kargil Girl,18575
The Beast,18576
Kitty Love: An Homage to Cats,18577
Sing On! Germany,18578
Nate: A One Man Show,18579
Cargo,18580
The Yin-Yang Master: Dream of Eternity,18581
Hazel Brugger: Tropical,18582
Uyare,18583
Holiday Secrets,18584
StarBeam,18585
Choked: Paisa Bolta Hai,18586
Òlòtūré,18587
My Next Guest with David Letterman and Shah Rukh Khan,18588
Travis Scott: Look Mom I Can Fly,18589
Tell Me When,18590
Twogether,18591
Bridezilla,18592
Canvas,18593
Futmalls.com,18594
Emicida: AmarElo - It's All for Yesterday,18595
Shawn Mendes: Live in Concert,18596
The (Silent) War,18597
I Am Vengeance: Retaliation,18598
The Match,18599
Lugar de Mulher,18600
The Lies Within,18601
Afonso Padilha: Classless,18602
Queer Eye: We're in Japan!,18603
Fierce,18604
The Lost Okoroshi,18605
Lift Like a Girl,18606
The Trap,18607
Road to Roma,18608
Larry the Cable Guy: Remain Seated,18609
Asphalt Goddess,18610
The Crystal Calls - Making The Dark Crystal: Age of Resistance,18611
The Spooky Tale of Captain Underpants Hack-a-Ween,18612
The Road to El Camino: Behind the Scenes of El Camino: A Breaking Bad Movie,18613
The Smart Money Woman,18614
Tiffany Haddish Presents: They Ready,18615
Sing On! Spain,18616
Cemara's Family,18617
Ek Ladki Ko Dekha Toh Aisa Laga,18618
"Los Briceño, una familia todo terreno",18619
A Thousand Goodnights,18620
Ben Platt: Live from Radio City Music Hall,18621
The Larva Island Movie,18622
Ultras,18623
"Ken Jeong: You Complete Me, Ho",18624
Larry Charles' Dangerous World of Comedy,18625
The Stand at Paxton County,18626
A Queen Is Born,18627
A Second Chance: Rivals!,18628
YooHoo to the Rescue,18629
Murder to Mercy - The Cyntoia Brown Story,18630
Alex Fernández: The Best Comedian in the World,18631
Angela's Christmas Wish,18632
Strain,18633
"¡Ay, mi madre!",18634
Ramprasad Ki Tehrvi,18635
Bulbbul,18636
Narcoworld: Dope Stories,18637
Thiago Ventura: POKAS,18638
Red Snow,18639
Dolly Parton's Christmas on the Square,18640
You've Got This,18641
"Rob Schneider: Asian Momma, Mexican Kids",18642
Los Tigres del Norte at Folsom Prison,18643
Despite Everything,18644
Sleepless Society NYCTOPHOBIA,18645
Tiffany Haddish: Black Mitzvah,18646
Into the Beat,18647
Blanche Gardin - Bonne nuit Blanche,18648
What the F* Is Going On?,18649
Cuddle Weather,18650
I'm with the Band: Nasty Cherry,18651
The Three Deaths of Marisela Escobedo,18652
Rogue Warfare: The Hunt,18653
Taj Mahal 1989,18654
99 Songs,18655
Juman,18656
Uncovered,18657
J-Style Trip,18658
John Was Trying to Contact Aliens,18659
The Rope Curse 2,18660
Bennett's War,18661
Night on Earth: Shot in the Dark,18662
Shikara,18663
A Land Imagined,18664
Hating Peter Tatchell,18665
Twin Murders: The Silence of the White City,18666
The Underclass,18667
The Man Who Feels No Pain,18668
The Boys in the Band: Something Personal,18669
Any Crybabies Around?,18670
Holiday Rush,18671
GAME ON: A Comedy Crossover Event,18672
Love,18673
Making Unorthodox,18674
The Body,18675
Thambi,18676
The Blue Elephant 2,18677
A Choo,18678
The Claus Family,18679
Sillu Karupatti,18680
K. D.,18681
Street Flow,18682
Carmen Sandiego: To Steal or Not to Steal,18683
Torbaaz,18684
Sam Jay: 3 in the Morning,18685
Ma Rainey's Black Bottom: A Legacy Brought to Screen,18686
The Magic School Bus Rides Again: Kids in Space,18687
Crime Diaries: The Candidate,18688
Sakho & Mangane,18689
Secreto bien guardado,18690
Iliza Shlesinger: Unveiled,18691
Michelle Buteau: Welcome to Buteaupia,18692
Vikruthi,18693
Nasha Natasha,18694
Manmadhudu 2,18695
Cops and Robbers,18696
Just Another Christmas,18697
Legend Quest: Masters of Myth,18698
Miss India,18699
The App,18700
Once Upon A Time,18701
Dance Dreams: Hot Chocolate Nutcracker,18702
Earth and Blood,18703
Hello Ninja,18704
Once Again,18705
So Much Love to Give,18706
True: Terrific Tales,18707
Dragons: Rescue Riders: Hunt for the Golden Dragon,18708
Intuition,18709
Still Laugh-In: The Stars Celebrate,18710
Mi amigo Alexis,18711
Vir Das: For India,18712
True: Friendship Day,18713
Shimla Mirchi,18714
Oh! Baby,18715
Felix Lobrecht: Hype,18716
Evelyn,18717
The Unknown Saint,18718
Penalty,18719
Singapore Social,18720
Living Undocumented,18721
All in My Family,18722
Albert  Pinto Ko Gussa Kyun Aata Hai?,18723
Spirit Riding Free: Spirit of Christmas,18724
AK vs AK,18725
Nneka the Pretty Serpent,18726
Varane Avashyamund,18727
Oldsters,18728
The Fabulous Lives of Bollywood Wives,18729
Chopsticks,18730
U-Turn,18731
Kappela,18732
The Fisherman's Diary,18733
Back to School,18734
Holiday Home Makeover with Mr. Christmas,18735
After the Raid,18736
Hasmukh,18737
ReMastered: Massacre at the Stadium,18738
Fearless,18739
Chaman Bahar,18740
Reframe THEATER EXPERIENCE with you,18741
Sugar Rush Christmas,18742
Sethum Aayiram Pon,18743
Happy Jail,18744
ReMastered: The Lion's Share,18745
Thomas & Friends: Digs & Discoveries,18746
"Ray Romano: Right Here, Around the Corner",18747
Arsenio Hall: Smart and Classy,18748
Cricket Fever: Mumbai Indians,18749
Guna 369,18750
Buddi,18751
High & Low: The Worst,18752
Whipped,18753
Chico Bon Bon: Monkey with a Tool Belt,18754
Felipe Esparza: Bad Decisions,18755
Masameer: The Movie,18756
Mighty Little Bheem,18757
Luccas Neto in: Summer Camp,18758
Tobot Galaxy Detectives,18759
Bulbul Can Sing,18760
Maska,18761
The 3rd Eye 2,18762
Dead Kids,18763
Too Handsome To Handle,18764
Ginny Weds Sunny,18765
Dark City Beneath the Beat,18766
The Car: Road to Revenge,18767
Jezebel,18768
Kenny Sebastian: The Most Interesting Person in the Room,18769
Find Yourself,18770
Father Soldier Son,18771
Juanita,18772
A Family Reunion Christmas,18773
Nimbe: The Movie,18774
Scarecrow,18775
Chippa,18776
Isa Pa with Feelings,18777
Fire in Paradise,18778
Omo Ghetto: The Saga,18779
Spookley and the Christmas Kittens,18780
The Knight and the Princess,18781
The End,18782
Ari Eldjárn: Pardon My Icelandic,18783
Boi,18784
Showtime 1958,18785
Six Windows in the Desert,18786
One-Way to Tomorrow,18787
"Colin Quinn: Red State, Blue State",18788
Malibu Rescue: The Next Wave,18789
Money Trap,18790
Kaali Khuhi,18791
Nothing to Lose 2,18792
Blood Will Tell,18793
George Lopez: We'll Do It for Half,18794
Sexy Central,18795
Time Out,18796
Dark Forces,18797
Pegasus,18798
Bhangra Paa Le,18799
Milestone,18800
Bhaag Beanie Bhaag,18801
122,18802
Saavat,18803
Dorasani,18804
Krishna and His Leela,18805
A Go! Go! Cory Carson Halloween,18806
Green Door,18807
Axone,18808
Dilan 1991,18809
Booba: Food Puzzle,18810
A Go! Go! Cory Carson Christmas,18811
Dying to Tell,18812
Tootsies & The Fake,18813
Tee Shot: Ariya Jutanugarn,18814
Fary: Hexagone,18815
Nailed It! Germany,18816
Namaste Wahala,18817
Guillermo Vilas: Settling the Score,18818
The Beginning of Life 2: Outside,18819
90 ML,18820
Soulmate,18821
Citation,18822
Adam Devine: Best Time of Our Lives,18823
Nailed It! Mexico,18824
Dogwashers,18825
Small Chops,18826
Kaagar,18827
Sol Levante,18828
Valentino,18829
Stunt School,18830
Bypass Road,18831
La Vocera,18832
Fan Girl,18833
Ahaan,18834
Ricardo Quevedo: los amargados somos más,18835
Deon Cole: Cole Hearted,18836
Who's the Boss,18837
27 Steps of May,18838
Mere Pyare Prime Minister,18839
The Netflix Afterparty: The Best Shows of The Worst Year,18840
No hay tiempo para la vergüenza,18841
Brother in Love,18842
All Because of You,18843
Urzila Carlson: Overqualified Loser,18844
From Stress to Happiness,18845
Luccas Neto em: Uma Babá Muito Esquisita,18846
Word Party Songs,18847
Bangkok Love Stories: Plead,18848
You Are My Home,18849
Jai Mummy Di,18850
The 43,18851
Kings of Jo'Burg,18852
Bad Boy Billionaires: India,18853
One Day We'll Talk About Today,18854
Perfume Imaginary Museum “Time Warp”,18855
Mauricio Meirelles: Generating Chaos,18856
Spectros,18857
Dolly Kitty and Those Twinkling Stars,18858
Giving Voice,18859
The Unremarkable Juanquini,18860
Mariposa,18861
True: Happy Hearts Day,18862
Kedibone,18863
Kevin Hart's Guide to Black History,18864
London Hughes: To Catch A D*ck,18865
Jeff Garlin: Our Man in Chicago,18866
Encounters,18867
Milea,18868
Guatemala: Heart of the Mayan World,18869
The House of Flowers Presents: The Funeral,18870
"Wait, My Youth",18871
Furtive,18872
Voices of Fire,18873
Illegal Woman,18874
Not a Game,18875
The Defected,18876
Leslie Jones: Time Machine,18877
The Magic School Bus Rides Again: The Frizz Connection,18878
Country Ever After,18879
Seriously Single,18880
Four Sisters Before the Wedding,18881
Girl's Revenge,18882
Velvet Colección: Grand Finale,18883
Dollar,18884
Aaviri,18885
A Home with a View,18886
The Claudia Kishi Club,18887
A Trash Truck Christmas,18888
RattleSnake: The Ahanna Story,18889
The Bling Lagosians,18890
Sitara,18891
Léa & I,18892
Mundina Nildana,18893
Bookmarks: Celebrating Black Voices,18894
Tuna Girl,18895
Mo Gilligan: Momentum,18896
This Lady Called Life,18897
Andre and His Olive Tree,18898
Go! Go! Cory Carson: The Chrissy,18899
Guddiyan Patole,18900
Maradona's Legs,18901
Kaamyaab,18902
Santana,18903
Hunter in the Blue Side of Manchester,18904
A Perfect Day for Arsenide,18905
Tarung Sarung,18906
A Go! Go! Cory Carson Summer Camp,18907
True: Wuzzle Wegg Day,18908
I Have A Script,18909
Gold Statue,18910
The Zoya Factor,18911
"Hello, Love, Goodbye",18912
Super Monsters Furever Friends,18913
Hot Gimmick: Girl Meets Boy,18914
Yeh Ballet,18915
糖糖Online,18916
Andhaghaaram,18917
Liss Pereira: Reteniendo Liquidos,18918
Southern Survival,18919
Answer for Heaven,18920
Wave of Cinema: Filosofi Kopi,18921
Hire a Woman,18922
Super Monsters Save Christmas,18923
True: Tricky Treat Day,18924
I'm Leaving Now,18925
Ludo,18926
Mallesham,18927
Super Monsters: The New Class,18928
Mike Epps: Only One Mike,18929
Kill Me If You Dare,18930
The 9th Precinct,18931
True: Winter Wishes,18932
Whindersson Nunes: Adulto,18933
Ratones Paranoicos: The Band That Rocked Argentina,18934
Styling Hollywood,18935
"Kalel, 15",18936
Kandasamys: The Wedding,18937
Birders,18938
A Tale of Two Kitchens,18939
Mujeres arriba,18940
2 Weeks in Lagos,18941
Kids on the Block,18942
Eggnoid: Love & Time Portal,18943
Asura Guru,18944
Bangkok Buddies,18945
Kaake Da Viyah,18946
Horrid Henry's Gross Day Out,18947
House Arrest,18948
Beyond the Boundary: ICC Women's T20 World Cup Australia 2020,18949
Bombairiya,18950
Dad Wanted,18951
Rooting for Roona,18952
Revenge of the Pontianak,18953
Wanted - Matloubin,18954
Love for Sale 2,18955
Uriyadi 2,18956
Chhota Bheem Ka Roosi Romanch,18957
Irandam Ulagaporin Kadaisi Gundu,18958
Unroyal,18959
Carlos Almaraz: Playing with Fire,18960
Hamid,18961
Life Overtakes Me,18962
David A. Arnold Fat Ballerina,18963
Upstarts,18964
Mehandi Circus,18965
Feo pero Sabroso,18966
This Earth of Mankind,18967
The American Game,18968
Francesco De Carlo: Cose di Questo Mondo,18969
#FriendButMarried 2,18970
Elf Pets: Santa's Reindeer Rescue,18971
Sarvam Thaala Mayam,18972
Spirit Riding Free: Ride Along Adventure,18973
Fadily Camara: La plus drôle de tes copines,18974
Anelka: Misunderstood,18975
Mohamed Hussein,18976
American Factory: A Conversation with the Obamas,18977
Cultivating the Seas: History and Future of the Full-Cycle Cultured Kindai Tuna,18978
Mokalik (Mechanic),18979
Amit Tandon: Family Tandoncies,18980
The Panti Sisters,18981
15 August,18982
Antoine Griezmann: The Making of a Legend,18983
Dear Affy,18984
Sur Sapata,18985
Luccas Neto in: Children's Day,18986
Death Can Wait,18987
Super Monsters Back to School,18988
Love Like the Falling Rain,18989
Marjoun and the Flying Headscarf,18990
Kilometers and Kilometers,18991
Ghosts of Sugar Land,18992
Pinkfong & Baby Shark's Space Adventure,18993
One Take,18994
Ali & Alia,18995
Love and Fury,18996
Maniyarayile Ashokan,18997
Gone,18998
Motu Patlu the Superheroes – Super Villains from Mars,18999
Born Beautiful,19000
Quam's Money,19001
To Be of Service,19002
What are the Odds?,19003
"Sincerely Yours, Dhaka",19004
Fukrey Boyzzz: Space Mein Fukrapanti,19005
DeMarcus Family Rules,19006
Si Doel the Movie 3,19007
Zulu Man in Japan,19008
Grego Rossello: Disculpe las molestias,19009
Baewatch: Parental Guidance,19010
Super Monsters: Dia de los Monsters,19011
"Blue, Painful, and Brittle",19012
Kalek Shanab,19013
Sky Tour: The Movie,19014
The Charming Stepmom,19015
Saverio Raimondo: Il Satiro Parlante,19016
Lola Igna,19017
Generasi 90an: Melankolia,19018
Mutiny of the Worker Bees,19019
I'm Glad I Did,19020
RK Nagar,19021
"Martin Matte: La vie, la mort... eh la la..!",19022
3 Logical Exits,19023
David Batra: Elephant in The Room,19024
Arashi's Diary: Voyage,19025
Evvarikee Cheppoddu,19026
The House Arrest of Us,19027
"Hoshino Gen Dome Tour ""POP VIRUS"" at Tokyo Dome",19028
Ave Maryam,19029
Uncle Naji in UAE,19030
Voiceless,19031
Mayday Life,19032
Super Monsters: Vida's First Halloween,19033
Children of Adam,19034
40 Sticks,19035
Belmonte,19036
An Unremarkable Christmas,19037
Nailed It! France,19038
Kambili: The Whole 30 Yards,19039
Wave of Cinema: Surat Dari Timur,19040
GIMS: On the Record,19041
Mighty Little Bheem: Festival of Colors,19042
Between Maybes,19043
Alone/Together,19044
StarBeam: Halloween Hero,19045
"Yours Sincerely, Kanan Gill",19046
Ladies Up,19047
Finding Hubby,19048
We Are One,19049
In the Bosom of a Thorn,19050
Alelí,19051
Ainu Mosir,19052
Bhai - Vyakti Ki Valli 2,19053
Finding Agnes,19054
Free Rein: Valentine's Day,19055
Daniel Sosa: Maleducado,19056
The App That Stole Christmas,19057
Sanitation Day,19058
Dreamy Eyes,19059
Park Na-rae: Glamour Warning,19060
Crazy Awesome Teachers,19061
The Girl and the Gun,19062
Chico Bon Bon and the Very Berry Holiday,19063
True Tunes,19064
Awon Boyz,19065
In Vitro,19066
El límite infinito,19067
In Paradox,19068
Rakkhosh,19069
Aziza,19070
One Like It,19071
Vir Das: Outside in - The Lockdown Special,19072
The Good Bandit,19073
100% Halal,19074
Marked,19075
Baxu and the Giants,19076
Loving is Losing,19077
Motu Patlu in the Game of Zones,19078
Leyla Everlasting,19079
We Are Legends,19080
My Stupid Boss 2,19081
Fate of Alakada,19082
Sab el-Burumbah,19083
Si Doel the Movie 2,19084
After Maria,19085
Rudra: Secret of the Black Moon,19086
The Wedding Shaman,19087
PNL - Dans la légende tour,19088
Cairo's Class,19089
She Is,19090
Holy Expectations,19091
Nenjamundu Nermaiyundu Odu Raja,19092
The Book of Sun,19093
Go! The Unforgettable Party,19094
The Day I Lost My Shadow,19095
นางสาวก้นครัว,19096
Miranda Sings Live... Your Welcome,19097
Wave of Cinema: Generasi 90an,19098
Story of Kale: When Someone's in Love,19099
Sakaling Maging Tayo,19100
Thottappan,19101
Ibrahim: A Fate to Define,19102
Super Monsters: Santa's Super Monster Helpers,19103
Mighty Little Bheem: Diwali,19104
High End Yaariyaan,19105
Edoardo Ferrario: Temi Caldi,19106
What the Love! with Karan Johar,19107
The Gray Man,19108
Resident Evil,19109
RRR,19110
Sing 2,19111
The Man from Toronto,19112
Persuasion,19113
Hustle,19114
Spiderhead,19115
The Lincoln Lawyer,19116
Man vs. Bee,19117
The Sea Beast,19118
Girl in the Picture,19119
How to Change Your Mind,19120
God's Favorite Idiot,19121
Keep Sweet: Pray and Obey,19122
Incantation,19123
Umma,19124
D.B. Cooper: Where Are You?!,19125
"Boo, Bitch",19126
Operation Mincemeat,19127
Midnight Mass,19128
Inventing Anna,19129
Valley of the Dead,19130
Snowflake Mountain,19131
Bill Burr: Live at Red Rocks,19132
Anatomy of a Scandal,19133
Arcane,19134
Squid Game,19135
Money Heist (Korean Remake),19136
The Adam Project,19137
Heartstopper,19138
Extraordinary Attorney Woo,19139
Pieces of Her,19140
Maid,19141
Don't Look Up,19142
The Power of the Dog,19143
How To Build a Sex Room,19144
"BASTARD‼ -Heavy Metal, Dark Fantasy-",19145
The Longest Night,19146
You Don't Know Me,19147
Blasted,19148
First Kill,19149
"Hello, Goodbye, and Everything in Between",19150
Queen,19151
King of Stonks,19152
Alba,19153
Interceptor,19154
Alchemy of Souls,19155
The Pentaverate,19156
Murderville,19157
Vikings: Valhalla,19158
The Lost Daughter,19159
Uncle From Another World,19160
Shadow and Bone,19161
Kung Fu Panda: The Dragon Knight,19162
"tick, tick... BOOM!",19163
"Web of Make Believe: Death, Lies and the Internet",19164
The Woman in the House Across the Street from the Girl in the Window,19165
Red Notice,19166
Café Minamdang,19167
The Future Of,19168
Archive 81,19169
Stay Close,19170
Pirate Gold of Adak Island,19171
All of Us Are Dead,19172
Our Great National Parks,19173
Resident Evil: Infinite Darkness,19174
Dave Chappelle: What's in a Name?,19175
My Daughter's Killer,19176
Love & Gelato,19177
Apollo 10½:  A Space Age Childhood,19178
The Alpinist,19179
Attack on Pearl Harbor: Minute by Minute,19180
The Mitchells vs. the Machines,19181
Juanpis González - The Series,19182
Borgen - Power & Glory,19183
Spriggan,19184
Sweet Tooth,19185
The Harder They Fall,19186
Major,19187
Behind Her Eyes,19188
Indian Predator: The Butcher of Delhi,19189
Our Father,19190
All American: Homecoming,19191
Lupin,19192
Windfall,19193
Meltdown: Three Mile Island,19194
The Upshaws,19195
Senior Year,19196
Clark,19197
Farzar,19198
Texas Chainsaw Massacre,19199
The Guilty,19200
The Colony,19201
Pacific Rim: The Black,19202
Norm Macdonald: Nothing Special,19203
Inside Job,19204
The Bubble,19205
Iron Chef: Quest for an Iron Legend,19206
First Class,19207
Two Summers,19208
She Would Never Know,19209
The Hand of God,19210
The Hidden Lives of Pets,19211
Dead End: Paranormal Park,19212
For Jojo,19213
The Unforgivable,19214
Bad Vegan: Fame. Fraud. Fugitives.,19215
Cowboy Bebop,19216
The Cuphead Show!,19217
Hellbound,19218
The Best of Netflix Is a Joke: The Festival,19219
Against the Ice,19220
Metal Lords,19221
The Beauty Queen of Jerusalem,19222
Intimacy,19223
Jennifer Lopez:  Halftime,19224
In from the Cold,19225
Brand New Cherry Flavor,19226
Anek,19227
The G Word with Adam Conover,19228
Ricky Gervais: SuperNature,19229
Beauty,19230
Fear Street: Part One - 1994,19231
Sex/Life,19232
Who We Are: A Chronicle of Racism in America,19233
Bo Burnham: Inside,19234
Av: The Hunt,19235
True Story,19236
The Guardians of Justice,19237
Gunpowder Milkshake,19238
Bubble,19239
Passing,19240
Munich: The Edge of War,19241
Clickbait,19242
Murder Among the Mormons,19243
Wrong Side of the Tracks,19244
Army of Thieves,19245
Love on the Spectrum U.S.,19246
Komi Can't Communicate,19247
The Silent Sea,19248
The Chestnut Man,19249
Firefly Lane,19250
The Weekend Away,19251
Jackass 4.5,19252
A Perfect Pairing,19253
Cristela Alonzo: Middle Classy,19254
Army of the Dead,19255
Downfall: The Case Against Boeing,19256
Rescued by Ruby,19257
Black Crab,19258
14 Peaks: Nothing Is Impossible,19259
The 7 Lives of Lea,19260
Bigbug,19261
Image of Victory,19262
Choose or Die,19263
Kate,19264
The Dig,19265
The Chair,19266
Attenborough's Life in Colour,19267
Bill Burr Presents: Friends Who Kill,19268
Hurts Like Hell,19269
Till Death,19270
Fear Street: Part Two - 1978,19271
Fatherhood,19272
The Serpent,19273
White Hot: The Rise & Fall of Abercrombie & Fitch,19274
jeen-yuhs,19275
Turning Point: 9/11 and the War on Terror,19276
The Perfect Mother,19277
Coming Home in the Dark,19278
Too Old for Fairy Tales,19279
Human Resources,19280
Long Story Short,19281
My Name,19282
The Sparks Brothers,19283
The Shadow in My Eye,19284
Dave Chappelle: The Closer,19285
No One Gets Out Alive,19286
Welcome to Eden,19287
Maya and the Three,19288
The Vault,19289
The Andy Warhol Diaries,19290
The Tinder Swindler,19291
The Martha Mitchell Effect,19292
Who Killed Sara?,19293
Under the Amalfi Sun,19294
Young Royals,19295
Halston,19296
Oxygen,19297
Anxious People,19298
Last Man Down,19299
The Trip,19300
The Woman in the Window,19301
Jupiter's Legacy,19302
365 Days: This Day,19303
Hold Tight,19304
Aftermath,19305
Chickenhare and the Hamster of Darkness,19306
The Innocent,19307
Toscana,19308
Home Team,19309
Live Is Life,19310
The White Tiger,19311
Yakamoz S-245,19312
Hit & Run,19313
Midnight at the Pera Palace,19314
The Puppet Master: Hunting the Ultimate Conman,19315
Captain Nova,19316
Outlaws,19317
Hypnotic,19318
VOIR,19319
Return to Space,19320
Business Proposal,19321
Along for the Ride,19322
Worth,19323
The Starling,19324
The Ice Road,19325
Remarriage & Desires,19326
Fate: The Winx Saga,19327
Back to the Outback,19328
Masters of the Universe: Revelation,19329
After We Fell,19330
Gabby's Dollhouse,19331
Tomorrow,19332
Jewel,19333
Heist,19334
Centauro,19335
Zone 414,19336
My Liberation Notes,19337
Feria: The Darkest Light,19338
Surviving Summer,19339
The Wrath of God,19340
The Principles of Pleasure,19341
The Mystery of Marilyn Monroe: The Unheard Tapes,19342
Yes Day,19343
Ante... Sundaraniki!,19344
Night Stalker: The Hunt for a Serial Killer,19345
"Bob Ross: Happy Accidents, Betrayal & Greed",19346
How to Become a Tyrant,19347
Cracow Monsters,19348
Bhool Bhulaiyaa 2,19349
Worst Roommate Ever,19350
Glamour Girls,19351
Gladbeck: The Hostage Crisis,19352
Peter Rabbit 2: The Runaway,19353
Change Days,19354
Vampire in the Garden,19355
Joel Kim Booster: Psychosexual,19356
Ginny & Georgia,19357
Beast,19358
The Last Letter From Your Lover,19359
Conversations with a Killer: The John Wayne Gacy Tapes,19360
Catching Killers,19361
Chosen,19362
Final Account,19363
Country Queen,19364
Things Heard & Seen,19365
Vivo,19366
Is It Cake?,19367
The Girl from Oslo,19368
The Way of the Househusband,19369
Twenty Five Twenty One,19370
The Billion Dollar Code,19371
My Little Pony: A New Generation,19372
No Regrets In Life,19373
Fistful of Vengeance,19374
Restless,19375
Glória,19376
Blood Red Sky,19377
The One,19378
Fear Street: 1666,19379
The Witcher: Nightmare of the Wolf,19380
Gangubai Kathiawadi,19381
Godse,19382
Hard Cell,19383
Malcolm & Marie,19384
Brazen,19385
Gone for Good,19386
This Is a Robbery: The World's Biggest Art Heist,19387
Space Sweepers,19388
The Lovebirds,19389
Crime Scene: The Vanishing at the Cecil Hotel,19390
Trust No One: The Hunt for the Crypto King,19391
Record of Ragnarok,19392
Borrego,19393
Jimmy Savile: A British Horror Story,19394
Intrusion,19395
Count Me In,19396
Nightbooks,19397
Through My Window,19398
Cocaine Cowboys: The Kings of Miami,19399
My Wonderful Life,19400
Taylor Tomlinson: Look at You,19401
The Marked Heart,19402
New Heights,19403
Life After Death with Tyler Henry,19404
That’s My Time with David Letterman,19405
Pretend It's a City,19406
The Takedown,19407
Q-Force,19408
The Summit of the Gods,19409
Love Hard,19410
Pete Davidson Presents: The Best Friends,19411
That Girl Lay Lay,19412
The Pirates: The Last Royal Treasure,19413
Blue Period,19414
Kotaro Lives Alone,19415
The Sound of Magic,19416
Beckett,19417
Jim Gaffigan: Comedy Monster,19418
The Block Island Sound,19419
Baki Hanma,19420
Night Teeth,19421
Super Crooks,19422
David A. Arnold: It Ain't for the Weak,19423
Our Beloved Summer,19424
Cosmic Sin,19425
Cyber Hell: Exposing an Internet Horror,19426
"Mom, Don't Do That!",19427
America: The Motion Picture,19428
Like A Rolling Stone: The Life & Times of Ben Fong-Torres,19429
SAS: Red Notice,19430
Vincenzo,19431
Tyler Perry's A Madea Homecoming,19432
The God Committee,19433
Thunder Force,19434
Sophie: A Murder in West Cork,19435
Dangerous Liaisons,19436
He-Man and the Masters of the Universe,19437
Awake,19438
Amy Schumer Presents: Parental Advisory,19439
The Ultimatum: Marry or Move On,19440
Katla,19441
The Last Bus,19442
7 Prisoners,19443
Tear Along the Dotted Line,19444
He's All That,19445
Pretty Guardians Sailor Moon Eternal The Movie,19446
Robin Robin,19447
Prayers for the Stolen,19448
Aziz Ansari: Nightclub Comedian,19449
Kuttavum Shikshayum,19450
Jump Like a Witch,19451
Trese,19452
WWII in Color: Road to Victory,19453
The House,19454
The Royal Treatment,19455
Schumacher,19456
There's Someone Inside Your House,19457
Animal,19458
Stowaway,19459
Hometown Cha-Cha-Cha,19460
Ali Wong: Don Wong,19461
Jimmy Carr: His Dark Material,19462
History of Swear Words,19463
Ganglands,19464
Paul Virzi: Nocturnal Admissions,19465
Sweet Girl,19466
DOTA: Dragon's Blood,19467
Minnal Murali,19468
Falling Into Your Smile,19469
The Cook of Castamar,19470
High-Rise Invasion,19471
Seaspiracy,19472
Viraata Parvam,19473
Making Fun,19474
Collision,19475
Operation Romeo,19476
Angry Birds: Summer Madness,19477
Pray Away,19478
Moxie,19479
School of Chocolate,19480
Wish Dragon,19481
Silverton Siege,19482
Jaadugar,19483
Good on Paper,19484
Finding ʻOhana,19485
Bruised,19486
Green Snake,19487
Hilda and the Mountain King,19488
Our Blues,19489
As the Crow Flies,19490
The Raincoat Killer: Chasing a Predator in Korea,19491
Countdown: Inspiration4 Mission to Space,19492
Procession,19493
Diana: The Musical,19494
Ben & Jody,19495
Bling Empire,19496
The Wasteland,19497
David Spade: Nothing Personal,19498
High on the Hog: How African American Cuisine Transformed America,19499
Standing Up,19500
Shiny_Flakes: The Teenage Drug Lord,19501
Monsters Inside: The 24 Faces of Billy Milligan,19502
Power Rangers Dino Fury,19503
Pretty Smart,19504
Beyond Evil,19505
Forecasting Love and Weather,19506
A Cop Movie,19507
"Money, Explained",19508
Rebelde,19509
Untold: Malice at the Palace,19510
On the Verge,19511
Django & Django,19512
A Classic Horror Story,19513
Colin in Black & White,19514
Photocopier,19515
The Club,19516
Afterlife of the Party,19517
Tribes of Europa,19518
F3: Fun and Frustration,19519
Blippi Wonders,19520
Shaman King,19521
42 Days of Darkness,19522
A Farewell to Ozark,19523
Stand Out: An LGBTQ+ Celebration,19524
Welcome to Wedding Hell,19525
The Journalist,19526
Dirty Daddy: The Bob Saget Tribute,19527
Bulgasal: Immortal Souls,19528
House of Secrets: The Burari Deaths,19529
Riverdance: The Animated Adventure,19530
Thermae Romae Novae,19531
Mandela,19532
My Best Friend Anne Frank,19533
Thar,19534
An astrological guide for broken hearts,19535
Centaurworld,19536
Without Saying Goodbye,19537
Kingdom: Ashin of the North,19538
My Father's Violin,19539
Tiger King: The Doc Antle Story,19540
Love and Leashes,19541
Amend: The Fight for America,19542
Juvenile Justice,19543
The Irregulars,19544
The King's Affection,19545
Invisible City,19546
Marmaduke,19547
Nate Bargatze: The Greatest Average American,19548
The Privilege,19549
The Orbital Children,19550
More the Merrier,19551
My Little Pony: Make Your Mark,19552
Dig Deeper: The Disappearance of Birgit Meier,19553
Trees of Peace,19554
Surviving Death,19555
Two Distant Strangers,19556
Baby Fever,19557
Who Rules The World,19558
Badhaai Do,19559
Jane Fonda & Lily Tomlin: Ladies Night Live,19560
Mixtape,19561
Getting Curious with Jonathan Van Ness,19562
The Sons of Sam: A Descent Into Darkness,19563
Open Your Eyes,19564
Britney vs. Spears,19565
Spycraft,19566
Deadly Illusions,19567
Bullsh*t the Game Show,19568
Ranveer vs Wild with Bear Grylls,19569
Dear Friend,19570
Marilyn's Eyes,19571
Prey,19572
Misha and the Wolves,19573
EDENS ZERO,19574
The Kissing Booth 3,19575
Sisyphus,19576
Baking Impossible,19577
The Loud House Movie,19578
Inspector Koo,19579
Fever Dream,19580
Blue Miracle,19581
Home2Home,19582
Misfit: The Series,19583
The Lost Pirate Kingdom,19584
Green Mothers' Club,19585
83,19586
Bad Sport,19587
Rurouni Kenshin: The Beginning,19588
Honeymoon With My Mother,19589
Mr. Good: Cop or Crook?,19590
Death to 2021,19591
"Vengeance Is Mine, All Others Pay Cash",19592
Rhythm + Flow France,19593
The Getaway King,19594
Yaksha: Ruthless Operations,19595
Outside the Wire,19596
Civil: Ben Crump,19597
Saturday Morning All Star Hits!,19598
The Minimalists: Less Is Now,19599
The Devil Below,19600
The Seventh Day,19601
Yasuke,19602
Chicago Party Aunt,19603
Thirty-Nine,19604
Sky Rojo,19605
Money Heist: From Tokyo to Berlin,19606
Extinct,19607
The Fable: The Killer Who Doesn't Kill,19608
Rurouni Kenshin: The Final,19609
Headspace Guide to Meditation,19610
Bruna Louise: Demolition,19611
Mine,19612
"Sex, Love & Goop",19613
Love is Blind: Japan,19614
Prophetess,19615
Generation 56K,19616
To All the Boys: Always and Forever,19617
Elves,19618
100 días con la Tata,19619
Sexy Beasts,19620
Aileen Wuornos: American Boogeywoman,19621
Tall Girl 2,19622
Insiders,19623
Top Secret UFO Projects: Declassified,19624
Dirty Lines,19625
Nobody Sleeps in the Woods Tonight 2,19626
Crime Scene: The Times Square Killer,19627
Chip and Potato: Chip's Holiday,19628
Samurai Rabbit: The Usagi Chronicles,19629
Sharkdog,19630
"Nevertheless,",19631
A Week Away,19632
Eden,19633
Last Chance U: Basketball,19634
Jana Gana Mana,19635
Snabba Cash,19636
Single All the Way,19637
Dhamaka,19638
Back to 15,19639
The River Runner,19640
Monster,19641
Never Back Down: Revolt,19642
Aranyak,19643
"Devotion, a Story of Love and Desire",19644
Untold: Breaking Point,19645
Post Mortem: No One Dies in Skarnes,19646
D.P.,19647
Heart Parade,19648
Pelé,19649
Move to Heaven,19650
Heirs to the Land,19651
Grudge,19652
A Sinister Sect: Colonia Dignidad,19653
Brian Regan: On the Rocks,19654
Penguin Bloom,19655
Rita Moreno: Just a Girl Who Decided to Go for It,19656
I Am Georgina,19657
Wild Babies,19658
Jaguar,19659
Coming Out Colton,19660
Operation Varsity Blues: The College Admissions Scandal,19661
The Motive,19662
A Stand Worthy of Men,19663
Furioza,19664
Four to Dinner,19665
Seal Team,19666
Most Eligible Bachelor,19667
Katt Williams: World War III,19668
Lead Me Home,19669
Godzilla Singular Point,19670
Snoop Dogg's F*cn Around Comedy Special,19671
Shaun the Sheep: The Flight Before Christmas,19672
JAPAN SINKS: People of Hope,19673
The Invisible Thread,19674
Mobile Suit Gundam Hathaway,19675
AI Love You,19676
The Life and Movies of Erşan Kuneri,19677
Audible,19678
This Is Pop,19679
Maldivas,19680
The Hall: Honoring the Greats of Stand-Up,19681
Summer Heat,19682
Why Are You Like This?,19683
Neymar: The Perfect Chaos,19684
Hurdang,19685
The Turning Point,19686
Sentinelle,19687
Dive Club,19688
Stuck Together,19689
F*ck Love Too,19690
Vicky and Her Mystery,19691
Elite Short Stories: Guzmán Caye Rebe,19692
Trivia Quest,19693
"From Meir, to Meir",19694
Queer Eye Germany,19695
Attack of the Hollywood Clichés!,19696
Alessandro Cattelan: One Simple Question,19697
The War Next-door,19698
Navillera,19699
Once Upon a Time... Happily Never After,19700
The Unlikely Murderer,19701
Game Changer,19702
Kid Cosmic,19703
Murder by the Coast,19704
Chappelle's Home Team - Earthquake: Legendary,19705
The Boss Baby: Back in the Crib,19706
The 8th Night,19707
Ferry,19708
Blown Away: Christmas,19709
Feels Like Ishq,19710
The Trip 6,19711
Radhe Shyam,19712
The World's Most Amazing Vacation Rentals,19713
Thomas & Friends: All Engines Go!,19714
Headspace Guide to Sleep,19715
A Boy Called Christmas,19716
Lellobee City Farm,19717
Jeff Foxworthy: The Good Old Days,19718
Penguin Town,19719
Karma's World,19720
Dogs in Space,19721
The Taming of the Shrewd,19722
Operation Hyacinth,19723
The Perfect Family,19724
Sooryavanshi,19725
Elite Short Stories: Phillipe Caye Felipe,19726
Adventure Beast,19727
Midnight Asia: Eat · Dance · Dream,19728
Until Life Do Us Part,19729
Elite Short Stories: Patrick,19730
The Parisian Agency: Exclusive Properties,19731
CBI 5: The Brain,19732
Elite Short Stories: Omar Ander Alexis,19733
L.O.L. Surprise: The Movie,19734
Making The Billion Dollar Code,19735
Hype House,19736
Skater Girl,19737
Kitz,19738
I Need Romance,19739
The Five Juanas,19740
Found,19741
The Crew,19742
The Time It Takes,19743
Rabbids Invasion - Mission To Mars,19744
Elite Short Stories: Carla Samuel,19745
Luna Park,19746
Savage Beauty,19747
The Falls,19748
Yara,19749
Selling Tampa,19750
Age of Samurai: Battle for Japan,19751
Nicole Byer: BBW (Big Beautiful Weirdo),19752
Octonauts: Above & Beyond,19753
Cobalt Blue,19754
This Is the Night,19755
Yeh Kaali Kaali Ankhein,19756
Love (ft. Marriage and Divorce),19757
Don't Kill Me,19758
A Castle for Christmas,19759
Zero Chill,19760
I Am All Girls,19761
Titletown High,19762
Mad for Each Other,19763
Country Comfort,19764
Sea Power,19765
Sounds Like Love,19766
Ride or Die,19767
Thomas & Friends: All Engines Go - Race for the Sodor Cup,19768
Hei$t: The Great Robbery of Brazil's Central Bank,19769
Jersey,19770
The Girl on the Train,19771
Decoupled,19772
Elite Short Stories: Nadia Guzmán,19773
Pui Pui Molcar,19774
Cat People,19775
Sparking Joy with Marie Kondo,19776
Cousins,19777
Oprah + Viola: A Netflix Special Event,19778
Deep,19779
The Phantom,19780
Taarak Mehta Kka Chhota Chashmah,19781
Elite Short Stories: Samuel Omar,19782
Human: The World Within,19783
Two,19784
City of Ghosts,19785
Transformers: BotBots,19786
Blippi The Musical,19787
Fate: The Winx Saga - The Afterparty,19788
Fatma,19789
Secret Magic Control Agency,19790
"Ada Twist, Scientist",19791
Super PupZ,19792
Cooking With Paris,19793
Go Dog Go,19794
Doom of Love,19795
Breaking Boundaries: The Science of Our Planet,19796
Call My Agent Bollywood,19797
MaveriX,19798
The Witcher: Fireplace,19799
My Unorthodox Life,19800
All Hail,19801
The Kingdom,19802
The Seven Deadly Sins: Cursed by Light,19803
We the People,19804
A Tale Dark & Grimm,19805
Storybots Laugh Learn Sing,19806
Don,19807
Love Is Blind: Brazil,19808
The Last Mercenary,19809
Lulli,19810
Dancing on Glass,19811
"My Brother, My Sister",19812
Je suis Karl,19813
Tattoo Redo,19814
Blood Brothers: Malcolm X & Muhammad Ali,19815
2020,19816
Naomi Osaka,19817
Trollhunters: Rise of the Titans,19818
Amina,19819
Dealer,19820
Mai: A Mother's Rage,19821
Mimi,19822
The Princess Switch 3: Romancing the Star,19823
Looop Lapeta,19824
Anonymously Yours,19825
The Last Forest,19826
Wild Abandon,19827
Rumspringa,19828
Bordertown: The Mural Murders,19829
Soil,19830
Single’s Inferno,19831
The Creature Cases,19832
Christmas Flow,19833
AlRawabi School for Girls,19834
Blood Sisters,19835
Biking Borders - eine etwas andere Reise,19836
Sexify,19837
Ronny Chieng: Speakeasy,19838
Racket Boys,19839
Biggie: I Got a Story to Tell,19840
The Future Diary,19841
Ray,19842
Super Me,19843
The Whole Truth,19844
Jonas Brothers Family Roast,19845
Johnny Test,19846
The Soul,19847
New World,19848
Word of Honor,19849
Daughter from Another Mother,19850
"Sing, Dance, Act: Kabuki featuring Toma Ikuta",19851
40 Love,19852
You Are My Spring,19853
And Tomorrow the Entire World,19854
Johnny Hallyday: Beyond Rock,19855
Eternally Confused and Eager for Love,19856
Zero,19857
Battle Kitty,19858
Major Grom: Plague Doctor,19859
Law School,19860
Anne+,19861
Ajeeb Daastaans,19862
Ridley Jones,19863
"Hello, Me!",19864
Everything Will Be Fine,19865
Dynasty Warriors,19866
Fishbowl Wives,19867
"Barbie: Big City, Big Dreams",19868
Roohi,19869
Barbie: It Takes Two,19870
Let's Fight Ghost,19871
"Love, Life & Everything in Between",19872
Action Pack,19873
Crazy About Her,19874
Confessions of an Invisible Girl,19875
Savage Rhythm,19876
Doctor,19877
Battle: Freestyle,19878
Theo Von: Regular People,19879
800 Meters,19880
Octonauts: The Ring of Fire,19881
Chris Rock Total Blackout: The Tamborine Extended Cut,19882
Montford: The Chickasaw Rancher,19883
Red,19884
Myth and Mogul: John DeLorean,19885
My Love: Six Stories of True Love,19886
Framed! A Sicilian Murder Mystery,19887
Creating The Queen's Gambit,19888
Nayattu,19889
Transformers: War for Cybertron: Kingdom,19890
Ghost in the Shell: SAC_2045 Sustainable War,19891
Hey! Sinamika,19892
Canine Intervention,19893
Christina P: Mom Genes,19894
Memories of a Murderer: The Nilsen Tapes,19895
Heroes: Silence and Rock & Roll,19896
"Fresh, Fried & Crispy",19897
I Heart Arlo,19898
Phil Wang: Philly Philly Wang Wang,19899
Three Songs for Benazir,19900
"Strip Down, Rise Up",19901
Revelations: The Masters of the Universe: Revelation Aftershow,19902
This Little Love of Mine,19903
Bright: Samurai Soul,19904
Last Summer,19905
Elize Matsunaga: Once Upon a Crime,19906
The Snitch Cartel: Origins,19907
40 Years Young,19908
Red Dot,19909
Worn Stories,19910
The Houseboat,19911
"Vendetta: Truth, Lies and The Mafia",19912
Reflection of You,19913
DI4RI,19914
Black Island,19915
Too Hot to Handle: Brazil,19916
Love Tactics,19917
Yuri Marçal: Honest Mistake,19918
Swap Shop,19919
Scaredy Cats,19920
Bridgerton - The Afterparty,19921
Bombay Begums,19922
Paper Lives,19923
The Women and the Murderer,19924
Resort to Love,19925
7 Yards: The Chris Norton Story,19926
UFO,19927
Below Zero,19928
Pedal to Metal,19929
Haunted: Latin America,19930
Child of Kamiari Month,19931
The Secret Diary of an Exchange Student,19932
Making Malinche: A Documentary by Nacho Cano,19933
Russell Howard: Lubricant,19934
Hate by Dani Rovira,19935
Coyotes,19936
The Yin Yang Master,19937
Somos.,19938
Too Hot to Handle: Latino,19939
Remember You,19940
American Girl,19941
Etharkkum Thunindhavan,19942
Man in Love,19943
Dasvi,19944
JJ+E,19945
The Hand of God: Through the Eyes of Sorrentino,19946
Prime Time,19947
Caught by a Wave,19948
Honey Girls,19949
Mishan Impossible,19950
The New Adventures of Oggy,19951
Spoiled Brats,19952
Jiva!,19953
So Not Worth It,19954
Uppena,19955
Xtreme,19956
Metal Shop Masters,19957
Your Life is a Joke,19958
The Four of Us,19959
Light the Night,19960
Latte and the Magic Waterstone,19961
The Fame Game,19962
Squared Love,19963
Why Did You Kill Me?,19964
Security,19965
Motel Makeover,19966
Nail Bomber: Manhunt,19967
"Young, Famous & African",19968
Secrets of Summer,19969
Arlo the Alligator Boy,19970
Where Is Marta?,19971
The Photographer: Murder in Pinamar,19972
The Last Paradiso,19973
50M2,19974
Cobra Kai - The Afterparty,19975
Smother-In-Law,19976
The Father Who Moves Mountains,19977
Forever Out of My League,19978
Hand Rolled Cigarette,19979
Monster Hunter: Legends of the Guild,19980
The Hungry and the Hairy,19981
Homunculus,19982
Searching for Sheela,19983
John of God: The Crimes of a Spiritual Healer,19984
Carnaval,19985
Till Death,19986
Senzo: Murder of a Soccer Star,19987
Barbie & Chelsea: The Lost Birthday,19988
All About Gila,19989
Cinema Bandi,19990
Behind the Scenes With Jane Campion,19991
Just Say Yes,19992
A Family,19993
Baggio: The Divine Ponytail,19994
Asakusa Kid,19995
Sex: Unzipped,19996
Broken Idol: The Undoing of Diomedes Díaz,19997
Twenty Somethings: Austin,19998
This Is Not a Comedy,19999
Camp Confidential: America's Secret Nazis,20000
Race: Bubba Wallace,20001
137 Shots,20002
Toolsidas Junior,20003
Newton's Cradle,20004
Accomplice,20005
Swallow,20006
Jagame Thandhiram,20007
Mike Epps: Indiana Mike,20008
Bake Squad,20009
Get the Grift,20010
How I Fell in Love with a Gangster,20011
Ms. Pat: Y'all Wanna Hear Something Crazy?,20012
Chandigarh Kare Aashiqui,20013
Whindersson Nunes: My Own Show!,20014
Emicida AmarElo Live in Sao Paulo,20015
"Crack: Cocaine, Corruption & Conspiracy",20016
Get the Goat,20017
Autumn Girl,20018
Heart Shot,20019
Hold Your Breath: The Ice Dive,20020
Time,20021
New Gods: Nezha Reborn,20022
Sweet & Sour,20023
Donkeyhead,20024
The Guide to the Perfect Family,20025
The Wonderful: Stories from the Space Station,20026
Waffles + Mochi,20027
Today We Fix the World,20028
The Characters of the Continent,20029
Irul,20030
The Door Into Summer,20031
One Night in Paris,20032
Marriage or Mortgage,20033
Chris Distefano: Speshy Weshy,20034
Haseen Dillruba,20035
Night Drive,20036
The Rational Life,20037
Kuthiraivaal,20038
Only You,20039
Crime Stories: India Detectives,20040
Godspeed,20041
Mommy Issues,20042
Dancing Queens,20043
Double Dad,20044
Into the Wind,20045
A California Christmas: City Lights,20046
Breaded Life,20047
Animals on the Loose: A You vs. Wild Interactive Movie,20048
Amandla,20049
Wish You,20050
Father Christmas Is Back,20051
Lady Boss: The Jackie Collins Story,20052
Meskina,20053
Madame Claude,20054
In for a Murder,20055
Forgive Us Our Trespasses,20056
Larva Pendant,20057
Dad Stop Embarrassing Me!,20058
Trese After Dark,20059
Kurup,20060
Thimmarusu: Assignment Vali,20061
Headspace Unwind you Mind,20062
Just Short of Perfect,20063
Wild Dog,20064
What Would Sophia Loren Do?,20065
One Second,20066
1000 Miles from Christmas,20067
Annaatthe,20068
Stories of a Generation - with Pope Francis,20069
Street Food: USA,20070
Michael Che: Shame the Devil,20071
Pagglait,20072
In Good Hands,20073
In Our Mothers' Gardens,20074
Hostage House,20075
Amy Tan: Unintended Memoir,20076
Tughlaq Durbar,20077
Untold: Caitlyn Jenner,20078
Brave Animated Series,20079
Team Zenko Go,20080
Kadaseela Biriyani,20081
Meenakshi Sundareshwar,20082
The Mystic River,20083
The Big Shot Game Show,20084
Forever Rich,20085
We Couldn't Become Adults,20086
Laabam,20087
Buried by the Bernards,20088
Carlos Ballarta: False Prophet,20089
Surviving Paradise: A Family Tale,20090
Escape the Undertaker,20091
Jailbirds New Orleans,20092
Ghost Lab,20093
Maha Samudram,20094
Hikaru Utada - Live Sessions From Air Studios,20095
Reasonable Doubt: A Tale of Two Kidnappings,20096
The Humans & the Mongoose,20097
Zero to Hero,20098
Glimpses of a Future,20099
The Witcher Season One Recap: From the Beginning,20100
Puff: Wonders of the Reef,20101
Finding Ola,20102
You vs. Wild: Out Cold,20103
Lethal Love,20104
Lords of Scam,20105
The Big Day,20106
Shadow and Bone - The Afterparty,20107
He's Expecting,20108
Love Like the Falling Petals,20109
Aelay,20110
A World Without,20111
The Fastest,20112
Pet Stars,20113
The Guardian,20114
Love Me Instead,20115
The Upshaws - The Afterparty,20116
The Land,20117
One Lagos Night,20118
Cat Burglar,20119
"Nevenka, Breaking The Silence",20120
Sharkdog’s Fintastic Halloween,20121
Creator's File: GOLD,20122
Under Suspicion: Uncovering the Wesphael Case,20123
David and the Elves,20124
Ankahi Kahaniya,20125
11M,20126
Word Party Presents: Math!,20127
Bartkowiak,20128
Magic for Humans Spain,20129
The House of Flowers: The Movie,20130
"Michela Giraud: The Truth, I Swear!",20131
The Last Kids on Earth: Happy Apocalypse to You,20132
Plastic Island,20133
냉면 랩소디,20134
Story of Dinda: Second Chance of Happiness,20135
Carolin Kebekus: The Last Christmas Special,20136
The Misadventures of Hedi and Cokeman,20137
The Ingenuity of the Househusband,20138
Still Out of My League,20139
Cem Yılmaz: Diamond Elite Platinum Plus,20140
The Crime,20141
Love or Money,20142
Sardar Ka Grandson,20143
Sarbath,20144
Dolly Parton: A MusiCares Tribute,20145
Bangkok Breaking,20146
Tony Parker: The Final Shot,20147
Masameer County,20148
Sisters on Track,20149
Shyam Singha Roy,20150
Kayko and Kokosh,20151
Blue Dream: The Road to Wembley,20152
Paik's Spirit,20153
Private Network: Who Killed Manuel Buendía?,20154
Mo Gilligan: There's Mo to Life,20155
Navarasa,20156
Johnny Test's Ultimate Meatloaf Quest,20157
Have You Ever Seen Fireflies?,20158
Mo Amer: Mohammed in Texas,20159
Kapil Sharma: I'm Not Done Yet,20160
Grumpy Christmas,20161
A StoryBots Space Adventure,20162
African America,20163
Daiki Tsuneta: Tokyo Chaotic,20164
Will You Marry?,20165
Trapped,20166
Haroun,20167
How to Be A Cowboy,20168
Brother in Love 2,20169
Abla Fahita: Drama Queen,20170
Angèle,20171
Boomika,20172
Byron Baes,20173
Bankrolled,20174
June & Kopi,20175
Adam by Eve: A Live in Animation,20176
Here and There,20177
Mughizh,20178
Time to Dance,20179
Erax,20180
Love Is Color Blind,20181
Love Never Lies,20182
Shadow Parties,20183
Connected,20184
Sam Smith: Love Goes – Live at Abbey Road Studios,20185
Ayinla,20186
Loyiso Gola: Unlearning,20187
A Perfect Fit,20188
African Knock Out Show,20189
Ali & Ratu Ratu Queens,20190
Quarantine Tales,20191
D.O.D.: Day of Destiny,20192
Meeting Point,20193
StarBeam: Beaming in the New Year,20194
Trippin’ with the Kandasamys,20195
Chief Daddy 2: Going for Broke,20196
The Wedding Coach,20197
Only Jokes Allowed,20198
Edis Starlight,20199
Clash,20200
Tribhanga,20201
Ginny & Georgia - The Afterparty,20202
My Heroes Were Cowboys,20203
Alan Saldaña: Locked Up,20204
Mad Crazy Colombian Comedians,20205
Slay,20206
Gatao: The Last Stray,20207
Madam Chief Minister,20208
Binti,20209
Myriam Fares: The Journey,20210
Convergence: Courage in a Crisis,20211
The Circle: The Afterparty,20212
Stuck Apart,20213
We Are: The Brooklyn Saints,20214
Plastic Cup Boyz: Laughing My Mask Off!,20215
"Let's Tie the Knot, Honey!",20216
Upcoming Summer,20217
"Rodrigo Sant'anna: I'm Here, I'm Queer!",20218
Little Big Mouth,20219
30 March,20220
A Naija Christmas,20221
"Our Lady of San Juan, Four Centuries of Miracles",20222
Social Man,20223
Celeb Five: Behind the Curtain,20224
Just in Time,20225
Izla,20226
Lokillo: Nothing's the Same,20227
Lee Su-geun: The Sense Coach,20228
Soy Rada: Serendipity,20229
Geez & Ann,20230
Dearest Boy,20231
Alma Matters: Inside the IIT Dream,20232
Tersanjung: The Movie,20233
Kaaval,20234
The Tambour of Retribution,20235
Devdas Brothers,20236
What Happened to Mr Cha?,20237
The Heartbreak Club,20238
Lava Ka Dhaava,20239
Angeliena,20240
The Family That Sings Together: The Camargos,20241
Layla Majnun,20242
Let's Eat,20243
Pitta Kathalu,20244
Tuesdays And Fridays,20245
HQ Barbers,20246
A Faraway Land,20247
I Missed You,20248
My Amanda,20249
Momshies! Your Soul is Mine,20250
Happiness Ever After,20251
Kongsi Raya,20252
Sun of the Soil,20253
Princess 'Daya'Reese,20254
Super Monsters: Once Upon a Rhyme,20255
My Bride,20256
Bling Empire - The Afterparty,20257
Fine Wine,20258
C/O Kaadhal,20259
Lokillo,20260
Dad Stop Embarrassing Me - The Afterparty,20261
Mighty Little Bheem: Kite Festival,20262
